Phase,Species,SpeciesID,Week,Weight_g,Porometer,PercentBrown,Dead
1,PIED,PIED01,1.0,760,156,10,alive
1,PIED,PIED01,1.5,NA,NA,10,alive
1,PIED,PIED01,10.0,616,114,10,alive
1,PIED,PIED01,10.5,NA,NA,10,alive
1,PIED,PIED01,11.0,602,181.7,10,alive
1,PIED,PIED01,11.5,NA,NA,10,alive
1,PIED,PIED01,12.0,518,161.3,10,alive
1,PIED,PIED01,12.5,NA,NA,10,alive
1,PIED,PIED01,13.0,551,131.6,10,alive
1,PIED,PIED01,13.5,NA,NA,10,alive
1,PIED,PIED01,14.0,465,223.2,10,alive
1,PIED,PIED01,14.5,NA,NA,10,alive
1,PIED,PIED01,15.0,517,170,10,alive
1,PIED,PIED01,15.5,NA,NA,10,alive
1,PIED,PIED01,16.0,445,173.4,10,alive
1,PIED,PIED01,16.5,NA,NA,10,alive
1,PIED,PIED01,17.0,449,178.8,10,alive
1,PIED,PIED01,17.5,NA,NA,10,alive
1,PIED,PIED01,18.0,NA,53,NA,alive
1,PIED,PIED01,18.5,NA,NA,10,alive
1,PIED,PIED01,19.0,481,NA,10,alive
1,PIED,PIED01,19.5,NA,NA,10,alive
1,PIED,PIED01,2.0,752,162,10,alive
1,PIED,PIED01,2.5,NA,NA,10,alive
1,PIED,PIED01,20.0,432,NA,10,alive
1,PIED,PIED01,20.5,NA,NA,10,alive
1,PIED,PIED01,21.0,504,200.4,10,alive
1,PIED,PIED01,21.5,NA,NA,NA,alive
1,PIED,PIED01,22.0,422,NA,NA,alive
1,PIED,PIED01,22.5,NA,NA,25,alive
1,PIED,PIED01,3.0,709,229.3,10,alive
1,PIED,PIED01,3.5,NA,NA,10,alive
1,PIED,PIED01,4.0,661,NA,10,alive
1,PIED,PIED01,4.5,NA,NA,10,alive
1,PIED,PIED01,5.0,675,140.5,10,alive
1,PIED,PIED01,5.5,NA,NA,10,alive
1,PIED,PIED01,6.0,629,95.2,10,alive
1,PIED,PIED01,6.5,NA,NA,10,alive
1,PIED,PIED01,7.0,679,93.9,10,alive
1,PIED,PIED01,7.5,NA,NA,10,alive
1,PIED,PIED01,8.0,587,103.9,10,alive
1,PIED,PIED01,8.5,NA,NA,10,alive
1,PIED,PIED01,9.0,657,76.6,10,alive
1,PIED,PIED01,9.5,NA,NA,NA,alive
1,PIED,PIED02,1.0,794,NA,10,alive
1,PIED,PIED02,1.5,NA,NA,25,alive
1,PIED,PIED02,10.0,440,NA,25,alive
1,PIED,PIED02,10.5,NA,NA,25,alive
1,PIED,PIED02,11.0,430,NA,25,alive
1,PIED,PIED02,11.5,NA,NA,25,alive
1,PIED,PIED02,12.0,424,NA,25,alive
1,PIED,PIED02,12.5,NA,NA,50,alive
1,PIED,PIED02,13.0,420,NA,50,alive
1,PIED,PIED02,13.5,NA,NA,50,alive
1,PIED,PIED02,14.0,418,NA,50,alive
1,PIED,PIED02,14.5,NA,NA,75,alive
1,PIED,PIED02,15.0,418,NA,75,dead
1,PIED,PIED02,15.5,NA,NA,90,dead
1,PIED,PIED02,16.0,417,NA,90,dead
1,PIED,PIED02,16.5,NA,NA,75,dead
1,PIED,PIED02,17.0,416,NA,90,dead
1,PIED,PIED02,17.5,NA,NA,NA,dead
1,PIED,PIED02,18.0,NA,NA,NA,dead
1,PIED,PIED02,18.5,NA,NA,NA,dead
1,PIED,PIED02,19.0,NA,NA,NA,dead
1,PIED,PIED02,19.5,NA,NA,NA,dead
1,PIED,PIED02,2.0,763,NA,10,alive
1,PIED,PIED02,2.5,NA,NA,10,alive
1,PIED,PIED02,20.0,NA,NA,NA,dead
1,PIED,PIED02,20.5,NA,NA,NA,dead
1,PIED,PIED02,21.0,NA,NA,NA,dead
1,PIED,PIED02,21.5,NA,NA,NA,dead
1,PIED,PIED02,22.0,NA,NA,NA,dead
1,PIED,PIED02,22.5,NA,NA,NA,dead
1,PIED,PIED02,3.0,716,NA,10,alive
1,PIED,PIED02,3.5,NA,NA,25,alive
1,PIED,PIED02,4.0,643,NA,25,alive
1,PIED,PIED02,4.5,NA,NA,25,alive
1,PIED,PIED02,5.0,561,NA,25,alive
1,PIED,PIED02,5.5,NA,NA,25,alive
1,PIED,PIED02,6.0,524,NA,25,alive
1,PIED,PIED02,6.5,NA,NA,25,alive
1,PIED,PIED02,7.0,484,NA,25,alive
1,PIED,PIED02,7.5,NA,NA,25,alive
1,PIED,PIED02,8.0,459,NA,25,alive
1,PIED,PIED02,8.5,NA,NA,25,alive
1,PIED,PIED02,9.0,449,NA,25,alive
1,PIED,PIED02,9.5,NA,NA,NA,alive
1,PIED,PIED03,1.0,746,60.3,10,alive
1,PIED,PIED03,1.5,NA,NA,10,alive
1,PIED,PIED03,10.0,410,59,10,alive
1,PIED,PIED03,10.5,NA,NA,10,alive
1,PIED,PIED03,11.0,398,54.9,10,alive
1,PIED,PIED03,11.5,NA,NA,10,alive
1,PIED,PIED03,12.0,389,66,25,alive
1,PIED,PIED03,12.5,NA,NA,25,alive
1,PIED,PIED03,13.0,379,51.1,10,alive
1,PIED,PIED03,13.5,NA,NA,25,alive
1,PIED,PIED03,14.0,374,68.9,25,alive
1,PIED,PIED03,14.5,NA,NA,25,alive
1,PIED,PIED03,15.0,372,64.3,75,dead
1,PIED,PIED03,15.5,NA,NA,50,dead
1,PIED,PIED03,16.0,370,57.8,50,dead
1,PIED,PIED03,16.5,NA,NA,50,dead
1,PIED,PIED03,17.0,369,101.4,75,dead
1,PIED,PIED03,17.5,NA,NA,50,dead
1,PIED,PIED03,18.0,NA,NA,NA,dead
1,PIED,PIED03,18.5,NA,NA,75,dead
1,PIED,PIED03,19.0,370,NA,75,dead
1,PIED,PIED03,19.5,NA,NA,75,dead
1,PIED,PIED03,2.0,724,200.1,10,alive
1,PIED,PIED03,2.5,NA,NA,10,alive
1,PIED,PIED03,20.0,368,NA,75,dead
1,PIED,PIED03,20.5,NA,NA,75,dead
1,PIED,PIED03,21.0,NA,NA,NA,dead
1,PIED,PIED03,21.5,NA,NA,NA,dead
1,PIED,PIED03,22.0,NA,NA,NA,dead
1,PIED,PIED03,22.5,NA,NA,NA,dead
1,PIED,PIED03,3.0,690,133.8,10,alive
1,PIED,PIED03,3.5,NA,NA,10,alive
1,PIED,PIED03,4.0,636,198,10,alive
1,PIED,PIED03,4.5,NA,NA,10,alive
1,PIED,PIED03,5.0,582,96.1,10,alive
1,PIED,PIED03,5.5,NA,NA,10,alive
1,PIED,PIED03,6.0,545,85.7,10,alive
1,PIED,PIED03,6.5,NA,NA,25,alive
1,PIED,PIED03,7.0,510,124,10,alive
1,PIED,PIED03,7.5,NA,NA,10,alive
1,PIED,PIED03,8.0,453,123.4,10,alive
1,PIED,PIED03,8.5,NA,NA,10,alive
1,PIED,PIED03,9.0,429,55,10,alive
1,PIED,PIED03,9.5,NA,NA,NA,alive
1,PIED,PIED04,1.0,798,232.4,25,alive
1,PIED,PIED04,1.5,NA,NA,25,alive
1,PIED,PIED04,10.0,439,55.4,50,alive
1,PIED,PIED04,10.5,NA,NA,25,alive
1,PIED,PIED04,11.0,434,50.9,25,alive
1,PIED,PIED04,11.5,NA,NA,50,alive
1,PIED,PIED04,12.0,432,56.1,50,dead
1,PIED,PIED04,12.5,NA,NA,75,dead
1,PIED,PIED04,13.0,431,49.7,75,dead
1,PIED,PIED04,13.5,NA,NA,75,dead
1,PIED,PIED04,14.0,429,64.7,90,dead
1,PIED,PIED04,14.5,NA,NA,NA,dead
1,PIED,PIED04,15.0,NA,NA,NA,dead
1,PIED,PIED04,15.5,NA,NA,NA,dead
1,PIED,PIED04,16.0,NA,NA,NA,dead
1,PIED,PIED04,16.5,NA,NA,NA,dead
1,PIED,PIED04,17.0,NA,NA,NA,dead
1,PIED,PIED04,17.5,NA,NA,NA,dead
1,PIED,PIED04,18.0,NA,NA,NA,dead
1,PIED,PIED04,18.5,NA,NA,NA,dead
1,PIED,PIED04,19.0,NA,NA,NA,dead
1,PIED,PIED04,19.5,NA,NA,NA,dead
1,PIED,PIED04,2.0,753,344.1,10,alive
1,PIED,PIED04,2.5,NA,NA,10,alive
1,PIED,PIED04,20.0,NA,NA,NA,dead
1,PIED,PIED04,20.5,NA,NA,NA,dead
1,PIED,PIED04,21.0,NA,NA,NA,dead
1,PIED,PIED04,21.5,NA,NA,NA,dead
1,PIED,PIED04,22.0,NA,NA,NA,dead
1,PIED,PIED04,22.5,NA,NA,NA,dead
1,PIED,PIED04,3.0,709,369.1,10,alive
1,PIED,PIED04,3.5,NA,NA,25,alive
1,PIED,PIED04,4.0,654,410.9,25,alive
1,PIED,PIED04,4.5,NA,NA,25,alive
1,PIED,PIED04,5.0,581,354.7,25,alive
1,PIED,PIED04,5.5,NA,NA,25,alive
1,PIED,PIED04,6.0,549,122.5,25,alive
1,PIED,PIED04,6.5,NA,NA,25,alive
1,PIED,PIED04,7.0,503,180,25,alive
1,PIED,PIED04,7.5,NA,NA,25,alive
1,PIED,PIED04,8.0,463,46.8,25,alive
1,PIED,PIED04,8.5,NA,NA,25,alive
1,PIED,PIED04,9.0,454,47.2,25,alive
1,PIED,PIED04,9.5,NA,NA,NA,alive
1,PIED,PIED05,1.0,803,NA,10,alive
1,PIED,PIED05,1.5,NA,NA,10,alive
1,PIED,PIED05,10.0,437,NA,10,alive
1,PIED,PIED05,10.5,NA,NA,10,alive
1,PIED,PIED05,11.0,422,NA,10,alive
1,PIED,PIED05,11.5,NA,NA,25,alive
1,PIED,PIED05,12.0,412,NA,25,alive
1,PIED,PIED05,12.5,NA,NA,25,alive
1,PIED,PIED05,13.0,399,NA,10,alive
1,PIED,PIED05,13.5,NA,NA,25,alive
1,PIED,PIED05,14.0,394,NA,25,alive
1,PIED,PIED05,14.5,NA,NA,25,alive
1,PIED,PIED05,15.0,392,NA,50,alive
1,PIED,PIED05,15.5,NA,NA,50,alive
1,PIED,PIED05,16.0,390,NA,75,dead
1,PIED,PIED05,16.5,NA,NA,75,dead
1,PIED,PIED05,17.0,390,NA,75,dead
1,PIED,PIED05,17.5,NA,NA,75,dead
1,PIED,PIED05,18.0,NA,NA,NA,dead
1,PIED,PIED05,18.5,NA,NA,90,dead
1,PIED,PIED05,19.0,NA,NA,90,dead
1,PIED,PIED05,19.5,NA,NA,90,dead
1,PIED,PIED05,2.0,783,NA,10,alive
1,PIED,PIED05,2.5,NA,NA,10,alive
1,PIED,PIED05,20.0,NA,NA,90,dead
1,PIED,PIED05,20.5,NA,NA,NA,dead
1,PIED,PIED05,21.0,NA,NA,NA,dead
1,PIED,PIED05,21.5,NA,NA,NA,dead
1,PIED,PIED05,22.0,NA,NA,NA,dead
1,PIED,PIED05,22.5,NA,NA,NA,dead
1,PIED,PIED05,3.0,752,NA,10,alive
1,PIED,PIED05,3.5,NA,NA,10,alive
1,PIED,PIED05,4.0,708,NA,10,alive
1,PIED,PIED05,4.5,NA,NA,10,alive
1,PIED,PIED05,5.0,649,NA,10,alive
1,PIED,PIED05,5.5,NA,NA,10,alive
1,PIED,PIED05,6.0,610,NA,10,alive
1,PIED,PIED05,6.5,NA,NA,10,alive
1,PIED,PIED05,7.0,562,NA,10,alive
1,PIED,PIED05,7.5,NA,NA,25,alive
1,PIED,PIED05,8.0,498,NA,10,alive
1,PIED,PIED05,8.5,NA,NA,10,alive
1,PIED,PIED05,9.0,463,NA,10,alive
1,PIED,PIED05,9.5,NA,NA,NA,alive
1,PIED,PIED06,1.0,821,68.2,25,alive
1,PIED,PIED06,1.5,NA,NA,25,alive
1,PIED,PIED06,10.0,454,85.5,25,alive
1,PIED,PIED06,10.5,NA,NA,25,alive
1,PIED,PIED06,11.0,439,97,25,alive
1,PIED,PIED06,11.5,NA,NA,25,alive
1,PIED,PIED06,12.0,428,54.5,25,alive
1,PIED,PIED06,12.5,NA,NA,25,alive
1,PIED,PIED06,13.0,412,43.7,25,alive
1,PIED,PIED06,13.5,NA,NA,25,alive
1,PIED,PIED06,14.0,407,57.8,50,alive
1,PIED,PIED06,14.5,NA,NA,25,alive
1,PIED,PIED06,15.0,405,71.1,50,alive
1,PIED,PIED06,15.5,NA,NA,75,dead
1,PIED,PIED06,16.0,403,64.6,50,dead
1,PIED,PIED06,16.5,NA,NA,75,dead
1,PIED,PIED06,17.0,403,98.9,75,dead
1,PIED,PIED06,17.5,NA,NA,50,dead
1,PIED,PIED06,18.0,NA,54,NA,dead
1,PIED,PIED06,18.5,NA,NA,75,dead
1,PIED,PIED06,19.0,NA,NA,75,dead
1,PIED,PIED06,19.5,NA,NA,75,dead
1,PIED,PIED06,2.0,797,228.9,10,alive
1,PIED,PIED06,2.5,NA,NA,10,alive
1,PIED,PIED06,20.0,401,NA,75,dead
1,PIED,PIED06,20.5,NA,NA,90,dead
1,PIED,PIED06,21.0,NA,NA,NA,dead
1,PIED,PIED06,21.5,NA,NA,NA,dead
1,PIED,PIED06,22.0,NA,NA,NA,dead
1,PIED,PIED06,22.5,NA,NA,NA,dead
1,PIED,PIED06,3.0,763,175.3,10,alive
1,PIED,PIED06,3.5,NA,NA,25,alive
1,PIED,PIED06,4.0,725,96.9,10,alive
1,PIED,PIED06,4.5,NA,NA,10,alive
1,PIED,PIED06,5.0,675,176.3,25,alive
1,PIED,PIED06,5.5,NA,NA,25,alive
1,PIED,PIED06,6.0,640,105.8,25,alive
1,PIED,PIED06,6.5,NA,NA,25,alive
1,PIED,PIED06,7.0,590,94.5,10,alive
1,PIED,PIED06,7.5,NA,NA,25,alive
1,PIED,PIED06,8.0,499,72,25,alive
1,PIED,PIED06,8.5,NA,NA,25,alive
1,PIED,PIED06,9.0,478,78.8,25,alive
1,PIED,PIED06,9.5,NA,NA,NA,alive
1,PIED,PIED07,1.0,797,80.3,10,alive
1,PIED,PIED07,1.5,NA,NA,25,alive
1,PIED,PIED07,10.0,454,70.1,25,alive
1,PIED,PIED07,10.5,NA,NA,25,alive
1,PIED,PIED07,11.0,437,58.5,10,alive
1,PIED,PIED07,11.5,NA,NA,25,alive
1,PIED,PIED07,12.0,425,53.6,10,alive
1,PIED,PIED07,12.5,NA,NA,25,alive
1,PIED,PIED07,13.0,413,44.4,25,alive
1,PIED,PIED07,13.5,NA,NA,25,alive
1,PIED,PIED07,14.0,404,55.8,25,alive
1,PIED,PIED07,14.5,NA,NA,50,alive
1,PIED,PIED07,15.0,401,50.5,25,alive
1,PIED,PIED07,15.5,NA,NA,25,alive
1,PIED,PIED07,16.0,399,48.2,50,alive
1,PIED,PIED07,16.5,NA,NA,50,alive
1,PIED,PIED07,17.0,399,77.3,50,alive
1,PIED,PIED07,17.5,NA,NA,50,dead
1,PIED,PIED07,18.0,NA,49.5,NA,dead
1,PIED,PIED07,18.5,NA,NA,50,dead
1,PIED,PIED07,19.0,399,NA,50,dead
1,PIED,PIED07,19.5,NA,NA,75,dead
1,PIED,PIED07,2.0,780,137.1,10,alive
1,PIED,PIED07,2.5,NA,NA,10,alive
1,PIED,PIED07,20.0,397,NA,90,dead
1,PIED,PIED07,20.5,NA,NA,NA,dead
1,PIED,PIED07,21.0,NA,NA,NA,dead
1,PIED,PIED07,21.5,NA,NA,NA,dead
1,PIED,PIED07,22.0,NA,NA,NA,dead
1,PIED,PIED07,22.5,NA,NA,NA,dead
1,PIED,PIED07,3.0,757,128.1,10,alive
1,PIED,PIED07,3.5,NA,NA,10,alive
1,PIED,PIED07,4.0,723,229.2,10,alive
1,PIED,PIED07,4.5,NA,NA,10,alive
1,PIED,PIED07,5.0,680,123.7,25,alive
1,PIED,PIED07,5.5,NA,NA,10,alive
1,PIED,PIED07,6.0,643,94.8,25,alive
1,PIED,PIED07,6.5,NA,NA,25,alive
1,PIED,PIED07,7.0,582,117,10,alive
1,PIED,PIED07,7.5,NA,NA,25,alive
1,PIED,PIED07,8.0,521,196.7,25,alive
1,PIED,PIED07,8.5,NA,NA,25,alive
1,PIED,PIED07,9.0,489,66,25,alive
1,PIED,PIED07,9.5,NA,NA,NA,alive
1,PIED,PIED08,1.0,848,NA,10,alive
1,PIED,PIED08,1.5,NA,NA,10,alive
1,PIED,PIED08,10.0,740,NA,10,alive
1,PIED,PIED08,10.5,NA,NA,10,alive
1,PIED,PIED08,11.0,718,NA,10,alive
1,PIED,PIED08,11.5,NA,NA,25,alive
1,PIED,PIED08,12.0,654,NA,25,alive
1,PIED,PIED08,12.5,NA,NA,25,alive
1,PIED,PIED08,13.0,696,NA,10,alive
1,PIED,PIED08,13.5,NA,NA,25,alive
1,PIED,PIED08,14.0,626,NA,25,alive
1,PIED,PIED08,14.5,NA,NA,25,alive
1,PIED,PIED08,15.0,678,NA,50,alive
1,PIED,PIED08,15.5,NA,NA,50,alive
1,PIED,PIED08,16.0,604,NA,25,alive
1,PIED,PIED08,16.5,NA,NA,50,alive
1,PIED,PIED08,17.0,632,NA,25,alive
1,PIED,PIED08,17.5,NA,NA,25,alive
1,PIED,PIED08,18.0,NA,NA,NA,alive
1,PIED,PIED08,18.5,NA,NA,25,alive
1,PIED,PIED08,19.0,592,NA,25,alive
1,PIED,PIED08,19.5,NA,NA,50,alive
1,PIED,PIED08,2.0,839,NA,10,alive
1,PIED,PIED08,2.5,NA,NA,10,alive
1,PIED,PIED08,20.0,531,NA,50,alive
1,PIED,PIED08,20.5,NA,NA,50,alive
1,PIED,PIED08,21.0,625,NA,50,alive
1,PIED,PIED08,21.5,NA,NA,NA,alive
1,PIED,PIED08,22.0,516,NA,NA,alive
1,PIED,PIED08,22.5,NA,NA,50,alive
1,PIED,PIED08,3.0,817,NA,10,alive
1,PIED,PIED08,3.5,NA,NA,10,alive
1,PIED,PIED08,4.0,787,NA,10,alive
1,PIED,PIED08,4.5,NA,NA,10,alive
1,PIED,PIED08,5.0,799,NA,10,alive
1,PIED,PIED08,5.5,NA,NA,10,alive
1,PIED,PIED08,6.0,764,NA,10,alive
1,PIED,PIED08,6.5,NA,NA,25,alive
1,PIED,PIED08,7.0,780,NA,10,alive
1,PIED,PIED08,7.5,NA,NA,25,alive
1,PIED,PIED08,8.0,714,NA,10,alive
1,PIED,PIED08,8.5,NA,NA,10,alive
1,PIED,PIED08,9.0,753,NA,10,alive
1,PIED,PIED08,9.5,NA,NA,NA,alive
1,PIED,PIED09,1.0,699,NA,25,alive
1,PIED,PIED09,1.5,NA,NA,10,alive
1,PIED,PIED09,10.0,349,NA,25,alive
1,PIED,PIED09,10.5,NA,NA,25,alive
1,PIED,PIED09,11.0,333,NA,25,alive
1,PIED,PIED09,11.5,NA,NA,25,alive
1,PIED,PIED09,12.0,327,NA,50,alive
1,PIED,PIED09,12.5,NA,NA,75,alive
1,PIED,PIED09,13.0,325,NA,75,alive
1,PIED,PIED09,13.5,NA,NA,75,dead
1,PIED,PIED09,14.0,324,NA,75,dead
1,PIED,PIED09,14.5,NA,NA,75,dead
1,PIED,PIED09,15.0,324,NA,75,dead
1,PIED,PIED09,15.5,NA,NA,75,dead
1,PIED,PIED09,16.0,322,NA,90,dead
1,PIED,PIED09,16.5,NA,NA,NA,dead
1,PIED,PIED09,17.0,NA,NA,NA,dead
1,PIED,PIED09,17.5,NA,NA,NA,dead
1,PIED,PIED09,18.0,NA,NA,NA,dead
1,PIED,PIED09,18.5,NA,NA,NA,dead
1,PIED,PIED09,19.0,NA,NA,NA,dead
1,PIED,PIED09,19.5,NA,NA,NA,dead
1,PIED,PIED09,2.0,677,NA,10,alive
1,PIED,PIED09,2.5,NA,NA,10,alive
1,PIED,PIED09,20.0,NA,NA,NA,dead
1,PIED,PIED09,20.5,NA,NA,NA,dead
1,PIED,PIED09,21.0,NA,NA,NA,dead
1,PIED,PIED09,21.5,NA,NA,NA,dead
1,PIED,PIED09,22.0,NA,NA,NA,dead
1,PIED,PIED09,22.5,NA,NA,NA,dead
1,PIED,PIED09,3.0,643,NA,10,alive
1,PIED,PIED09,3.5,NA,NA,10,alive
1,PIED,PIED09,4.0,596,NA,10,alive
1,PIED,PIED09,4.5,NA,NA,10,alive
1,PIED,PIED09,5.0,535,NA,10,alive
1,PIED,PIED09,5.5,NA,NA,10,alive
1,PIED,PIED09,6.0,499,NA,10,alive
1,PIED,PIED09,6.5,NA,NA,25,alive
1,PIED,PIED09,7.0,450,NA,10,alive
1,PIED,PIED09,7.5,NA,NA,25,alive
1,PIED,PIED09,8.0,376,NA,25,alive
1,PIED,PIED09,8.5,NA,NA,25,alive
1,PIED,PIED09,9.0,362,NA,25,alive
1,PIED,PIED09,9.5,NA,NA,NA,alive
1,PIED,PIED10,1.0,789,108,10,alive
1,PIED,PIED10,1.5,NA,NA,10,alive
1,PIED,PIED10,10.0,574,236.2,10,alive
1,PIED,PIED10,10.5,NA,NA,10,alive
1,PIED,PIED10,11.0,564,243.5,10,alive
1,PIED,PIED10,11.5,NA,NA,10,alive
1,PIED,PIED10,12.0,479,198.9,10,alive
1,PIED,PIED10,12.5,NA,NA,25,alive
1,PIED,PIED10,13.0,508,244.4,10,alive
1,PIED,PIED10,13.5,NA,NA,25,alive
1,PIED,PIED10,14.0,445,92.8,25,alive
1,PIED,PIED10,14.5,NA,NA,25,alive
1,PIED,PIED10,15.0,501,178.8,25,alive
1,PIED,PIED10,15.5,NA,NA,25,alive
1,PIED,PIED10,16.0,445,69.7,25,alive
1,PIED,PIED10,16.5,NA,NA,25,alive
1,PIED,PIED10,17.0,463,130.6,25,alive
1,PIED,PIED10,17.5,NA,NA,10,alive
1,PIED,PIED10,18.0,NA,57.5,NA,alive
1,PIED,PIED10,18.5,NA,NA,10,alive
1,PIED,PIED10,19.0,489,NA,10,alive
1,PIED,PIED10,19.5,NA,NA,10,alive
1,PIED,PIED10,2.0,786,220.3,10,alive
1,PIED,PIED10,2.5,NA,NA,10,alive
1,PIED,PIED10,20.0,444,NA,10,alive
1,PIED,PIED10,20.5,NA,NA,10,alive
1,PIED,PIED10,21.0,514,127.4,10,alive
1,PIED,PIED10,21.5,NA,NA,NA,alive
1,PIED,PIED10,22.0,435,NA,NA,alive
1,PIED,PIED10,22.5,NA,NA,10,alive
1,PIED,PIED10,3.0,726,249.8,10,alive
1,PIED,PIED10,3.5,NA,NA,10,alive
1,PIED,PIED10,4.0,658,NA,10,alive
1,PIED,PIED10,4.5,NA,NA,10,alive
1,PIED,PIED10,5.0,687,209.9,10,alive
1,PIED,PIED10,5.5,NA,NA,10,alive
1,PIED,PIED10,6.0,628,116,10,alive
1,PIED,PIED10,6.5,NA,NA,10,alive
1,PIED,PIED10,7.0,683,158,10,alive
1,PIED,PIED10,7.5,NA,NA,25,alive
1,PIED,PIED10,8.0,470,79.4,10,alive
1,PIED,PIED10,8.5,NA,NA,10,alive
1,PIED,PIED10,9.0,534,135,10,alive
1,PIED,PIED10,9.5,NA,NA,NA,alive
1,PIED,PIED11,1.0,855,NA,25,alive
1,PIED,PIED11,1.5,NA,NA,25,alive
1,PIED,PIED11,10.0,541,NA,90,dead
1,PIED,PIED11,10.5,NA,NA,90,dead
1,PIED,PIED11,11.0,520,NA,90,dead
1,PIED,PIED11,11.5,NA,NA,90,dead
1,PIED,PIED11,12.0,506,NA,90,dead
1,PIED,PIED11,12.5,NA,NA,90,dead
1,PIED,PIED11,13.0,489,NA,90,dead
1,PIED,PIED11,13.5,NA,NA,90,dead
1,PIED,PIED11,14.0,NA,NA,NA,dead
1,PIED,PIED11,14.5,NA,NA,NA,dead
1,PIED,PIED11,15.0,NA,NA,NA,dead
1,PIED,PIED11,15.5,NA,NA,NA,dead
1,PIED,PIED11,16.0,NA,NA,NA,dead
1,PIED,PIED11,16.5,NA,NA,NA,dead
1,PIED,PIED11,17.0,NA,NA,NA,dead
1,PIED,PIED11,17.5,NA,NA,NA,dead
1,PIED,PIED11,18.0,NA,NA,NA,dead
1,PIED,PIED11,18.5,NA,NA,NA,dead
1,PIED,PIED11,19.0,NA,NA,NA,dead
1,PIED,PIED11,19.5,NA,NA,NA,dead
1,PIED,PIED11,2.0,837,NA,10,alive
1,PIED,PIED11,2.5,NA,NA,25,alive
1,PIED,PIED11,20.0,NA,NA,NA,dead
1,PIED,PIED11,20.5,NA,NA,NA,dead
1,PIED,PIED11,21.0,NA,NA,NA,dead
1,PIED,PIED11,21.5,NA,NA,NA,dead
1,PIED,PIED11,22.0,NA,NA,NA,dead
1,PIED,PIED11,22.5,NA,NA,NA,dead
1,PIED,PIED11,3.0,816,NA,10,alive
1,PIED,PIED11,3.5,NA,NA,25,alive
1,PIED,PIED11,4.0,784,NA,25,alive
1,PIED,PIED11,4.5,NA,NA,25,alive
1,PIED,PIED11,5.0,736,NA,50,alive
1,PIED,PIED11,5.5,NA,NA,50,alive
1,PIED,PIED11,6.0,685,NA,50,alive
1,PIED,PIED11,6.5,NA,NA,50,alive
1,PIED,PIED11,7.0,636,NA,50,alive
1,PIED,PIED11,7.5,NA,NA,75,alive
1,PIED,PIED11,8.0,588,NA,75,alive
1,PIED,PIED11,8.5,NA,NA,75,alive
1,PIED,PIED11,9.0,567,NA,75,alive
1,PIED,PIED11,9.5,NA,NA,NA,NA
1,PIED,PIED12,1.0,647,88.3,10,alive
1,PIED,PIED12,1.5,NA,NA,10,alive
1,PIED,PIED12,10.0,319,71.8,25,alive
1,PIED,PIED12,10.5,NA,NA,25,alive
1,PIED,PIED12,11.0,316,55.7,25,alive
1,PIED,PIED12,11.5,NA,NA,75,alive
1,PIED,PIED12,12.0,314,69.3,50,dead
1,PIED,PIED12,12.5,NA,NA,75,dead
1,PIED,PIED12,13.0,310,54,75,dead
1,PIED,PIED12,13.5,NA,NA,90,dead
1,PIED,PIED12,14.0,308,60.7,90,dead
1,PIED,PIED12,14.5,NA,NA,NA,dead
1,PIED,PIED12,15.0,NA,NA,NA,dead
1,PIED,PIED12,15.5,NA,NA,NA,dead
1,PIED,PIED12,16.0,NA,NA,NA,dead
1,PIED,PIED12,16.5,NA,NA,NA,dead
1,PIED,PIED12,17.0,NA,NA,NA,dead
1,PIED,PIED12,17.5,NA,NA,NA,dead
1,PIED,PIED12,18.0,NA,NA,NA,dead
1,PIED,PIED12,18.5,NA,NA,NA,dead
1,PIED,PIED12,19.0,NA,NA,NA,dead
1,PIED,PIED12,19.5,NA,NA,NA,dead
1,PIED,PIED12,2.0,606,277.9,10,alive
1,PIED,PIED12,2.5,NA,NA,10,alive
1,PIED,PIED12,20.0,NA,NA,NA,dead
1,PIED,PIED12,20.5,NA,NA,NA,dead
1,PIED,PIED12,21.0,NA,NA,NA,dead
1,PIED,PIED12,21.5,NA,NA,NA,dead
1,PIED,PIED12,22.0,NA,NA,NA,dead
1,PIED,PIED12,22.5,NA,NA,NA,dead
1,PIED,PIED12,3.0,539,262.8,10,alive
1,PIED,PIED12,3.5,NA,NA,10,alive
1,PIED,PIED12,4.0,447,443.7,10,alive
1,PIED,PIED12,4.5,NA,NA,10,alive
1,PIED,PIED12,5.0,388,131.5,10,alive
1,PIED,PIED12,5.5,NA,NA,10,alive
1,PIED,PIED12,6.0,372,78.9,10,alive
1,PIED,PIED12,6.5,NA,NA,10,alive
1,PIED,PIED12,7.0,359,53.3,10,alive
1,PIED,PIED12,7.5,NA,NA,10,alive
1,PIED,PIED12,8.0,341,48.2,10,alive
1,PIED,PIED12,8.5,NA,NA,10,alive
1,PIED,PIED12,9.0,330,49.5,10,alive
1,PIED,PIED12,9.5,NA,NA,NA,alive
1,PIED,PIED13,1.0,769,109.4,10,alive
1,PIED,PIED13,1.5,NA,NA,10,alive
1,PIED,PIED13,10.0,407,54.3,75,alive
1,PIED,PIED13,10.5,NA,NA,50,alive
1,PIED,PIED13,11.0,401,57.3,50,alive
1,PIED,PIED13,11.5,NA,NA,75,alive
1,PIED,PIED13,12.0,398,60.3,75,dead
1,PIED,PIED13,12.5,NA,NA,75,dead
1,PIED,PIED13,13.0,396,56,75,dead
1,PIED,PIED13,13.5,NA,NA,75,dead
1,PIED,PIED13,14.0,394,75.7,75,dead
1,PIED,PIED13,14.5,NA,NA,NA,dead
1,PIED,PIED13,15.0,NA,NA,NA,dead
1,PIED,PIED13,15.5,NA,NA,NA,dead
1,PIED,PIED13,16.0,NA,NA,NA,dead
1,PIED,PIED13,16.5,NA,NA,NA,dead
1,PIED,PIED13,17.0,NA,NA,NA,dead
1,PIED,PIED13,17.5,NA,NA,NA,dead
1,PIED,PIED13,18.0,NA,NA,NA,dead
1,PIED,PIED13,18.5,NA,NA,NA,dead
1,PIED,PIED13,19.0,NA,NA,NA,dead
1,PIED,PIED13,19.5,NA,NA,NA,dead
1,PIED,PIED13,2.0,726,161,10,alive
1,PIED,PIED13,2.5,NA,NA,10,alive
1,PIED,PIED13,20.0,NA,NA,NA,dead
1,PIED,PIED13,20.5,NA,NA,NA,dead
1,PIED,PIED13,21.0,NA,NA,NA,dead
1,PIED,PIED13,21.5,NA,NA,NA,dead
1,PIED,PIED13,22.0,NA,NA,NA,dead
1,PIED,PIED13,22.5,NA,NA,NA,dead
1,PIED,PIED13,3.0,656,196.6,10,alive
1,PIED,PIED13,3.5,NA,NA,10,alive
1,PIED,PIED13,4.0,561,263.1,10,alive
1,PIED,PIED13,4.5,NA,NA,10,alive
1,PIED,PIED13,5.0,492,272.4,10,alive
1,PIED,PIED13,5.5,NA,NA,25,alive
1,PIED,PIED13,6.0,467,79.5,10,alive
1,PIED,PIED13,6.5,NA,NA,10,alive
1,PIED,PIED13,7.0,452,66.1,10,alive
1,PIED,PIED13,7.5,NA,NA,25,alive
1,PIED,PIED13,8.0,424,52.1,25,alive
1,PIED,PIED13,8.5,NA,NA,25,alive
1,PIED,PIED13,9.0,415,54.6,25,alive
1,PIED,PIED13,9.5,NA,NA,NA,alive
1,PIED,PIED14,1.0,814,NA,10,alive
1,PIED,PIED14,1.5,NA,NA,25,alive
1,PIED,PIED14,10.0,460,NA,25,alive
1,PIED,PIED14,10.5,NA,NA,50,alive
1,PIED,PIED14,11.0,450,NA,50,alive
1,PIED,PIED14,11.5,NA,NA,50,alive
1,PIED,PIED14,12.0,446,NA,25,alive
1,PIED,PIED14,12.5,NA,NA,50,alive
1,PIED,PIED14,13.0,445,NA,50,alive
1,PIED,PIED14,13.5,NA,NA,50,alive
1,PIED,PIED14,14.0,444,NA,50,alive
1,PIED,PIED14,14.5,NA,NA,50,dead
1,PIED,PIED14,15.0,443,NA,75,dead
1,PIED,PIED14,15.5,NA,NA,75,dead
1,PIED,PIED14,16.0,443,NA,90,dead
1,PIED,PIED14,16.5,NA,NA,75,dead
1,PIED,PIED14,17.0,443,NA,75,dead
1,PIED,PIED14,17.5,NA,NA,NA,dead
1,PIED,PIED14,18.0,NA,NA,NA,dead
1,PIED,PIED14,18.5,NA,NA,NA,dead
1,PIED,PIED14,19.0,NA,NA,NA,dead
1,PIED,PIED14,19.5,NA,NA,NA,dead
1,PIED,PIED14,2.0,780,NA,10,alive
1,PIED,PIED14,2.5,NA,NA,25,alive
1,PIED,PIED14,20.0,NA,NA,NA,dead
1,PIED,PIED14,20.5,NA,NA,NA,dead
1,PIED,PIED14,21.0,NA,NA,NA,dead
1,PIED,PIED14,21.5,NA,NA,NA,dead
1,PIED,PIED14,22.0,NA,NA,NA,dead
1,PIED,PIED14,22.5,NA,NA,NA,dead
1,PIED,PIED14,3.0,724,NA,10,alive
1,PIED,PIED14,3.5,NA,NA,25,alive
1,PIED,PIED14,4.0,647,NA,25,alive
1,PIED,PIED14,4.5,NA,NA,25,alive
1,PIED,PIED14,5.0,579,NA,25,alive
1,PIED,PIED14,5.5,NA,NA,25,alive
1,PIED,PIED14,6.0,548,NA,25,alive
1,PIED,PIED14,6.5,NA,NA,25,alive
1,PIED,PIED14,7.0,516,NA,25,alive
1,PIED,PIED14,7.5,NA,NA,25,alive
1,PIED,PIED14,8.0,485,NA,25,alive
1,PIED,PIED14,8.5,NA,NA,25,alive
1,PIED,PIED14,9.0,474,NA,25,alive
1,PIED,PIED14,9.5,NA,NA,NA,alive
1,PIED,PIED15,1.0,785,97.3,10,alive
1,PIED,PIED15,1.5,NA,NA,10,alive
1,PIED,PIED15,10.0,622,83.6,10,alive
1,PIED,PIED15,10.5,NA,NA,10,alive
1,PIED,PIED15,11.0,610,137.3,10,alive
1,PIED,PIED15,11.5,NA,NA,10,alive
1,PIED,PIED15,12.0,529,160.6,10,alive
1,PIED,PIED15,12.5,NA,NA,25,alive
1,PIED,PIED15,13.0,561,117,10,alive
1,PIED,PIED15,13.5,NA,NA,10,alive
1,PIED,PIED15,14.0,474,147.9,25,alive
1,PIED,PIED15,14.5,NA,NA,25,alive
1,PIED,PIED15,15.0,531,115.4,25,alive
1,PIED,PIED15,15.5,NA,NA,25,alive
1,PIED,PIED15,16.0,457,92.5,25,alive
1,PIED,PIED15,16.5,NA,NA,25,alive
1,PIED,PIED15,17.0,469,145.3,25,alive
1,PIED,PIED15,17.5,NA,NA,10,alive
1,PIED,PIED15,18.0,NA,48.4,NA,alive
1,PIED,PIED15,18.5,NA,NA,10,alive
1,PIED,PIED15,19.0,485,NA,10,alive
1,PIED,PIED15,19.5,NA,NA,10,alive
1,PIED,PIED15,2.0,788,391.3,10,alive
1,PIED,PIED15,2.5,NA,NA,10,alive
1,PIED,PIED15,20.0,440,NA,10,alive
1,PIED,PIED15,20.5,NA,NA,25,alive
1,PIED,PIED15,21.0,523,105.5,10,alive
1,PIED,PIED15,21.5,NA,NA,NA,alive
1,PIED,PIED15,22.0,433,NA,NA,alive
1,PIED,PIED15,22.5,NA,NA,25,alive
1,PIED,PIED15,3.0,739,127.6,10,alive
1,PIED,PIED15,3.5,NA,NA,10,alive
1,PIED,PIED15,4.0,682,NA,10,alive
1,PIED,PIED15,4.5,NA,NA,10,alive
1,PIED,PIED15,5.0,699,177.9,10,alive
1,PIED,PIED15,5.5,NA,NA,10,alive
1,PIED,PIED15,6.0,661,98.6,10,alive
1,PIED,PIED15,6.5,NA,NA,10,alive
1,PIED,PIED15,7.0,669,96.6,10,alive
1,PIED,PIED15,7.5,NA,NA,10,alive
1,PIED,PIED15,8.0,517,144.9,10,alive
1,PIED,PIED15,8.5,NA,NA,10,alive
1,PIED,PIED15,9.0,595,77.9,10,alive
1,PIED,PIED15,9.5,NA,NA,NA,alive
1,PIED,PIED16,1.0,736,176.4,10,alive
1,PIED,PIED16,1.5,NA,NA,10,alive
1,PIED,PIED16,10.0,397,88.1,10,alive
1,PIED,PIED16,10.5,NA,NA,10,alive
1,PIED,PIED16,11.0,388,56.3,25,alive
1,PIED,PIED16,11.5,NA,NA,50,alive
1,PIED,PIED16,12.0,386,62.6,75,alive
1,PIED,PIED16,12.5,NA,NA,75,dead
1,PIED,PIED16,13.0,384,56.1,75,dead
1,PIED,PIED16,13.5,NA,NA,90,dead
1,PIED,PIED16,14.0,383,75.6,90,dead
1,PIED,PIED16,14.5,NA,NA,90,dead
1,PIED,PIED16,15.0,382,NA,90,dead
1,PIED,PIED16,15.5,NA,NA,NA,dead
1,PIED,PIED16,16.0,NA,NA,NA,dead
1,PIED,PIED16,16.5,NA,NA,NA,dead
1,PIED,PIED16,17.0,NA,NA,NA,dead
1,PIED,PIED16,17.5,NA,NA,NA,dead
1,PIED,PIED16,18.0,NA,NA,NA,dead
1,PIED,PIED16,18.5,NA,NA,NA,dead
1,PIED,PIED16,19.0,NA,NA,NA,dead
1,PIED,PIED16,19.5,NA,NA,NA,dead
1,PIED,PIED16,2.0,698,331.1,10,alive
1,PIED,PIED16,2.5,NA,NA,10,alive
1,PIED,PIED16,20.0,NA,NA,NA,dead
1,PIED,PIED16,20.5,NA,NA,NA,dead
1,PIED,PIED16,21.0,NA,NA,NA,dead
1,PIED,PIED16,21.5,NA,NA,NA,dead
1,PIED,PIED16,22.0,NA,NA,NA,dead
1,PIED,PIED16,22.5,NA,NA,NA,dead
1,PIED,PIED16,3.0,632,342,10,alive
1,PIED,PIED16,3.5,NA,NA,10,alive
1,PIED,PIED16,4.0,569,317.9,10,alive
1,PIED,PIED16,4.5,NA,NA,10,alive
1,PIED,PIED16,5.0,517,262.1,10,alive
1,PIED,PIED16,5.5,NA,NA,10,alive
1,PIED,PIED16,6.0,489,99.4,10,alive
1,PIED,PIED16,6.5,NA,NA,10,alive
1,PIED,PIED16,7.0,454,172.8,10,alive
1,PIED,PIED16,7.5,NA,NA,10,alive
1,PIED,PIED16,8.0,417,57.6,10,alive
1,PIED,PIED16,8.5,NA,NA,10,alive
1,PIED,PIED16,9.0,407,55.7,10,alive
1,PIED,PIED16,9.5,NA,NA,NA,alive
1,PIED,PIED17,1.0,705,99.1,10,alive
1,PIED,PIED17,1.5,NA,NA,10,alive
1,PIED,PIED17,10.0,580,115.4,10,alive
1,PIED,PIED17,10.5,NA,NA,10,alive
1,PIED,PIED17,11.0,565,91.6,10,alive
1,PIED,PIED17,11.5,NA,NA,10,alive
1,PIED,PIED17,12.0,472,234.2,10,alive
1,PIED,PIED17,12.5,NA,NA,10,alive
1,PIED,PIED17,13.0,521,172.8,10,alive
1,PIED,PIED17,13.5,NA,NA,10,alive
1,PIED,PIED17,14.0,417,276,10,alive
1,PIED,PIED17,14.5,NA,NA,25,alive
1,PIED,PIED17,15.0,453,150.7,10,alive
1,PIED,PIED17,15.5,NA,NA,10,alive
1,PIED,PIED17,16.0,383,104.3,10,alive
1,PIED,PIED17,16.5,NA,NA,25,alive
1,PIED,PIED17,17.0,402,167.5,25,alive
1,PIED,PIED17,17.5,NA,NA,10,alive
1,PIED,PIED17,18.0,NA,70.7,NA,alive
1,PIED,PIED17,18.5,NA,NA,10,alive
1,PIED,PIED17,19.0,NA,NA,10,alive
1,PIED,PIED17,19.5,NA,NA,10,alive
1,PIED,PIED17,2.0,711,132.1,10,alive
1,PIED,PIED17,2.5,NA,NA,10,alive
1,PIED,PIED17,20.0,378,NA,10,alive
1,PIED,PIED17,20.5,NA,NA,10,alive
1,PIED,PIED17,21.0,464,121.2,10,alive
1,PIED,PIED17,21.5,NA,NA,NA,alive
1,PIED,PIED17,22.0,371,NA,NA,alive
1,PIED,PIED17,22.5,NA,NA,10,alive
1,PIED,PIED17,3.0,655,102.8,10,alive
1,PIED,PIED17,3.5,NA,NA,10,alive
1,PIED,PIED17,4.0,595,NA,10,alive
1,PIED,PIED17,4.5,NA,NA,10,alive
1,PIED,PIED17,5.0,638,207,10,alive
1,PIED,PIED17,5.5,NA,NA,10,alive
1,PIED,PIED17,6.0,593,81.3,10,alive
1,PIED,PIED17,6.5,NA,NA,10,alive
1,PIED,PIED17,7.0,634,76,10,alive
1,PIED,PIED17,7.5,NA,NA,10,alive
1,PIED,PIED17,8.0,429,146.3,10,alive
1,PIED,PIED17,8.5,NA,NA,10,alive
1,PIED,PIED17,9.0,523,81.8,10,alive
1,PIED,PIED17,9.5,NA,NA,NA,alive
1,PIED,PIED18,1.0,769,NA,25,alive
1,PIED,PIED18,1.5,NA,NA,25,alive
1,PIED,PIED18,10.0,450,NA,25,alive
1,PIED,PIED18,10.5,NA,NA,25,alive
1,PIED,PIED18,11.0,444,NA,25,alive
1,PIED,PIED18,11.5,NA,NA,50,alive
1,PIED,PIED18,12.0,439,NA,50,alive
1,PIED,PIED18,12.5,NA,NA,75,dead
1,PIED,PIED18,13.0,436,NA,50,dead
1,PIED,PIED18,13.5,NA,NA,75,dead
1,PIED,PIED18,14.0,433,NA,75,dead
1,PIED,PIED18,14.5,NA,NA,75,dead
1,PIED,PIED18,15.0,433,NA,75,dead
1,PIED,PIED18,15.5,NA,NA,NA,dead
1,PIED,PIED18,16.0,NA,NA,NA,dead
1,PIED,PIED18,16.5,NA,NA,NA,dead
1,PIED,PIED18,17.0,NA,NA,NA,dead
1,PIED,PIED18,17.5,NA,NA,NA,dead
1,PIED,PIED18,18.0,NA,NA,NA,dead
1,PIED,PIED18,18.5,NA,NA,NA,dead
1,PIED,PIED18,19.0,NA,NA,NA,dead
1,PIED,PIED18,19.5,NA,NA,NA,dead
1,PIED,PIED18,2.0,708,NA,10,alive
1,PIED,PIED18,2.5,NA,NA,10,alive
1,PIED,PIED18,20.0,NA,NA,NA,dead
1,PIED,PIED18,20.5,NA,NA,NA,dead
1,PIED,PIED18,21.0,NA,NA,NA,dead
1,PIED,PIED18,21.5,NA,NA,NA,dead
1,PIED,PIED18,22.0,NA,NA,NA,dead
1,PIED,PIED18,22.5,NA,NA,NA,dead
1,PIED,PIED18,3.0,623,NA,10,alive
1,PIED,PIED18,3.5,NA,NA,25,alive
1,PIED,PIED18,4.0,538,NA,25,alive
1,PIED,PIED18,4.5,NA,NA,25,alive
1,PIED,PIED18,5.0,504,NA,25,alive
1,PIED,PIED18,5.5,NA,NA,25,alive
1,PIED,PIED18,6.0,492,NA,25,alive
1,PIED,PIED18,6.5,NA,NA,25,alive
1,PIED,PIED18,7.0,483,NA,25,alive
1,PIED,PIED18,7.5,NA,NA,25,alive
1,PIED,PIED18,8.0,468,NA,25,alive
1,PIED,PIED18,8.5,NA,NA,25,alive
1,PIED,PIED18,9.0,460,NA,25,alive
1,PIED,PIED18,9.5,NA,NA,NA,alive
1,PIED,PIED19,1.0,885,NA,25,alive
1,PIED,PIED19,1.5,NA,NA,25,alive
1,PIED,PIED19,10.0,510,NA,25,alive
1,PIED,PIED19,10.5,NA,NA,25,alive
1,PIED,PIED19,11.0,502,NA,25,alive
1,PIED,PIED19,11.5,NA,NA,25,alive
1,PIED,PIED19,12.0,495,NA,25,alive
1,PIED,PIED19,12.5,NA,NA,25,alive
1,PIED,PIED19,13.0,488,NA,25,alive
1,PIED,PIED19,13.5,NA,NA,25,alive
1,PIED,PIED19,14.0,483,NA,25,alive
1,PIED,PIED19,14.5,NA,NA,25,alive
1,PIED,PIED19,15.0,480,NA,25,alive
1,PIED,PIED19,15.5,NA,NA,25,alive
1,PIED,PIED19,16.0,478,NA,25,alive
1,PIED,PIED19,16.5,NA,NA,50,alive
1,PIED,PIED19,17.0,479,NA,75,alive
1,PIED,PIED19,17.5,NA,NA,75,dead
1,PIED,PIED19,18.0,NA,NA,NA,dead
1,PIED,PIED19,18.5,NA,NA,90,dead
1,PIED,PIED19,19.0,NA,NA,90,dead
1,PIED,PIED19,19.5,NA,NA,90,dead
1,PIED,PIED19,2.0,827,NA,10,alive
1,PIED,PIED19,2.5,NA,NA,10,alive
1,PIED,PIED19,20.0,NA,NA,90,dead
1,PIED,PIED19,20.5,NA,NA,NA,dead
1,PIED,PIED19,21.0,NA,NA,NA,dead
1,PIED,PIED19,21.5,NA,NA,NA,dead
1,PIED,PIED19,22.0,476,NA,NA,dead
1,PIED,PIED19,22.5,NA,NA,NA,dead
1,PIED,PIED19,3.0,736,NA,10,alive
1,PIED,PIED19,3.5,NA,NA,25,alive
1,PIED,PIED19,4.0,647,NA,25,alive
1,PIED,PIED19,4.5,NA,NA,25,alive
1,PIED,PIED19,5.0,578,NA,25,alive
1,PIED,PIED19,5.5,NA,NA,25,alive
1,PIED,PIED19,6.0,557,NA,25,alive
1,PIED,PIED19,6.5,NA,NA,25,alive
1,PIED,PIED19,7.0,542,NA,10,alive
1,PIED,PIED19,7.5,NA,NA,25,alive
1,PIED,PIED19,8.0,527,NA,25,alive
1,PIED,PIED19,8.5,NA,NA,25,alive
1,PIED,PIED19,9.0,519,NA,25,alive
1,PIED,PIED19,9.5,NA,NA,NA,alive
1,PIED,PIED20,1.0,798,NA,25,alive
1,PIED,PIED20,1.5,NA,NA,25,alive
1,PIED,PIED20,10.0,539,NA,25,alive
1,PIED,PIED20,10.5,NA,NA,25,alive
1,PIED,PIED20,11.0,563,NA,25,alive
1,PIED,PIED20,11.5,NA,NA,25,alive
1,PIED,PIED20,12.0,505,NA,25,alive
1,PIED,PIED20,12.5,NA,NA,25,alive
1,PIED,PIED20,13.0,548,NA,25,alive
1,PIED,PIED20,13.5,NA,NA,25,alive
1,PIED,PIED20,14.0,490,NA,25,alive
1,PIED,PIED20,14.5,NA,NA,25,alive
1,PIED,PIED20,15.0,546,NA,25,alive
1,PIED,PIED20,15.5,NA,NA,25,alive
1,PIED,PIED20,16.0,495,NA,25,alive
1,PIED,PIED20,16.5,NA,NA,25,alive
1,PIED,PIED20,17.0,506,NA,25,alive
1,PIED,PIED20,17.5,NA,NA,10,alive
1,PIED,PIED20,18.0,NA,NA,NA,alive
1,PIED,PIED20,18.5,NA,NA,10,alive
1,PIED,PIED20,19.0,528,NA,10,alive
1,PIED,PIED20,19.5,NA,NA,25,alive
1,PIED,PIED20,2.0,773,NA,10,alive
1,PIED,PIED20,2.5,NA,NA,25,alive
1,PIED,PIED20,20.0,489,NA,25,alive
1,PIED,PIED20,20.5,NA,NA,50,alive
1,PIED,PIED20,21.0,570,NA,25,alive
1,PIED,PIED20,21.5,NA,NA,NA,alive
1,PIED,PIED20,22.0,618,NA,NA,alive
1,PIED,PIED20,22.5,NA,NA,25,alive
1,PIED,PIED20,3.0,692,NA,25,alive
1,PIED,PIED20,3.5,NA,NA,25,alive
1,PIED,PIED20,4.0,600,NA,25,alive
1,PIED,PIED20,4.5,NA,NA,25,alive
1,PIED,PIED20,5.0,596,NA,25,alive
1,PIED,PIED20,5.5,NA,NA,25,alive
1,PIED,PIED20,6.0,544,NA,25,alive
1,PIED,PIED20,6.5,NA,NA,25,alive
1,PIED,PIED20,7.0,587,NA,10,alive
1,PIED,PIED20,7.5,NA,NA,25,alive
1,PIED,PIED20,8.0,493,NA,25,alive
1,PIED,PIED20,8.5,NA,NA,25,alive
1,PIED,PIED20,9.0,533,NA,25,alive
1,PIED,PIED20,9.5,NA,NA,NA,alive
1,PIED,PIED21,1.0,778,NA,10,alive
1,PIED,PIED21,1.5,NA,NA,10,alive
1,PIED,PIED21,10.0,442,NA,10,alive
1,PIED,PIED21,10.5,NA,NA,10,alive
1,PIED,PIED21,11.0,434,NA,10,alive
1,PIED,PIED21,11.5,NA,NA,10,alive
1,PIED,PIED21,12.0,427,NA,10,alive
1,PIED,PIED21,12.5,NA,NA,25,alive
1,PIED,PIED21,13.0,419,NA,10,alive
1,PIED,PIED21,13.5,NA,NA,10,alive
1,PIED,PIED21,14.0,414,NA,10,alive
1,PIED,PIED21,14.5,NA,NA,25,alive
1,PIED,PIED21,15.0,410,NA,10,alive
1,PIED,PIED21,15.5,NA,NA,25,alive
1,PIED,PIED21,16.0,406,NA,25,alive
1,PIED,PIED21,16.5,NA,NA,25,alive
1,PIED,PIED21,17.0,405,NA,25,alive
1,PIED,PIED21,17.5,NA,NA,25,alive
1,PIED,PIED21,18.0,NA,NA,NA,alive
1,PIED,PIED21,18.5,NA,NA,25,alive
1,PIED,PIED21,19.0,NA,NA,25,alive
1,PIED,PIED21,19.5,NA,NA,75,alive
1,PIED,PIED21,2.0,747,NA,10,alive
1,PIED,PIED21,2.5,NA,NA,10,alive
1,PIED,PIED21,20.0,402,NA,75,dead
1,PIED,PIED21,20.5,NA,NA,90,dead
1,PIED,PIED21,21.0,403,NA,75,dead
1,PIED,PIED21,21.5,NA,NA,NA,dead
1,PIED,PIED21,22.0,400,NA,NA,dead
1,PIED,PIED21,22.5,NA,NA,90,dead
1,PIED,PIED21,3.0,700,NA,10,alive
1,PIED,PIED21,3.5,NA,NA,10,alive
1,PIED,PIED21,4.0,635,NA,10,alive
1,PIED,PIED21,4.5,NA,NA,10,alive
1,PIED,PIED21,5.0,572,NA,10,alive
1,PIED,PIED21,5.5,NA,NA,10,alive
1,PIED,PIED21,6.0,542,NA,10,alive
1,PIED,PIED21,6.5,NA,NA,10,alive
1,PIED,PIED21,7.0,514,NA,10,alive
1,PIED,PIED21,7.5,NA,NA,10,alive
1,PIED,PIED21,8.0,461,NA,10,alive
1,PIED,PIED21,8.5,NA,NA,10,alive
1,PIED,PIED21,9.0,452,NA,10,alive
1,PIED,PIED21,9.5,NA,NA,NA,alive
1,PIED,PIED22,1.0,782,87.4,10,alive
1,PIED,PIED22,1.5,NA,NA,25,alive
1,PIED,PIED22,10.0,581,101.6,10,alive
1,PIED,PIED22,10.5,NA,NA,25,alive
1,PIED,PIED22,11.0,602,97,10,alive
1,PIED,PIED22,11.5,NA,NA,25,alive
1,PIED,PIED22,12.0,552,68.3,25,alive
1,PIED,PIED22,12.5,NA,NA,25,alive
1,PIED,PIED22,13.0,603,166.1,25,alive
1,PIED,PIED22,13.5,NA,NA,25,alive
1,PIED,PIED22,14.0,547,75.7,25,alive
1,PIED,PIED22,14.5,NA,NA,25,alive
1,PIED,PIED22,15.0,609,158.3,25,alive
1,PIED,PIED22,15.5,NA,NA,25,alive
1,PIED,PIED22,16.0,550,60,25,alive
1,PIED,PIED22,16.5,NA,NA,25,alive
1,PIED,PIED22,17.0,546,81,25,alive
1,PIED,PIED22,17.5,NA,NA,10,alive
1,PIED,PIED22,18.0,NA,45.8,NA,alive
1,PIED,PIED22,18.5,NA,NA,10,alive
1,PIED,PIED22,19.0,572,NA,10,alive
1,PIED,PIED22,19.5,NA,NA,10,alive
1,PIED,PIED22,2.0,807,217,10,alive
1,PIED,PIED22,2.5,NA,NA,10,alive
1,PIED,PIED22,20.0,538,NA,25,alive
1,PIED,PIED22,20.5,NA,NA,25,alive
1,PIED,PIED22,21.0,595,69.1,25,alive
1,PIED,PIED22,21.5,NA,NA,NA,alive
1,PIED,PIED22,22.0,687,NA,NA,alive
1,PIED,PIED22,22.5,NA,NA,25,alive
1,PIED,PIED22,3.0,741,248.9,10,alive
1,PIED,PIED22,3.5,NA,NA,25,alive
1,PIED,PIED22,4.0,656,NA,25,alive
1,PIED,PIED22,4.5,NA,NA,25,alive
1,PIED,PIED22,5.0,651,201,25,alive
1,PIED,PIED22,5.5,NA,NA,25,alive
1,PIED,PIED22,6.0,595,96.4,25,alive
1,PIED,PIED22,6.5,NA,NA,25,alive
1,PIED,PIED22,7.0,612,100.3,10,alive
1,PIED,PIED22,7.5,NA,NA,25,alive
1,PIED,PIED22,8.0,552,60.4,10,alive
1,PIED,PIED22,8.5,NA,NA,10,alive
1,PIED,PIED22,9.0,615,85.4,10,alive
1,PIED,PIED22,9.5,NA,NA,NA,alive
1,PIED,PIED23,1.0,803,136.2,10,alive
1,PIED,PIED23,1.5,NA,NA,10,alive
1,PIED,PIED23,10.0,434,66.9,10,alive
1,PIED,PIED23,10.5,NA,NA,25,alive
1,PIED,PIED23,11.0,422,61,25,alive
1,PIED,PIED23,11.5,NA,NA,25,alive
1,PIED,PIED23,12.0,413,53.8,25,alive
1,PIED,PIED23,12.5,NA,NA,25,alive
1,PIED,PIED23,13.0,405,41.5,25,alive
1,PIED,PIED23,13.5,NA,NA,50,alive
1,PIED,PIED23,14.0,403,69,50,alive
1,PIED,PIED23,14.5,NA,NA,50,alive
1,PIED,PIED23,15.0,402,61.8,50,alive
1,PIED,PIED23,15.5,NA,NA,50,alive
1,PIED,PIED23,16.0,400,67.3,50,alive
1,PIED,PIED23,16.5,NA,NA,50,dead
1,PIED,PIED23,17.0,399,93.6,75,dead
1,PIED,PIED23,17.5,NA,NA,75,dead
1,PIED,PIED23,18.0,NA,NA,NA,dead
1,PIED,PIED23,18.5,NA,NA,90,dead
1,PIED,PIED23,19.0,NA,NA,90,dead
1,PIED,PIED23,19.5,NA,NA,90,dead
1,PIED,PIED23,2.0,772,231.4,10,alive
1,PIED,PIED23,2.5,NA,NA,10,alive
1,PIED,PIED23,20.0,NA,NA,90,dead
1,PIED,PIED23,20.5,NA,NA,NA,dead
1,PIED,PIED23,21.0,NA,NA,NA,dead
1,PIED,PIED23,21.5,NA,NA,NA,dead
1,PIED,PIED23,22.0,NA,NA,NA,dead
1,PIED,PIED23,22.5,NA,NA,NA,dead
1,PIED,PIED23,3.0,734,293.1,10,alive
1,PIED,PIED23,3.5,NA,NA,10,alive
1,PIED,PIED23,4.0,670,232.5,10,alive
1,PIED,PIED23,4.5,NA,NA,10,alive
1,PIED,PIED23,5.0,609,226.1,10,alive
1,PIED,PIED23,5.5,NA,NA,25,alive
1,PIED,PIED23,6.0,578,101.8,10,alive
1,PIED,PIED23,6.5,NA,NA,25,alive
1,PIED,PIED23,7.0,532,117.4,10,alive
1,PIED,PIED23,7.5,NA,NA,25,alive
1,PIED,PIED23,8.0,457,48.1,10,alive
1,PIED,PIED23,8.5,NA,NA,10,alive
1,PIED,PIED23,9.0,445,44.9,10,alive
1,PIED,PIED23,9.5,NA,NA,NA,alive
1,PIED,PIED24,1.0,822,NA,10,alive
1,PIED,PIED24,1.5,NA,NA,25,alive
1,PIED,PIED24,10.0,632,NA,25,alive
1,PIED,PIED24,10.5,NA,NA,25,alive
1,PIED,PIED24,11.0,644,NA,25,alive
1,PIED,PIED24,11.5,NA,NA,25,alive
1,PIED,PIED24,12.0,553,NA,25,alive
1,PIED,PIED24,12.5,NA,NA,25,alive
1,PIED,PIED24,13.0,582,NA,25,alive
1,PIED,PIED24,13.5,NA,NA,25,alive
1,PIED,PIED24,14.0,505,NA,25,alive
1,PIED,PIED24,14.5,NA,NA,25,alive
1,PIED,PIED24,15.0,566,NA,25,alive
1,PIED,PIED24,15.5,NA,NA,25,alive
1,PIED,PIED24,16.0,496,NA,25,alive
1,PIED,PIED24,16.5,NA,NA,25,alive
1,PIED,PIED24,17.0,506,NA,25,alive
1,PIED,PIED24,17.5,NA,NA,NA,alive
1,PIED,PIED24,18.0,NA,NA,NA,alive
1,PIED,PIED24,18.5,NA,NA,10,alive
1,PIED,PIED24,19.0,528,NA,10,alive
1,PIED,PIED24,19.5,NA,NA,10,alive
1,PIED,PIED24,2.0,832,NA,10,alive
1,PIED,PIED24,2.5,NA,NA,10,alive
1,PIED,PIED24,20.0,487,NA,10,alive
1,PIED,PIED24,20.5,NA,NA,25,alive
1,PIED,PIED24,21.0,576,NA,25,alive
1,PIED,PIED24,21.5,NA,NA,NA,alive
1,PIED,PIED24,22.0,489,NA,NA,alive
1,PIED,PIED24,22.5,NA,NA,25,alive
1,PIED,PIED24,3.0,783,NA,10,alive
1,PIED,PIED24,3.5,NA,NA,25,alive
1,PIED,PIED24,4.0,720,NA,25,alive
1,PIED,PIED24,4.5,NA,NA,25,alive
1,PIED,PIED24,5.0,764,NA,25,alive
1,PIED,PIED24,5.5,NA,NA,25,alive
1,PIED,PIED24,6.0,712,NA,25,alive
1,PIED,PIED24,6.5,NA,NA,25,alive
1,PIED,PIED24,7.0,759,NA,10,alive
1,PIED,PIED24,7.5,NA,NA,25,alive
1,PIED,PIED24,8.0,535,NA,25,alive
1,PIED,PIED24,8.5,NA,NA,25,alive
1,PIED,PIED24,9.0,608,NA,25,alive
1,PIED,PIED24,9.5,NA,NA,NA,alive
1,PIED,PIED25,1.0,749,NA,25,alive
1,PIED,PIED25,1.5,NA,NA,25,alive
1,PIED,PIED25,10.0,394,NA,25,alive
1,PIED,PIED25,10.5,NA,NA,25,alive
1,PIED,PIED25,11.0,385,NA,25,alive
1,PIED,PIED25,11.5,NA,NA,25,alive
1,PIED,PIED25,12.0,381,NA,50,alive
1,PIED,PIED25,12.5,NA,NA,50,alive
1,PIED,PIED25,13.0,378,NA,50,alive
1,PIED,PIED25,13.5,NA,NA,50,alive
1,PIED,PIED25,14.0,378,NA,75,alive
1,PIED,PIED25,14.5,NA,NA,50,alive
1,PIED,PIED25,15.0,377,NA,75,dead
1,PIED,PIED25,15.5,NA,NA,75,dead
1,PIED,PIED25,16.0,376,NA,90,dead
1,PIED,PIED25,16.5,NA,NA,90,dead
1,PIED,PIED25,17.0,376,NA,90,dead
1,PIED,PIED25,17.5,NA,NA,NA,dead
1,PIED,PIED25,18.0,NA,NA,NA,dead
1,PIED,PIED25,18.5,NA,NA,NA,dead
1,PIED,PIED25,19.0,NA,NA,NA,dead
1,PIED,PIED25,19.5,NA,NA,NA,dead
1,PIED,PIED25,2.0,711,NA,10,alive
1,PIED,PIED25,2.5,NA,NA,10,alive
1,PIED,PIED25,20.0,NA,NA,NA,dead
1,PIED,PIED25,20.5,NA,NA,NA,dead
1,PIED,PIED25,21.0,NA,NA,NA,dead
1,PIED,PIED25,21.5,NA,NA,NA,dead
1,PIED,PIED25,22.0,NA,NA,NA,dead
1,PIED,PIED25,22.5,NA,NA,NA,dead
1,PIED,PIED25,3.0,664,NA,10,alive
1,PIED,PIED25,3.5,NA,NA,25,alive
1,PIED,PIED25,4.0,576,NA,25,alive
1,PIED,PIED25,4.5,NA,NA,25,alive
1,PIED,PIED25,5.0,514,NA,25,alive
1,PIED,PIED25,5.5,NA,NA,25,alive
1,PIED,PIED25,6.0,482,NA,25,alive
1,PIED,PIED25,6.5,NA,NA,25,alive
1,PIED,PIED25,7.0,446,NA,25,alive
1,PIED,PIED25,7.5,NA,NA,25,alive
1,PIED,PIED25,8.0,414,NA,25,alive
1,PIED,PIED25,8.5,NA,NA,25,alive
1,PIED,PIED25,9.0,404,NA,25,alive
1,PIED,PIED25,9.5,NA,NA,NA,alive
1,PIED,PIED26,1.0,800,NA,10,alive
1,PIED,PIED26,1.5,NA,NA,10,alive
1,PIED,PIED26,10.0,435,NA,10,alive
1,PIED,PIED26,10.5,NA,NA,10,alive
1,PIED,PIED26,11.0,428,NA,10,alive
1,PIED,PIED26,11.5,NA,NA,10,alive
1,PIED,PIED26,12.0,421,NA,25,alive
1,PIED,PIED26,12.5,NA,NA,25,alive
1,PIED,PIED26,13.0,415,NA,25,alive
1,PIED,PIED26,13.5,NA,NA,25,alive
1,PIED,PIED26,14.0,411,NA,75,alive
1,PIED,PIED26,14.5,NA,NA,50,dead
1,PIED,PIED26,15.0,410,NA,75,dead
1,PIED,PIED26,15.5,NA,NA,75,dead
1,PIED,PIED26,16.0,407,NA,50,dead
1,PIED,PIED26,16.5,NA,NA,75,dead
1,PIED,PIED26,17.0,407,NA,75,dead
1,PIED,PIED26,17.5,NA,NA,75,dead
1,PIED,PIED26,18.0,NA,NA,NA,dead
1,PIED,PIED26,18.5,NA,NA,90,dead
1,PIED,PIED26,19.0,NA,NA,90,dead
1,PIED,PIED26,19.5,NA,NA,90,dead
1,PIED,PIED26,2.0,748,NA,10,alive
1,PIED,PIED26,2.5,NA,NA,10,alive
1,PIED,PIED26,20.0,NA,NA,90,dead
1,PIED,PIED26,20.5,NA,NA,NA,dead
1,PIED,PIED26,21.0,NA,NA,NA,dead
1,PIED,PIED26,21.5,NA,NA,NA,dead
1,PIED,PIED26,22.0,NA,NA,NA,dead
1,PIED,PIED26,22.5,NA,NA,NA,dead
1,PIED,PIED26,3.0,683,NA,10,alive
1,PIED,PIED26,3.5,NA,NA,10,alive
1,PIED,PIED26,4.0,602,NA,10,alive
1,PIED,PIED26,4.5,NA,NA,10,alive
1,PIED,PIED26,5.0,528,NA,10,alive
1,PIED,PIED26,5.5,NA,NA,10,alive
1,PIED,PIED26,6.0,497,NA,10,alive
1,PIED,PIED26,6.5,NA,NA,10,alive
1,PIED,PIED26,7.0,481,NA,10,alive
1,PIED,PIED26,7.5,NA,NA,10,alive
1,PIED,PIED26,8.0,451,NA,10,alive
1,PIED,PIED26,8.5,NA,NA,10,alive
1,PIED,PIED26,9.0,444,NA,10,alive
1,PIED,PIED26,9.5,NA,NA,NA,alive
1,PIED,PIED27,1.0,688,NA,10,alive
1,PIED,PIED27,1.5,NA,NA,10,alive
1,PIED,PIED27,10.0,348,NA,10,alive
1,PIED,PIED27,10.5,NA,NA,10,alive
1,PIED,PIED27,11.0,334,NA,10,alive
1,PIED,PIED27,11.5,NA,NA,10,alive
1,PIED,PIED27,12.0,330,NA,25,alive
1,PIED,PIED27,12.5,NA,NA,25,alive
1,PIED,PIED27,13.0,328,NA,25,alive
1,PIED,PIED27,13.5,NA,NA,50,alive
1,PIED,PIED27,14.0,326,NA,50,alive
1,PIED,PIED27,14.5,NA,NA,50,alive
1,PIED,PIED27,15.0,325,NA,75,dead
1,PIED,PIED27,15.5,NA,NA,75,dead
1,PIED,PIED27,16.0,324,NA,50,dead
1,PIED,PIED27,16.5,NA,NA,75,dead
1,PIED,PIED27,17.0,324,NA,75,dead
1,PIED,PIED27,17.5,NA,NA,NA,dead
1,PIED,PIED27,18.0,NA,NA,NA,dead
1,PIED,PIED27,18.5,NA,NA,NA,dead
1,PIED,PIED27,19.0,428,NA,NA,dead
1,PIED,PIED27,19.5,NA,NA,NA,dead
1,PIED,PIED27,2.0,661,NA,10,alive
1,PIED,PIED27,2.5,NA,NA,10,alive
1,PIED,PIED27,20.0,NA,NA,NA,dead
1,PIED,PIED27,20.5,NA,NA,NA,dead
1,PIED,PIED27,21.0,NA,NA,NA,dead
1,PIED,PIED27,21.5,NA,NA,NA,dead
1,PIED,PIED27,22.0,NA,NA,NA,dead
1,PIED,PIED27,22.5,NA,NA,NA,dead
1,PIED,PIED27,3.0,627,NA,10,alive
1,PIED,PIED27,3.5,NA,NA,10,alive
1,PIED,PIED27,4.0,565,NA,10,alive
1,PIED,PIED27,4.5,NA,NA,10,alive
1,PIED,PIED27,5.0,508,NA,10,alive
1,PIED,PIED27,5.5,NA,NA,10,alive
1,PIED,PIED27,6.0,470,NA,10,alive
1,PIED,PIED27,6.5,NA,NA,10,alive
1,PIED,PIED27,7.0,423,NA,10,alive
1,PIED,PIED27,7.5,NA,NA,10,alive
1,PIED,PIED27,8.0,369,NA,10,alive
1,PIED,PIED27,8.5,NA,NA,10,alive
1,PIED,PIED27,9.0,359,NA,10,alive
1,PIED,PIED27,9.5,NA,NA,NA,alive
1,PIED,PIED28,1.0,747,169.6,10,alive
1,PIED,PIED28,1.5,NA,NA,10,alive
1,PIED,PIED28,10.0,411,50.3,10,alive
1,PIED,PIED28,10.5,NA,NA,10,alive
1,PIED,PIED28,11.0,403,49.4,25,alive
1,PIED,PIED28,11.5,NA,NA,25,alive
1,PIED,PIED28,12.0,398,50.4,25,alive
1,PIED,PIED28,12.5,NA,NA,25,alive
1,PIED,PIED28,13.0,394,49.1,50,alive
1,PIED,PIED28,13.5,NA,NA,75,alive
1,PIED,PIED28,14.0,391,54.8,75,dead
1,PIED,PIED28,14.5,NA,NA,90,dead
1,PIED,PIED28,15.0,389,69.9,90,dead
1,PIED,PIED28,15.5,NA,NA,90,dead
1,PIED,PIED28,16.0,387,59.1,90,dead
1,PIED,PIED28,16.5,NA,NA,NA,dead
1,PIED,PIED28,17.0,NA,NA,NA,dead
1,PIED,PIED28,17.5,NA,NA,NA,dead
1,PIED,PIED28,18.0,NA,NA,NA,dead
1,PIED,PIED28,18.5,NA,NA,NA,dead
1,PIED,PIED28,19.0,NA,NA,NA,dead
1,PIED,PIED28,19.5,NA,NA,NA,dead
1,PIED,PIED28,2.0,699,237.8,10,alive
1,PIED,PIED28,2.5,NA,NA,10,alive
1,PIED,PIED28,20.0,NA,NA,NA,dead
1,PIED,PIED28,20.5,NA,NA,NA,dead
1,PIED,PIED28,21.0,NA,NA,NA,dead
1,PIED,PIED28,21.5,NA,NA,NA,dead
1,PIED,PIED28,22.0,NA,NA,NA,dead
1,PIED,PIED28,22.5,NA,NA,NA,dead
1,PIED,PIED28,3.0,636,209.7,10,alive
1,PIED,PIED28,3.5,NA,NA,10,alive
1,PIED,PIED28,4.0,555,266.1,10,alive
1,PIED,PIED28,4.5,NA,NA,10,alive
1,PIED,PIED28,5.0,493,151.4,10,alive
1,PIED,PIED28,5.5,NA,NA,10,alive
1,PIED,PIED28,6.0,471,75.8,10,alive
1,PIED,PIED28,6.5,NA,NA,25,alive
1,PIED,PIED28,7.0,451,68.5,10,alive
1,PIED,PIED28,7.5,NA,NA,25,alive
1,PIED,PIED28,8.0,434,53.1,10,alive
1,PIED,PIED28,8.5,NA,NA,10,alive
1,PIED,PIED28,9.0,422,45.1,10,alive
1,PIED,PIED28,9.5,NA,NA,NA,alive
1,PIED,PIED29,1.0,755,NA,10,alive
1,PIED,PIED29,1.5,NA,NA,25,alive
1,PIED,PIED29,10.0,379,NA,25,alive
1,PIED,PIED29,10.5,NA,NA,25,alive
1,PIED,PIED29,11.0,362,NA,50,alive
1,PIED,PIED29,11.5,NA,NA,50,alive
1,PIED,PIED29,12.0,360,NA,50,alive
1,PIED,PIED29,12.5,NA,NA,50,alive
1,PIED,PIED29,13.0,358,NA,75,dead
1,PIED,PIED29,13.5,NA,NA,75,dead
1,PIED,PIED29,14.0,358,NA,75,dead
1,PIED,PIED29,14.5,NA,NA,75,dead
1,PIED,PIED29,15.0,358,NA,90,dead
1,PIED,PIED29,15.5,NA,NA,NA,dead
1,PIED,PIED29,16.0,NA,NA,NA,dead
1,PIED,PIED29,16.5,NA,NA,NA,dead
1,PIED,PIED29,17.0,NA,NA,NA,dead
1,PIED,PIED29,17.5,NA,NA,NA,dead
1,PIED,PIED29,18.0,NA,NA,NA,dead
1,PIED,PIED29,18.5,NA,NA,NA,dead
1,PIED,PIED29,19.0,NA,NA,NA,dead
1,PIED,PIED29,19.5,NA,NA,NA,dead
1,PIED,PIED29,2.0,730,NA,10,alive
1,PIED,PIED29,2.5,NA,NA,10,alive
1,PIED,PIED29,20.0,NA,NA,NA,dead
1,PIED,PIED29,20.5,NA,NA,NA,dead
1,PIED,PIED29,21.0,NA,NA,NA,dead
1,PIED,PIED29,21.5,NA,NA,NA,dead
1,PIED,PIED29,22.0,NA,NA,NA,dead
1,PIED,PIED29,22.5,NA,NA,NA,dead
1,PIED,PIED29,3.0,691,NA,10,alive
1,PIED,PIED29,3.5,NA,NA,10,alive
1,PIED,PIED29,4.0,648,NA,10,alive
1,PIED,PIED29,4.5,NA,NA,25,alive
1,PIED,PIED29,5.0,580,NA,25,alive
1,PIED,PIED29,5.5,NA,NA,25,alive
1,PIED,PIED29,6.0,528,NA,25,alive
1,PIED,PIED29,6.5,NA,NA,25,alive
1,PIED,PIED29,7.0,476,NA,25,alive
1,PIED,PIED29,7.5,NA,NA,25,alive
1,PIED,PIED29,8.0,414,NA,25,alive
1,PIED,PIED29,8.5,NA,NA,25,alive
1,PIED,PIED29,9.0,395,NA,25,alive
1,PIED,PIED29,9.5,NA,NA,NA,alive
1,PIED,PIED30,1.0,807,110.6,10,alive
1,PIED,PIED30,1.5,NA,NA,10,alive
1,PIED,PIED30,10.0,441,58.8,10,alive
1,PIED,PIED30,10.5,NA,NA,10,alive
1,PIED,PIED30,11.0,420,66.9,10,alive
1,PIED,PIED30,11.5,NA,NA,10,alive
1,PIED,PIED30,12.0,412,62.7,10,alive
1,PIED,PIED30,12.5,NA,NA,25,alive
1,PIED,PIED30,13.0,407,57.6,25,alive
1,PIED,PIED30,13.5,NA,NA,25,dead
1,PIED,PIED30,14.0,404,79.2,50,dead
1,PIED,PIED30,14.5,NA,NA,50,dead
1,PIED,PIED30,15.0,403,74.1,50,dead
1,PIED,PIED30,15.5,NA,NA,50,dead
1,PIED,PIED30,16.0,401,64.7,90,dead
1,PIED,PIED30,16.5,NA,NA,NA,dead
1,PIED,PIED30,17.0,NA,NA,NA,dead
1,PIED,PIED30,17.5,NA,NA,NA,dead
1,PIED,PIED30,18.0,NA,NA,NA,dead
1,PIED,PIED30,18.5,NA,NA,NA,dead
1,PIED,PIED30,19.0,NA,NA,NA,dead
1,PIED,PIED30,19.5,NA,NA,NA,dead
1,PIED,PIED30,2.0,793,183.1,10,alive
1,PIED,PIED30,2.5,NA,NA,10,alive
1,PIED,PIED30,20.0,NA,NA,NA,dead
1,PIED,PIED30,20.5,NA,NA,NA,dead
1,PIED,PIED30,21.0,NA,NA,NA,dead
1,PIED,PIED30,21.5,NA,NA,NA,dead
1,PIED,PIED30,22.0,NA,NA,NA,dead
1,PIED,PIED30,22.5,NA,NA,NA,dead
1,PIED,PIED30,3.0,753,253.7,10,alive
1,PIED,PIED30,3.5,NA,NA,10,alive
1,PIED,PIED30,4.0,702,186.4,10,alive
1,PIED,PIED30,4.5,NA,NA,10,alive
1,PIED,PIED30,5.0,649,122.3,10,alive
1,PIED,PIED30,5.5,NA,NA,10,alive
1,PIED,PIED30,6.0,611,129.1,10,alive
1,PIED,PIED30,6.5,NA,NA,10,alive
1,PIED,PIED30,7.0,567,222.6,10,alive
1,PIED,PIED30,7.5,NA,NA,10,alive
1,PIED,PIED30,8.0,479,115.1,10,alive
1,PIED,PIED30,8.5,NA,NA,10,alive
1,PIED,PIED30,9.0,458,48.2,10,alive
1,PIED,PIED30,9.5,NA,NA,NA,alive
1,PIED,PIED31,1.0,808,110,10,alive
1,PIED,PIED31,1.5,NA,NA,10,alive
1,PIED,PIED31,10.0,446,52.4,10,alive
1,PIED,PIED31,10.5,NA,NA,25,alive
1,PIED,PIED31,11.0,436,56.6,25,alive
1,PIED,PIED31,11.5,NA,NA,25,alive
1,PIED,PIED31,12.0,428,57.9,25,alive
1,PIED,PIED31,12.5,NA,NA,50,alive
1,PIED,PIED31,13.0,420,51.9,50,alive
1,PIED,PIED31,13.5,NA,NA,75,alive
1,PIED,PIED31,14.0,414,69.7,75,alive
1,PIED,PIED31,14.5,NA,NA,50,alive
1,PIED,PIED31,15.0,411,62.8,75,alive
1,PIED,PIED31,15.5,NA,NA,75,alive
1,PIED,PIED31,16.0,409,63.6,75,alive
1,PIED,PIED31,16.5,NA,NA,75,dead
1,PIED,PIED31,17.0,408,94.2,75,dead
1,PIED,PIED31,17.5,NA,NA,75,dead
1,PIED,PIED31,18.0,NA,NA,NA,dead
1,PIED,PIED31,18.5,NA,NA,90,dead
1,PIED,PIED31,19.0,NA,NA,90,dead
1,PIED,PIED31,19.5,NA,NA,90,dead
1,PIED,PIED31,2.0,778,109.2,10,alive
1,PIED,PIED31,2.5,NA,NA,10,alive
1,PIED,PIED31,20.0,NA,NA,90,dead
1,PIED,PIED31,20.5,NA,NA,NA,dead
1,PIED,PIED31,21.0,NA,NA,NA,dead
1,PIED,PIED31,21.5,NA,NA,NA,dead
1,PIED,PIED31,22.0,NA,NA,NA,dead
1,PIED,PIED31,22.5,NA,NA,NA,dead
1,PIED,PIED31,3.0,738,149,10,alive
1,PIED,PIED31,3.5,NA,NA,10,alive
1,PIED,PIED31,4.0,692,148.7,10,alive
1,PIED,PIED31,4.5,NA,NA,10,alive
1,PIED,PIED31,5.0,635,104,10,alive
1,PIED,PIED31,5.5,NA,NA,10,alive
1,PIED,PIED31,6.0,601,88.2,10,alive
1,PIED,PIED31,6.5,NA,NA,10,alive
1,PIED,PIED31,7.0,565,65.3,10,alive
1,PIED,PIED31,7.5,NA,NA,10,alive
1,PIED,PIED31,8.0,474,50.6,10,alive
1,PIED,PIED31,8.5,NA,NA,10,alive
1,PIED,PIED31,9.0,459,52.8,10,alive
1,PIED,PIED31,9.5,NA,NA,NA,alive
1,PIED,PIED32,1.0,768,223.6,10,alive
1,PIED,PIED32,1.5,NA,NA,25,alive
1,PIED,PIED32,10.0,409,51.4,25,alive
1,PIED,PIED32,10.5,NA,NA,25,alive
1,PIED,PIED32,11.0,397,57.9,25,alive
1,PIED,PIED32,11.5,NA,NA,25,alive
1,PIED,PIED32,12.0,393,62.9,25,alive
1,PIED,PIED32,12.5,NA,NA,50,alive
1,PIED,PIED32,13.0,391,53.9,25,alive
1,PIED,PIED32,13.5,NA,NA,50,alive
1,PIED,PIED32,14.0,389,78.9,50,alive
1,PIED,PIED32,14.5,NA,NA,50,alive
1,PIED,PIED32,15.0,388,69,75,dead
1,PIED,PIED32,15.5,NA,NA,75,dead
1,PIED,PIED32,16.0,387,63.5,75,dead
1,PIED,PIED32,16.5,NA,NA,90,dead
1,PIED,PIED32,17.0,387,80.8,90,dead
1,PIED,PIED32,17.5,NA,NA,NA,dead
1,PIED,PIED32,18.0,NA,NA,NA,dead
1,PIED,PIED32,18.5,NA,NA,NA,dead
1,PIED,PIED32,19.0,NA,NA,NA,dead
1,PIED,PIED32,19.5,NA,NA,NA,dead
1,PIED,PIED32,2.0,734,210.2,10,alive
1,PIED,PIED32,2.5,NA,NA,10,alive
1,PIED,PIED32,20.0,NA,NA,NA,dead
1,PIED,PIED32,20.5,NA,NA,NA,dead
1,PIED,PIED32,21.0,NA,NA,NA,dead
1,PIED,PIED32,21.5,NA,NA,NA,dead
1,PIED,PIED32,22.0,NA,NA,NA,dead
1,PIED,PIED32,22.5,NA,NA,NA,dead
1,PIED,PIED32,3.0,696,183.4,10,alive
1,PIED,PIED32,3.5,NA,NA,10,alive
1,PIED,PIED32,4.0,635,237,10,alive
1,PIED,PIED32,4.5,NA,NA,10,alive
1,PIED,PIED32,5.0,549,177.5,25,alive
1,PIED,PIED32,5.5,NA,NA,25,alive
1,PIED,PIED32,6.0,513,94.4,25,alive
1,PIED,PIED32,6.5,NA,NA,25,alive
1,PIED,PIED32,7.0,469,131,10,alive
1,PIED,PIED32,7.5,NA,NA,25,alive
1,PIED,PIED32,8.0,436,50.5,25,alive
1,PIED,PIED32,8.5,NA,NA,25,alive
1,PIED,PIED32,9.0,427,46.4,25,alive
1,PIED,PIED32,9.5,NA,NA,NA,alive
1,PIED,PIED33,1.0,723,219.5,10,alive
1,PIED,PIED33,1.5,NA,NA,10,alive
1,PIED,PIED33,10.0,405,61,10,alive
1,PIED,PIED33,10.5,NA,NA,10,alive
1,PIED,PIED33,11.0,399,85.5,25,alive
1,PIED,PIED33,11.5,NA,NA,25,alive
1,PIED,PIED33,12.0,393,77.6,25,alive
1,PIED,PIED33,12.5,NA,NA,50,alive
1,PIED,PIED33,13.0,388,56.1,50,alive
1,PIED,PIED33,13.5,NA,NA,50,alive
1,PIED,PIED33,14.0,385,72,75,alive
1,PIED,PIED33,14.5,NA,NA,75,dead
1,PIED,PIED33,15.0,384,93.1,75,dead
1,PIED,PIED33,15.5,NA,NA,75,dead
1,PIED,PIED33,16.0,382,70.1,75,dead
1,PIED,PIED33,16.5,NA,NA,75,dead
1,PIED,PIED33,17.0,382,100,90,dead
1,PIED,PIED33,17.5,NA,NA,NA,dead
1,PIED,PIED33,18.0,NA,NA,NA,dead
1,PIED,PIED33,18.5,NA,NA,NA,dead
1,PIED,PIED33,19.0,NA,NA,NA,dead
1,PIED,PIED33,19.5,NA,NA,NA,dead
1,PIED,PIED33,2.0,656,218.9,10,alive
1,PIED,PIED33,2.5,NA,NA,10,alive
1,PIED,PIED33,20.0,NA,NA,NA,dead
1,PIED,PIED33,20.5,NA,NA,NA,dead
1,PIED,PIED33,21.0,NA,NA,NA,dead
1,PIED,PIED33,21.5,NA,NA,NA,dead
1,PIED,PIED33,22.0,NA,NA,NA,dead
1,PIED,PIED33,22.5,NA,NA,NA,dead
1,PIED,PIED33,3.0,572,227.3,10,alive
1,PIED,PIED33,3.5,NA,NA,10,alive
1,PIED,PIED33,4.0,499,211.2,10,alive
1,PIED,PIED33,4.5,NA,NA,10,alive
1,PIED,PIED33,5.0,468,80,10,alive
1,PIED,PIED33,5.5,NA,NA,10,alive
1,PIED,PIED33,6.0,455,90.7,10,alive
1,PIED,PIED33,6.5,NA,NA,10,alive
1,PIED,PIED33,7.0,444,78.1,10,alive
1,PIED,PIED33,7.5,NA,NA,10,alive
1,PIED,PIED33,8.0,419,52.4,10,alive
1,PIED,PIED33,8.5,NA,NA,10,alive
1,PIED,PIED33,9.0,413,64.3,10,alive
1,PIED,PIED33,9.5,NA,NA,NA,alive
1,PIED,PIED34,1.0,691,96.4,10,alive
1,PIED,PIED34,1.5,NA,NA,10,alive
1,PIED,PIED34,10.0,335,47.6,10,alive
1,PIED,PIED34,10.5,NA,NA,10,alive
1,PIED,PIED34,11.0,330,56.9,10,alive
1,PIED,PIED34,11.5,NA,NA,25,alive
1,PIED,PIED34,12.0,328,67.3,25,alive
1,PIED,PIED34,12.5,NA,NA,25,alive
1,PIED,PIED34,13.0,326,53.6,25,alive
1,PIED,PIED34,13.5,NA,NA,50,dead
1,PIED,PIED34,14.0,324,57.8,75,dead
1,PIED,PIED34,14.5,NA,NA,75,dead
1,PIED,PIED34,15.0,324,67.3,90,dead
1,PIED,PIED34,15.5,NA,NA,90,dead
1,PIED,PIED34,16.0,322,62.7,90,dead
1,PIED,PIED34,16.5,NA,NA,NA,dead
1,PIED,PIED34,17.0,NA,NA,NA,dead
1,PIED,PIED34,17.5,NA,NA,NA,dead
1,PIED,PIED34,18.0,NA,NA,NA,dead
1,PIED,PIED34,18.5,NA,NA,NA,dead
1,PIED,PIED34,19.0,NA,NA,NA,dead
1,PIED,PIED34,19.5,NA,NA,NA,dead
1,PIED,PIED34,2.0,653,106.4,10,alive
1,PIED,PIED34,2.5,NA,NA,10,alive
1,PIED,PIED34,20.0,NA,NA,NA,dead
1,PIED,PIED34,20.5,NA,NA,NA,dead
1,PIED,PIED34,21.0,NA,NA,NA,dead
1,PIED,PIED34,21.5,NA,NA,NA,dead
1,PIED,PIED34,22.0,NA,NA,NA,dead
1,PIED,PIED34,22.5,NA,NA,NA,dead
1,PIED,PIED34,3.0,620,134.6,10,alive
1,PIED,PIED34,3.5,NA,NA,10,alive
1,PIED,PIED34,4.0,572,189.8,10,alive
1,PIED,PIED34,4.5,NA,NA,10,alive
1,PIED,PIED34,5.0,502,100.5,10,alive
1,PIED,PIED34,5.5,NA,NA,10,alive
1,PIED,PIED34,6.0,455,72.7,10,alive
1,PIED,PIED34,6.5,NA,NA,25,alive
1,PIED,PIED34,7.0,405,108.6,10,alive
1,PIED,PIED34,7.5,NA,NA,10,alive
1,PIED,PIED34,8.0,369,69.8,10,alive
1,PIED,PIED34,8.5,NA,NA,10,alive
1,PIED,PIED34,9.0,350,41,10,alive
1,PIED,PIED34,9.5,NA,NA,NA,alive
1,PIED,PIED35,1.0,656,189.2,10,alive
1,PIED,PIED35,1.5,NA,NA,25,alive
1,PIED,PIED35,10.0,325,64.2,25,alive
1,PIED,PIED35,10.5,NA,NA,25,alive
1,PIED,PIED35,11.0,319,57.2,50,alive
1,PIED,PIED35,11.5,NA,NA,50,alive
1,PIED,PIED35,12.0,314,64.4,50,alive
1,PIED,PIED35,12.5,NA,NA,75,dead
1,PIED,PIED35,13.0,310,58.2,75,dead
1,PIED,PIED35,13.5,NA,NA,75,dead
1,PIED,PIED35,14.0,308,70.4,75,dead
1,PIED,PIED35,14.5,NA,NA,75,dead
1,PIED,PIED35,15.0,307,59.9,90,dead
1,PIED,PIED35,15.5,NA,NA,NA,dead
1,PIED,PIED35,16.0,NA,NA,NA,dead
1,PIED,PIED35,16.5,NA,NA,NA,dead
1,PIED,PIED35,17.0,NA,NA,NA,dead
1,PIED,PIED35,17.5,NA,NA,NA,dead
1,PIED,PIED35,18.0,NA,NA,NA,dead
1,PIED,PIED35,18.5,NA,NA,NA,dead
1,PIED,PIED35,19.0,NA,NA,NA,dead
1,PIED,PIED35,19.5,NA,NA,NA,dead
1,PIED,PIED35,2.0,624,188,10,alive
1,PIED,PIED35,2.5,NA,NA,10,alive
1,PIED,PIED35,20.0,NA,NA,NA,dead
1,PIED,PIED35,20.5,NA,NA,NA,dead
1,PIED,PIED35,21.0,NA,NA,NA,dead
1,PIED,PIED35,21.5,NA,NA,NA,dead
1,PIED,PIED35,22.0,NA,NA,NA,dead
1,PIED,PIED35,22.5,NA,NA,NA,dead
1,PIED,PIED35,3.0,572,288.8,10,alive
1,PIED,PIED35,3.5,NA,NA,10,alive
1,PIED,PIED35,4.0,499,172.8,10,alive
1,PIED,PIED35,4.5,NA,NA,10,alive
1,PIED,PIED35,5.0,420,194.9,10,alive
1,PIED,PIED35,5.5,NA,NA,25,alive
1,PIED,PIED35,6.0,392,86.3,25,alive
1,PIED,PIED35,6.5,NA,NA,25,alive
1,PIED,PIED35,7.0,366,55.3,10,alive
1,PIED,PIED35,7.5,NA,NA,10,alive
1,PIED,PIED35,8.0,343,46.8,25,alive
1,PIED,PIED35,8.5,NA,NA,25,alive
1,PIED,PIED35,9.0,334,41.4,25,alive
1,PIED,PIED35,9.5,NA,NA,NA,alive
1,PIED,PIED36,1.0,736,122.1,10,alive
1,PIED,PIED36,1.5,NA,NA,10,alive
1,PIED,PIED36,10.0,508,213.5,10,alive
1,PIED,PIED36,10.5,NA,NA,10,alive
1,PIED,PIED36,11.0,489,385.4,10,alive
1,PIED,PIED36,11.5,NA,NA,10,alive
1,PIED,PIED36,12.0,439,91.1,10,alive
1,PIED,PIED36,12.5,NA,NA,10,alive
1,PIED,PIED36,13.0,457,218.8,10,alive
1,PIED,PIED36,13.5,NA,NA,10,alive
1,PIED,PIED36,14.0,421,72.8,10,alive
1,PIED,PIED36,14.5,NA,NA,10,alive
1,PIED,PIED36,15.0,461,144.3,10,alive
1,PIED,PIED36,15.5,NA,NA,10,alive
1,PIED,PIED36,16.0,422,51,10,alive
1,PIED,PIED36,16.5,NA,NA,10,alive
1,PIED,PIED36,17.0,459,159.1,10,alive
1,PIED,PIED36,17.5,NA,NA,10,alive
1,PIED,PIED36,18.0,NA,52.2,NA,alive
1,PIED,PIED36,18.5,NA,NA,10,alive
1,PIED,PIED36,19.0,488,NA,10,alive
1,PIED,PIED36,19.5,NA,NA,10,alive
1,PIED,PIED36,2.0,730,372.8,10,alive
1,PIED,PIED36,2.5,NA,NA,10,alive
1,PIED,PIED36,20.0,428,NA,10,alive
1,PIED,PIED36,20.5,NA,NA,10,alive
1,PIED,PIED36,21.0,487,334.5,10,alive
1,PIED,PIED36,21.5,NA,NA,NA,alive
1,PIED,PIED36,22.0,414,NA,NA,alive
1,PIED,PIED36,22.5,NA,NA,10,alive
1,PIED,PIED36,3.0,665,309.1,10,alive
1,PIED,PIED36,3.5,NA,NA,10,alive
1,PIED,PIED36,4.0,579,NA,10,alive
1,PIED,PIED36,4.5,NA,NA,10,alive
1,PIED,PIED36,5.0,596,285.1,10,alive
1,PIED,PIED36,5.5,NA,NA,10,alive
1,PIED,PIED36,6.0,539,153.9,10,alive
1,PIED,PIED36,6.5,NA,NA,10,alive
1,PIED,PIED36,7.0,589,255.6,10,alive
1,PIED,PIED36,7.5,NA,NA,10,alive
1,PIED,PIED36,8.0,466,193.1,10,alive
1,PIED,PIED36,8.5,NA,NA,10,alive
1,PIED,PIED36,9.0,507,243.5,10,alive
1,PIED,PIED36,9.5,NA,NA,NA,alive
1,PIED,PIED37,1.0,742,NA,10,alive
1,PIED,PIED37,1.5,NA,NA,10,alive
1,PIED,PIED37,10.0,446,NA,10,alive
1,PIED,PIED37,10.5,NA,NA,10,alive
1,PIED,PIED37,11.0,439,NA,10,alive
1,PIED,PIED37,11.5,NA,NA,25,alive
1,PIED,PIED37,12.0,434,NA,10,alive
1,PIED,PIED37,12.5,NA,NA,50,alive
1,PIED,PIED37,13.0,427,NA,50,alive
1,PIED,PIED37,13.5,NA,NA,50,alive
1,PIED,PIED37,14.0,423,NA,75,dead
1,PIED,PIED37,14.5,NA,NA,75,dead
1,PIED,PIED37,15.0,421,NA,75,dead
1,PIED,PIED37,15.5,NA,NA,90,dead
1,PIED,PIED37,16.0,419,NA,90,dead
1,PIED,PIED37,16.5,NA,NA,NA,dead
1,PIED,PIED37,17.0,NA,NA,NA,dead
1,PIED,PIED37,17.5,NA,NA,NA,dead
1,PIED,PIED37,18.0,NA,NA,NA,dead
1,PIED,PIED37,18.5,NA,NA,NA,dead
1,PIED,PIED37,19.0,NA,NA,NA,dead
1,PIED,PIED37,19.5,NA,NA,NA,dead
1,PIED,PIED37,2.0,694,NA,10,alive
1,PIED,PIED37,2.5,NA,NA,10,alive
1,PIED,PIED37,20.0,NA,NA,NA,dead
1,PIED,PIED37,20.5,NA,NA,NA,dead
1,PIED,PIED37,21.0,NA,NA,NA,dead
1,PIED,PIED37,21.5,NA,NA,NA,dead
1,PIED,PIED37,22.0,NA,NA,NA,dead
1,PIED,PIED37,22.5,NA,NA,NA,dead
1,PIED,PIED37,3.0,616,NA,10,alive
1,PIED,PIED37,3.5,NA,NA,10,alive
1,PIED,PIED37,4.0,535,NA,10,alive
1,PIED,PIED37,4.5,NA,NA,10,alive
1,PIED,PIED37,5.0,506,NA,10,alive
1,PIED,PIED37,5.5,NA,NA,10,alive
1,PIED,PIED37,6.0,494,NA,10,alive
1,PIED,PIED37,6.5,NA,NA,10,alive
1,PIED,PIED37,7.0,484,NA,10,alive
1,PIED,PIED37,7.5,NA,NA,25,alive
1,PIED,PIED37,8.0,460,NA,10,alive
1,PIED,PIED37,8.5,NA,NA,10,alive
1,PIED,PIED37,9.0,453,NA,10,alive
1,PIED,PIED37,9.5,NA,NA,NA,alive
1,PIED,PIED38,1.0,729,149.5,10,alive
1,PIED,PIED38,1.5,NA,NA,10,alive
1,PIED,PIED38,10.0,382,58.4,10,alive
1,PIED,PIED38,10.5,NA,NA,10,alive
1,PIED,PIED38,11.0,372,56.6,10,alive
1,PIED,PIED38,11.5,NA,NA,10,alive
1,PIED,PIED38,12.0,366,69.7,10,alive
1,PIED,PIED38,12.5,NA,NA,25,alive
1,PIED,PIED38,13.0,360,52.9,25,alive
1,PIED,PIED38,13.5,NA,NA,25,alive
1,PIED,PIED38,14.0,357,68.2,50,dead
1,PIED,PIED38,14.5,NA,NA,50,dead
1,PIED,PIED38,15.0,357,75.5,75,dead
1,PIED,PIED38,15.5,NA,NA,50,dead
1,PIED,PIED38,16.0,355,63.7,75,dead
1,PIED,PIED38,16.5,NA,NA,NA,dead
1,PIED,PIED38,17.0,NA,NA,NA,dead
1,PIED,PIED38,17.5,NA,NA,NA,dead
1,PIED,PIED38,18.0,NA,NA,NA,dead
1,PIED,PIED38,18.5,NA,NA,NA,dead
1,PIED,PIED38,19.0,NA,NA,NA,dead
1,PIED,PIED38,19.5,NA,NA,NA,dead
1,PIED,PIED38,2.0,693,181.3,10,alive
1,PIED,PIED38,2.5,NA,NA,10,alive
1,PIED,PIED38,20.0,NA,NA,NA,dead
1,PIED,PIED38,20.5,NA,NA,NA,dead
1,PIED,PIED38,21.0,NA,NA,NA,dead
1,PIED,PIED38,21.5,NA,NA,NA,dead
1,PIED,PIED38,22.0,NA,NA,NA,dead
1,PIED,PIED38,22.5,NA,NA,NA,dead
1,PIED,PIED38,3.0,655,190.4,10,alive
1,PIED,PIED38,3.5,NA,NA,10,alive
1,PIED,PIED38,4.0,596,253.7,10,alive
1,PIED,PIED38,4.5,NA,NA,10,alive
1,PIED,PIED38,5.0,514,148.6,10,alive
1,PIED,PIED38,5.5,NA,NA,10,alive
1,PIED,PIED38,6.0,483,75.1,10,alive
1,PIED,PIED38,6.5,NA,NA,10,alive
1,PIED,PIED38,7.0,444,144.9,10,alive
1,PIED,PIED38,7.5,NA,NA,10,alive
1,PIED,PIED38,8.0,403,61.7,10,alive
1,PIED,PIED38,8.5,NA,NA,10,alive
1,PIED,PIED38,9.0,390,41.3,10,alive
1,PIED,PIED38,9.5,NA,NA,NA,alive
1,PIED,PIED39,1.0,800,133.7,10,alive
1,PIED,PIED39,1.5,NA,NA,25,alive
1,PIED,PIED39,10.0,445,113.9,25,alive
1,PIED,PIED39,10.5,NA,NA,25,alive
1,PIED,PIED39,11.0,419,114.9,25,alive
1,PIED,PIED39,11.5,NA,NA,25,alive
1,PIED,PIED39,12.0,402,58.1,25,alive
1,PIED,PIED39,12.5,NA,NA,50,alive
1,PIED,PIED39,13.0,382,66.8,50,alive
1,PIED,PIED39,13.5,NA,NA,50,alive
1,PIED,PIED39,14.0,371,59,50,alive
1,PIED,PIED39,14.5,NA,NA,50,alive
1,PIED,PIED39,15.0,370,68,75,dead
1,PIED,PIED39,15.5,NA,NA,50,dead
1,PIED,PIED39,16.0,369,72.8,90,dead
1,PIED,PIED39,16.5,NA,NA,90,dead
1,PIED,PIED39,17.0,370,NA,90,dead
1,PIED,PIED39,17.5,NA,NA,NA,dead
1,PIED,PIED39,18.0,NA,NA,NA,dead
1,PIED,PIED39,18.5,NA,NA,NA,dead
1,PIED,PIED39,19.0,NA,NA,NA,dead
1,PIED,PIED39,19.5,NA,NA,NA,dead
1,PIED,PIED39,2.0,775,98.9,10,alive
1,PIED,PIED39,2.5,NA,NA,10,alive
1,PIED,PIED39,20.0,NA,NA,NA,dead
1,PIED,PIED39,20.5,NA,NA,NA,dead
1,PIED,PIED39,21.0,NA,NA,NA,dead
1,PIED,PIED39,21.5,NA,NA,NA,dead
1,PIED,PIED39,22.0,NA,NA,NA,dead
1,PIED,PIED39,22.5,NA,NA,NA,dead
1,PIED,PIED39,3.0,753,99.1,10,alive
1,PIED,PIED39,3.5,NA,NA,10,alive
1,PIED,PIED39,4.0,716,165.7,10,alive
1,PIED,PIED39,4.5,NA,NA,10,alive
1,PIED,PIED39,5.0,662,79.9,10,alive
1,PIED,PIED39,5.5,NA,NA,25,alive
1,PIED,PIED39,6.0,630,70.9,25,alive
1,PIED,PIED39,6.5,NA,NA,25,alive
1,PIED,PIED39,7.0,590,174.7,10,alive
1,PIED,PIED39,7.5,NA,NA,25,alive
1,PIED,PIED39,8.0,521,166.7,25,alive
1,PIED,PIED39,8.5,NA,NA,25,alive
1,PIED,PIED39,9.0,483,72.6,25,alive
1,PIED,PIED39,9.5,NA,NA,NA,alive
1,PIED,PIED40,1.0,789,NA,10,alive
1,PIED,PIED40,1.5,NA,NA,25,alive
1,PIED,PIED40,10.0,451,NA,25,alive
1,PIED,PIED40,10.5,NA,NA,25,alive
1,PIED,PIED40,11.0,443,NA,25,alive
1,PIED,PIED40,11.5,NA,NA,25,alive
1,PIED,PIED40,12.0,436,NA,25,alive
1,PIED,PIED40,12.5,NA,NA,25,alive
1,PIED,PIED40,13.0,428,NA,50,alive
1,PIED,PIED40,13.5,NA,NA,50,alive
1,PIED,PIED40,14.0,422,NA,50,alive
1,PIED,PIED40,14.5,NA,NA,50,alive
1,PIED,PIED40,15.0,418,NA,50,alive
1,PIED,PIED40,15.5,NA,NA,50,alive
1,PIED,PIED40,16.0,414,NA,50,alive
1,PIED,PIED40,16.5,NA,NA,50,alive
1,PIED,PIED40,17.0,413,NA,50,alive
1,PIED,PIED40,17.5,NA,NA,50,alive
1,PIED,PIED40,18.0,NA,NA,NA,NA
1,PIED,PIED40,18.5,NA,NA,75,dead
1,PIED,PIED40,19.0,411,NA,75,dead
1,PIED,PIED40,19.5,NA,NA,90,dead
1,PIED,PIED40,2.0,741,NA,10,alive
1,PIED,PIED40,2.5,NA,NA,10,alive
1,PIED,PIED40,20.0,409,NA,90,dead
1,PIED,PIED40,20.5,NA,NA,NA,dead
1,PIED,PIED40,21.0,NA,NA,NA,dead
1,PIED,PIED40,21.5,NA,NA,NA,dead
1,PIED,PIED40,22.0,NA,NA,NA,dead
1,PIED,PIED40,22.5,NA,NA,NA,dead
1,PIED,PIED40,3.0,683,NA,10,alive
1,PIED,PIED40,3.5,NA,NA,10,alive
1,PIED,PIED40,4.0,618,NA,25,alive
1,PIED,PIED40,4.5,NA,NA,25,alive
1,PIED,PIED40,5.0,548,NA,25,alive
1,PIED,PIED40,5.5,NA,NA,25,alive
1,PIED,PIED40,6.0,518,NA,25,alive
1,PIED,PIED40,6.5,NA,NA,25,alive
1,PIED,PIED40,7.0,488,NA,10,alive
1,PIED,PIED40,7.5,NA,NA,25,alive
1,PIED,PIED40,8.0,464,NA,25,alive
1,PIED,PIED40,8.5,NA,NA,25,alive
1,PIED,PIED40,9.0,463,NA,25,alive
1,PIED,PIED40,9.5,NA,NA,NA,alive
1,PIED,PIED41,1.0,841,NA,10,alive
1,PIED,PIED41,1.5,NA,NA,10,alive
1,PIED,PIED41,10.0,562,NA,50,alive
1,PIED,PIED41,10.5,NA,NA,75,alive
1,PIED,PIED41,11.0,533,NA,75,alive
1,PIED,PIED41,11.5,NA,NA,75,alive
1,PIED,PIED41,12.0,512,NA,75,dead
1,PIED,PIED41,12.5,NA,NA,75,dead
1,PIED,PIED41,13.0,490,NA,75,dead
1,PIED,PIED41,13.5,NA,NA,75,dead
1,PIED,PIED41,14.0,474,NA,90,dead
1,PIED,PIED41,14.5,NA,NA,NA,dead
1,PIED,PIED41,15.0,NA,NA,NA,dead
1,PIED,PIED41,15.5,NA,NA,NA,dead
1,PIED,PIED41,16.0,NA,NA,NA,dead
1,PIED,PIED41,16.5,NA,NA,NA,dead
1,PIED,PIED41,17.0,NA,NA,NA,dead
1,PIED,PIED41,17.5,NA,NA,NA,dead
1,PIED,PIED41,18.0,NA,NA,NA,dead
1,PIED,PIED41,18.5,NA,NA,NA,dead
1,PIED,PIED41,19.0,NA,NA,NA,dead
1,PIED,PIED41,19.5,NA,NA,NA,dead
1,PIED,PIED41,2.0,825,NA,10,alive
1,PIED,PIED41,2.5,NA,NA,10,alive
1,PIED,PIED41,20.0,NA,NA,NA,dead
1,PIED,PIED41,20.5,NA,NA,NA,dead
1,PIED,PIED41,21.0,NA,NA,NA,dead
1,PIED,PIED41,21.5,NA,NA,NA,dead
1,PIED,PIED41,22.0,NA,NA,NA,dead
1,PIED,PIED41,22.5,NA,NA,NA,dead
1,PIED,PIED41,3.0,805,NA,10,alive
1,PIED,PIED41,3.5,NA,NA,10,alive
1,PIED,PIED41,4.0,778,NA,10,alive
1,PIED,PIED41,4.5,NA,NA,10,alive
1,PIED,PIED41,5.0,732,NA,10,alive
1,PIED,PIED41,5.5,NA,NA,10,alive
1,PIED,PIED41,6.0,706,NA,10,alive
1,PIED,PIED41,6.5,NA,NA,10,alive
1,PIED,PIED41,7.0,672,NA,10,alive
1,PIED,PIED41,7.5,NA,NA,25,alive
1,PIED,PIED41,8.0,610,NA,25,alive
1,PIED,PIED41,8.5,NA,NA,25,alive
1,PIED,PIED41,9.0,585,NA,25,alive
1,PIED,PIED41,9.5,NA,NA,NA,alive
1,PIED,PIED42,1.0,751,NA,10,alive
1,PIED,PIED42,1.5,NA,NA,10,alive
1,PIED,PIED42,10.0,563,NA,10,alive
1,PIED,PIED42,10.5,NA,NA,10,alive
1,PIED,PIED42,11.0,531,NA,10,alive
1,PIED,PIED42,11.5,NA,NA,10,alive
1,PIED,PIED42,12.0,477,NA,10,alive
1,PIED,PIED42,12.5,NA,NA,25,alive
1,PIED,PIED42,13.0,503,NA,10,alive
1,PIED,PIED42,13.5,NA,NA,25,alive
1,PIED,PIED42,14.0,468,NA,10,alive
1,PIED,PIED42,14.5,NA,NA,25,alive
1,PIED,PIED42,15.0,533,NA,10,alive
1,PIED,PIED42,15.5,NA,NA,25,alive
1,PIED,PIED42,16.0,473,NA,25,alive
1,PIED,PIED42,16.5,NA,NA,25,alive
1,PIED,PIED42,17.0,493,NA,10,alive
1,PIED,PIED42,17.5,NA,NA,10,alive
1,PIED,PIED42,18.0,NA,NA,NA,alive
1,PIED,PIED42,18.5,NA,NA,10,alive
1,PIED,PIED42,19.0,526,NA,10,alive
1,PIED,PIED42,19.5,NA,NA,10,alive
1,PIED,PIED42,2.0,751,NA,10,alive
1,PIED,PIED42,2.5,NA,NA,10,alive
1,PIED,PIED42,20.0,469,NA,10,alive
1,PIED,PIED42,20.5,NA,NA,10,alive
1,PIED,PIED42,21.0,530,NA,10,alive
1,PIED,PIED42,21.5,NA,NA,NA,alive
1,PIED,PIED42,22.0,458,NA,NA,alive
1,PIED,PIED42,22.5,NA,NA,25,alive
1,PIED,PIED42,3.0,649,NA,10,alive
1,PIED,PIED42,3.5,NA,NA,10,alive
1,PIED,PIED42,4.0,523,NA,10,alive
1,PIED,PIED42,4.5,NA,NA,10,alive
1,PIED,PIED42,5.0,529,NA,10,alive
1,PIED,PIED42,5.5,NA,NA,10,alive
1,PIED,PIED42,6.0,493,NA,25,alive
1,PIED,PIED42,6.5,NA,NA,10,alive
1,PIED,PIED42,7.0,579,NA,10,alive
1,PIED,PIED42,7.5,NA,NA,10,alive
1,PIED,PIED42,8.0,486,NA,10,alive
1,PIED,PIED42,8.5,NA,NA,10,alive
1,PIED,PIED42,9.0,573,NA,10,alive
1,PIED,PIED42,9.5,NA,NA,NA,alive
1,PIED,PIED43,1.0,711,191.5,10,alive
1,PIED,PIED43,1.5,NA,NA,10,alive
1,PIED,PIED43,10.0,387,56.7,25,alive
1,PIED,PIED43,10.5,NA,NA,25,alive
1,PIED,PIED43,11.0,381,65.1,25,alive
1,PIED,PIED43,11.5,NA,NA,75,alive
1,PIED,PIED43,12.0,379,60.1,75,dead
1,PIED,PIED43,12.5,NA,NA,90,dead
1,PIED,PIED43,13.0,375,50.2,90,dead
1,PIED,PIED43,13.5,NA,NA,90,dead
1,PIED,PIED43,14.0,373,64,90,dead
1,PIED,PIED43,14.5,NA,NA,NA,dead
1,PIED,PIED43,15.0,NA,NA,NA,dead
1,PIED,PIED43,15.5,NA,NA,NA,dead
1,PIED,PIED43,16.0,NA,NA,NA,dead
1,PIED,PIED43,16.5,NA,NA,NA,dead
1,PIED,PIED43,17.0,NA,NA,NA,dead
1,PIED,PIED43,17.5,NA,NA,NA,dead
1,PIED,PIED43,18.0,NA,NA,NA,dead
1,PIED,PIED43,18.5,NA,NA,NA,dead
1,PIED,PIED43,19.0,NA,NA,NA,dead
1,PIED,PIED43,19.5,NA,NA,NA,dead
1,PIED,PIED43,2.0,662,218.6,10,alive
1,PIED,PIED43,2.5,NA,NA,10,alive
1,PIED,PIED43,20.0,NA,NA,NA,dead
1,PIED,PIED43,20.5,NA,NA,NA,dead
1,PIED,PIED43,21.0,NA,NA,NA,dead
1,PIED,PIED43,21.5,NA,NA,NA,dead
1,PIED,PIED43,22.0,NA,NA,NA,dead
1,PIED,PIED43,22.5,NA,NA,NA,dead
1,PIED,PIED43,3.0,594,177.9,10,alive
1,PIED,PIED43,3.5,NA,NA,10,alive
1,PIED,PIED43,4.0,513,224.5,10,alive
1,PIED,PIED43,4.5,NA,NA,10,alive
1,PIED,PIED43,5.0,450,149.5,10,alive
1,PIED,PIED43,5.5,NA,NA,10,alive
1,PIED,PIED43,6.0,435,100.8,25,alive
1,PIED,PIED43,6.5,NA,NA,25,alive
1,PIED,PIED43,7.0,424,58.9,10,alive
1,PIED,PIED43,7.5,NA,NA,25,alive
1,PIED,PIED43,8.0,400,53.3,25,alive
1,PIED,PIED43,8.5,NA,NA,25,alive
1,PIED,PIED43,9.0,395,49.2,25,alive
1,PIED,PIED43,9.5,NA,NA,NA,alive
1,PIED,PIED44,1.0,837,NA,10,alive
1,PIED,PIED44,1.5,NA,NA,10,alive
1,PIED,PIED44,10.0,492,NA,10,alive
1,PIED,PIED44,10.5,NA,NA,10,alive
1,PIED,PIED44,11.0,483,NA,10,alive
1,PIED,PIED44,11.5,NA,NA,25,alive
1,PIED,PIED44,12.0,473,NA,10,alive
1,PIED,PIED44,12.5,NA,NA,25,alive
1,PIED,PIED44,13.0,469,NA,25,alive
1,PIED,PIED44,13.5,NA,NA,25,alive
1,PIED,PIED44,14.0,463,NA,50,alive
1,PIED,PIED44,14.5,NA,NA,50,alive
1,PIED,PIED44,15.0,458,NA,50,alive
1,PIED,PIED44,15.5,NA,NA,75,dead
1,PIED,PIED44,16.0,456,NA,75,dead
1,PIED,PIED44,16.5,NA,NA,75,dead
1,PIED,PIED44,17.0,455,NA,90,dead
1,PIED,PIED44,17.5,NA,NA,75,dead
1,PIED,PIED44,18.0,NA,NA,NA,dead
1,PIED,PIED44,18.5,NA,NA,90,dead
1,PIED,PIED44,19.0,NA,NA,90,dead
1,PIED,PIED44,19.5,NA,NA,90,dead
1,PIED,PIED44,2.0,783,NA,10,alive
1,PIED,PIED44,2.5,NA,NA,10,alive
1,PIED,PIED44,20.0,NA,NA,90,dead
1,PIED,PIED44,20.5,NA,NA,NA,dead
1,PIED,PIED44,21.0,NA,NA,NA,dead
1,PIED,PIED44,21.5,NA,NA,NA,dead
1,PIED,PIED44,22.0,NA,NA,NA,dead
1,PIED,PIED44,22.5,NA,NA,NA,dead
1,PIED,PIED44,3.0,714,NA,10,alive
1,PIED,PIED44,3.5,NA,NA,10,alive
1,PIED,PIED44,4.0,635,NA,10,alive
1,PIED,PIED44,4.5,NA,NA,10,alive
1,PIED,PIED44,5.0,566,NA,10,alive
1,PIED,PIED44,5.5,NA,NA,25,alive
1,PIED,PIED44,6.0,544,NA,25,alive
1,PIED,PIED44,6.5,NA,NA,25,alive
1,PIED,PIED44,7.0,527,NA,10,alive
1,PIED,PIED44,7.5,NA,NA,25,alive
1,PIED,PIED44,8.0,510,NA,10,alive
1,PIED,PIED44,8.5,NA,NA,10,alive
1,PIED,PIED44,9.0,501,NA,10,alive
1,PIED,PIED44,9.5,NA,NA,NA,alive
1,PIED,PIED45,1.0,725,NA,10,alive
1,PIED,PIED45,1.5,NA,NA,10,alive
1,PIED,PIED45,10.0,387,NA,50,alive
1,PIED,PIED45,10.5,NA,NA,75,alive
1,PIED,PIED45,11.0,373,NA,75,alive
1,PIED,PIED45,11.5,NA,NA,75,alive
1,PIED,PIED45,12.0,362,NA,75,dead
1,PIED,PIED45,12.5,NA,NA,90,dead
1,PIED,PIED45,13.0,348,NA,90,dead
1,PIED,PIED45,13.5,NA,NA,90,dead
1,PIED,PIED45,14.0,345,NA,90,dead
1,PIED,PIED45,14.5,NA,NA,NA,dead
1,PIED,PIED45,15.0,NA,NA,NA,dead
1,PIED,PIED45,15.5,NA,NA,NA,dead
1,PIED,PIED45,16.0,NA,NA,NA,dead
1,PIED,PIED45,16.5,NA,NA,NA,dead
1,PIED,PIED45,17.0,NA,NA,NA,dead
1,PIED,PIED45,17.5,NA,NA,NA,dead
1,PIED,PIED45,18.0,NA,NA,NA,dead
1,PIED,PIED45,18.5,NA,NA,NA,dead
1,PIED,PIED45,19.0,NA,NA,NA,dead
1,PIED,PIED45,19.5,NA,NA,NA,dead
1,PIED,PIED45,2.0,705,NA,10,alive
1,PIED,PIED45,2.5,NA,NA,10,alive
1,PIED,PIED45,20.0,NA,NA,NA,dead
1,PIED,PIED45,20.5,NA,NA,NA,dead
1,PIED,PIED45,21.0,NA,NA,NA,dead
1,PIED,PIED45,21.5,NA,NA,NA,dead
1,PIED,PIED45,22.0,NA,NA,NA,dead
1,PIED,PIED45,22.5,NA,NA,NA,dead
1,PIED,PIED45,3.0,663,NA,10,alive
1,PIED,PIED45,3.5,NA,NA,10,alive
1,PIED,PIED45,4.0,610,NA,10,alive
1,PIED,PIED45,4.5,NA,NA,10,alive
1,PIED,PIED45,5.0,553,NA,10,alive
1,PIED,PIED45,5.5,NA,NA,10,alive
1,PIED,PIED45,6.0,516,NA,10,alive
1,PIED,PIED45,6.5,NA,NA,10,alive
1,PIED,PIED45,7.0,477,NA,10,alive
1,PIED,PIED45,7.5,NA,NA,25,alive
1,PIED,PIED45,8.0,416,NA,25,alive
1,PIED,PIED45,8.5,NA,NA,25,alive
1,PIED,PIED45,9.0,401,NA,25,alive
1,PIED,PIED45,9.5,NA,NA,NA,alive
1,PIED,PIED46,1.0,602,176,10,alive
1,PIED,PIED46,1.5,NA,NA,10,alive
1,PIED,PIED46,10.0,307,48.8,10,alive
1,PIED,PIED46,10.5,NA,NA,10,alive
1,PIED,PIED46,11.0,291,47.5,10,alive
1,PIED,PIED46,11.5,NA,NA,10,alive
1,PIED,PIED46,12.0,278,68.6,10,alive
1,PIED,PIED46,12.5,NA,NA,25,alive
1,PIED,PIED46,13.0,274,50.6,10,alive
1,PIED,PIED46,13.5,NA,NA,10,alive
1,PIED,PIED46,14.0,271,48,10,alive
1,PIED,PIED46,14.5,NA,NA,25,alive
1,PIED,PIED46,15.0,271,55.5,25,dead
1,PIED,PIED46,15.5,NA,NA,50,dead
1,PIED,PIED46,16.0,269,64.5,50,dead
1,PIED,PIED46,16.5,NA,NA,75,dead
1,PIED,PIED46,17.0,269,80.3,75,dead
1,PIED,PIED46,17.5,NA,NA,NA,dead
1,PIED,PIED46,18.0,NA,NA,NA,dead
1,PIED,PIED46,18.5,NA,NA,NA,dead
1,PIED,PIED46,19.0,NA,NA,NA,dead
1,PIED,PIED46,19.5,NA,NA,NA,dead
1,PIED,PIED46,2.0,571,110.5,10,alive
1,PIED,PIED46,2.5,NA,NA,10,alive
1,PIED,PIED46,20.0,NA,NA,NA,dead
1,PIED,PIED46,20.5,NA,NA,NA,dead
1,PIED,PIED46,21.0,NA,NA,NA,dead
1,PIED,PIED46,21.5,NA,NA,NA,dead
1,PIED,PIED46,22.0,NA,NA,NA,dead
1,PIED,PIED46,22.5,NA,NA,NA,dead
1,PIED,PIED46,3.0,546,223.2,10,alive
1,PIED,PIED46,3.5,NA,NA,10,alive
1,PIED,PIED46,4.0,502,354.7,10,alive
1,PIED,PIED46,4.5,NA,NA,10,alive
1,PIED,PIED46,5.0,448,158.4,10,alive
1,PIED,PIED46,5.5,NA,NA,10,alive
1,PIED,PIED46,6.0,420,87.4,10,alive
1,PIED,PIED46,6.5,NA,NA,10,alive
1,PIED,PIED46,7.0,390,95.8,10,alive
1,PIED,PIED46,7.5,NA,NA,10,alive
1,PIED,PIED46,8.0,349,86.6,10,alive
1,PIED,PIED46,8.5,NA,NA,10,alive
1,PIED,PIED46,9.0,329,100.8,10,alive
1,PIED,PIED46,9.5,NA,NA,NA,alive
1,PIED,PIED47,1.0,818,NA,10,alive
1,PIED,PIED47,1.5,NA,NA,10,alive
1,PIED,PIED47,10.0,463,NA,10,alive
1,PIED,PIED47,10.5,NA,NA,10,alive
1,PIED,PIED47,11.0,457,NA,25,alive
1,PIED,PIED47,11.5,NA,NA,50,alive
1,PIED,PIED47,12.0,441,NA,50,alive
1,PIED,PIED47,12.5,NA,NA,75,dead
1,PIED,PIED47,13.0,438,NA,75,dead
1,PIED,PIED47,13.5,NA,NA,90,dead
1,PIED,PIED47,14.0,437,NA,90,dead
1,PIED,PIED47,14.5,NA,NA,90,dead
1,PIED,PIED47,15.0,435,NA,90,dead
1,PIED,PIED47,15.5,NA,NA,NA,dead
1,PIED,PIED47,16.0,NA,NA,NA,dead
1,PIED,PIED47,16.5,NA,NA,NA,dead
1,PIED,PIED47,17.0,NA,NA,NA,dead
1,PIED,PIED47,17.5,NA,NA,NA,dead
1,PIED,PIED47,18.0,NA,NA,NA,dead
1,PIED,PIED47,18.5,NA,NA,NA,dead
1,PIED,PIED47,19.0,NA,NA,NA,dead
1,PIED,PIED47,19.5,NA,NA,NA,dead
1,PIED,PIED47,2.0,753,NA,10,alive
1,PIED,PIED47,2.5,NA,NA,10,alive
1,PIED,PIED47,20.0,NA,NA,NA,dead
1,PIED,PIED47,20.5,NA,NA,NA,dead
1,PIED,PIED47,21.0,NA,NA,NA,dead
1,PIED,PIED47,21.5,NA,NA,NA,dead
1,PIED,PIED47,22.0,NA,NA,NA,dead
1,PIED,PIED47,22.5,NA,NA,NA,dead
1,PIED,PIED47,3.0,660,NA,10,alive
1,PIED,PIED47,3.5,NA,NA,10,alive
1,PIED,PIED47,4.0,563,NA,10,alive
1,PIED,PIED47,4.5,NA,NA,10,alive
1,PIED,PIED47,5.0,528,NA,10,alive
1,PIED,PIED47,5.5,NA,NA,25,alive
1,PIED,PIED47,6.0,507,NA,10,alive
1,PIED,PIED47,6.5,NA,NA,25,alive
1,PIED,PIED47,7.0,498,NA,10,alive
1,PIED,PIED47,7.5,NA,NA,25,alive
1,PIED,PIED47,8.0,475,NA,10,alive
1,PIED,PIED47,8.5,NA,NA,10,alive
1,PIED,PIED47,9.0,469,NA,10,alive
1,PIED,PIED47,9.5,NA,NA,NA,alive
1,PIED,PIED48,1.0,705,NA,10,alive
1,PIED,PIED48,1.5,NA,NA,10,alive
1,PIED,PIED48,10.0,356,NA,50,alive
1,PIED,PIED48,10.5,NA,NA,50,alive
1,PIED,PIED48,11.0,352,NA,50,alive
1,PIED,PIED48,11.5,NA,NA,75,alive
1,PIED,PIED48,12.0,350,NA,50,dead
1,PIED,PIED48,12.5,NA,NA,75,dead
1,PIED,PIED48,13.0,348,NA,75,dead
1,PIED,PIED48,13.5,NA,NA,75,dead
1,PIED,PIED48,14.0,347,NA,90,dead
1,PIED,PIED48,14.5,NA,NA,NA,dead
1,PIED,PIED48,15.0,NA,NA,NA,dead
1,PIED,PIED48,15.5,NA,NA,NA,dead
1,PIED,PIED48,16.0,NA,NA,NA,dead
1,PIED,PIED48,16.5,NA,NA,NA,dead
1,PIED,PIED48,17.0,NA,NA,NA,dead
1,PIED,PIED48,17.5,NA,NA,NA,dead
1,PIED,PIED48,18.0,NA,NA,NA,dead
1,PIED,PIED48,18.5,NA,NA,NA,dead
1,PIED,PIED48,19.0,NA,NA,NA,dead
1,PIED,PIED48,19.5,NA,NA,NA,dead
1,PIED,PIED48,2.0,661,NA,10,alive
1,PIED,PIED48,2.5,NA,NA,10,alive
1,PIED,PIED48,20.0,NA,NA,NA,dead
1,PIED,PIED48,20.5,NA,NA,NA,dead
1,PIED,PIED48,21.0,NA,NA,NA,dead
1,PIED,PIED48,21.5,NA,NA,NA,dead
1,PIED,PIED48,22.0,NA,NA,NA,dead
1,PIED,PIED48,22.5,NA,NA,NA,dead
1,PIED,PIED48,3.0,577,NA,10,alive
1,PIED,PIED48,3.5,NA,NA,10,alive
1,PIED,PIED48,4.0,486,NA,10,alive
1,PIED,PIED48,4.5,NA,NA,10,alive
1,PIED,PIED48,5.0,432,NA,10,alive
1,PIED,PIED48,5.5,NA,NA,10,alive
1,PIED,PIED48,6.0,415,NA,10,alive
1,PIED,PIED48,6.5,NA,NA,25,alive
1,PIED,PIED48,7.0,398,NA,10,alive
1,PIED,PIED48,7.5,NA,NA,25,alive
1,PIED,PIED48,8.0,371,NA,10,alive
1,PIED,PIED48,8.5,NA,NA,10,alive
1,PIED,PIED48,9.0,362,NA,10,alive
1,PIED,PIED48,9.5,NA,NA,NA,alive
1,PIED,PIED49,1.0,815,73.4,10,alive
1,PIED,PIED49,1.5,NA,NA,10,alive
1,PIED,PIED49,10.0,460,57.9,10,alive
1,PIED,PIED49,10.5,NA,NA,10,alive
1,PIED,PIED49,11.0,450,53.1,10,alive
1,PIED,PIED49,11.5,NA,NA,10,alive
1,PIED,PIED49,12.0,442,71.8,10,alive
1,PIED,PIED49,12.5,NA,NA,25,alive
1,PIED,PIED49,13.0,433,61.5,10,alive
1,PIED,PIED49,13.5,NA,NA,25,alive
1,PIED,PIED49,14.0,426,54.6,25,alive
1,PIED,PIED49,14.5,NA,NA,25,alive
1,PIED,PIED49,15.0,422,62,50,alive
1,PIED,PIED49,15.5,NA,NA,50,alive
1,PIED,PIED49,16.0,418,58.3,50,alive
1,PIED,PIED49,16.5,NA,NA,75,alive
1,PIED,PIED49,17.0,417,88.8,75,dead
1,PIED,PIED49,17.5,NA,NA,75,dead
1,PIED,PIED49,18.0,NA,81.9,NA,dead
1,PIED,PIED49,18.5,NA,NA,90,dead
1,PIED,PIED49,19.0,NA,NA,90,dead
1,PIED,PIED49,19.5,NA,NA,90,dead
1,PIED,PIED49,2.0,772,207.9,10,alive
1,PIED,PIED49,2.5,NA,NA,10,alive
1,PIED,PIED49,20.0,NA,NA,90,dead
1,PIED,PIED49,20.5,NA,NA,NA,dead
1,PIED,PIED49,21.0,NA,NA,NA,dead
1,PIED,PIED49,21.5,NA,NA,NA,dead
1,PIED,PIED49,22.0,NA,NA,NA,dead
1,PIED,PIED49,22.5,NA,NA,NA,dead
1,PIED,PIED49,3.0,704,94.8,10,alive
1,PIED,PIED49,3.5,NA,NA,10,alive
1,PIED,PIED49,4.0,617,218.4,10,alive
1,PIED,PIED49,4.5,NA,NA,10,alive
1,PIED,PIED49,5.0,533,76.1,10,alive
1,PIED,PIED49,5.5,NA,NA,10,alive
1,PIED,PIED49,6.0,509,67.1,10,alive
1,PIED,PIED49,6.5,NA,NA,10,alive
1,PIED,PIED49,7.0,500,68.7,10,alive
1,PIED,PIED49,7.5,NA,NA,10,alive
1,PIED,PIED49,8.0,486,73.5,10,alive
1,PIED,PIED49,8.5,NA,NA,10,alive
1,PIED,PIED49,9.0,471,53.2,10,alive
1,PIED,PIED49,9.5,NA,NA,NA,alive
2,PIED,PIED51,1,550,NA,10,alive
2,PIED,PIED51,10,447,NA,10,alive
2,PIED,PIED51,11,496,NA,10,alive
2,PIED,PIED51,12,459,NA,10,alive
2,PIED,PIED51,13,528,NA,10,alive
2,PIED,PIED51,14,459,NA,10,alive
2,PIED,PIED51,15,521,NA,10,alive
2,PIED,PIED51,16,NA,NA,10,alive
2,PIED,PIED51,17,NA,NA,10,alive
2,PIED,PIED51,18,NA,NA,10,alive
2,PIED,PIED51,19,NA,NA,10,alive
2,PIED,PIED51,2,458,NA,10,alive
2,PIED,PIED51,20,NA,NA,10,alive
2,PIED,PIED51,21,NA,NA,10,alive
2,PIED,PIED51,22,NA,NA,10,alive
2,PIED,PIED51,23,NA,NA,10,alive
2,PIED,PIED51,24,NA,NA,10,alive
2,PIED,PIED51,25,NA,NA,10,alive
2,PIED,PIED51,26,NA,NA,10,alive
2,PIED,PIED51,27,NA,NA,10,alive
2,PIED,PIED51,28,NA,NA,10,alive
2,PIED,PIED51,29,NA,NA,10,alive
2,PIED,PIED51,3,487,NA,10,alive
2,PIED,PIED51,30,NA,NA,10,alive
2,PIED,PIED51,31,NA,NA,10,alive
2,PIED,PIED51,32,NA,NA,10,alive
2,PIED,PIED51,4,437,NA,10,alive
2,PIED,PIED51,5,568,NA,10,alive
2,PIED,PIED51,6,555,NA,10,alive
2,PIED,PIED51,7,461,NA,10,alive
2,PIED,PIED51,8,418,NA,10,alive
2,PIED,PIED51,9,481,NA,10,alive
2,PIED,PIED52,1,664,NA,10,alive
2,PIED,PIED52,10,502,NA,10,alive
2,PIED,PIED52,11,542,NA,10,alive
2,PIED,PIED52,12,508,NA,10,alive
2,PIED,PIED52,13,555,NA,10,alive
2,PIED,PIED52,14,511,NA,10,alive
2,PIED,PIED52,15,573,NA,10,alive
2,PIED,PIED52,16,NA,NA,10,alive
2,PIED,PIED52,17,NA,NA,10,alive
2,PIED,PIED52,18,NA,NA,10,alive
2,PIED,PIED52,19,NA,NA,10,alive
2,PIED,PIED52,2,548,NA,10,alive
2,PIED,PIED52,20,NA,NA,10,alive
2,PIED,PIED52,21,NA,NA,10,alive
2,PIED,PIED52,22,NA,NA,10,alive
2,PIED,PIED52,23,NA,NA,10,alive
2,PIED,PIED52,24,NA,NA,10,alive
2,PIED,PIED52,25,NA,NA,10,alive
2,PIED,PIED52,26,NA,NA,10,alive
2,PIED,PIED52,27,NA,NA,10,alive
2,PIED,PIED52,28,NA,NA,10,alive
2,PIED,PIED52,29,NA,NA,10,alive
2,PIED,PIED52,3,610,NA,10,alive
2,PIED,PIED52,30,NA,NA,10,alive
2,PIED,PIED52,31,NA,NA,10,alive
2,PIED,PIED52,32,NA,NA,10,alive
2,PIED,PIED52,4,523,NA,10,alive
2,PIED,PIED52,5,666,NA,10,alive
2,PIED,PIED52,6,682,NA,10,alive
2,PIED,PIED52,7,575,NA,10,alive
2,PIED,PIED52,8,486,NA,10,alive
2,PIED,PIED52,9,534,NA,10,alive
2,PIED,PIED53,1,692,40,10,alive
2,PIED,PIED53,10,520,47.3,10,alive
2,PIED,PIED53,11,560,NA,10,alive
2,PIED,PIED53,12,527,57,10,alive
2,PIED,PIED53,13,595,125,10,alive
2,PIED,PIED53,14,537,99.2,10,alive
2,PIED,PIED53,15,618,129.3,10,alive
2,PIED,PIED53,16,NA,NA,10,alive
2,PIED,PIED53,17,NA,NA,10,alive
2,PIED,PIED53,18,NA,NA,10,alive
2,PIED,PIED53,19,NA,NA,10,alive
2,PIED,PIED53,2,578,217.3,10,alive
2,PIED,PIED53,20,NA,NA,10,alive
2,PIED,PIED53,21,NA,NA,10,alive
2,PIED,PIED53,22,NA,NA,10,alive
2,PIED,PIED53,23,NA,NA,10,alive
2,PIED,PIED53,24,NA,NA,10,alive
2,PIED,PIED53,25,NA,NA,10,alive
2,PIED,PIED53,26,NA,NA,10,alive
2,PIED,PIED53,27,NA,NA,10,alive
2,PIED,PIED53,28,NA,NA,10,alive
2,PIED,PIED53,29,NA,NA,10,alive
2,PIED,PIED53,3,618,106.5,10,alive
2,PIED,PIED53,30,NA,NA,10,alive
2,PIED,PIED53,31,NA,NA,10,alive
2,PIED,PIED53,32,NA,NA,10,alive
2,PIED,PIED53,4,537,86.4,10,alive
2,PIED,PIED53,5,680,149.1,10,alive
2,PIED,PIED53,6,649,160,10,alive
2,PIED,PIED53,7,557,73.4,10,alive
2,PIED,PIED53,8,497,32.7,10,alive
2,PIED,PIED53,9,551,40.4,10,alive
2,PIED,PIED54,1,510,47,10,alive
2,PIED,PIED54,10,441,43.3,10,alive
2,PIED,PIED54,11,507,NA,10,alive
2,PIED,PIED54,12,453,49.6,10,alive
2,PIED,PIED54,13,554,154.9,10,alive
2,PIED,PIED54,14,465,75.3,10,alive
2,PIED,PIED54,15,540,208.7,10,alive
2,PIED,PIED54,16,NA,NA,10,alive
2,PIED,PIED54,17,NA,NA,10,alive
2,PIED,PIED54,18,NA,NA,10,alive
2,PIED,PIED54,19,NA,NA,10,alive
2,PIED,PIED54,2,451,46.1,10,alive
2,PIED,PIED54,20,NA,NA,10,alive
2,PIED,PIED54,21,NA,NA,10,alive
2,PIED,PIED54,22,NA,NA,10,alive
2,PIED,PIED54,23,NA,NA,10,alive
2,PIED,PIED54,24,NA,NA,10,alive
2,PIED,PIED54,25,NA,NA,10,alive
2,PIED,PIED54,26,NA,NA,10,alive
2,PIED,PIED54,27,NA,NA,10,alive
2,PIED,PIED54,28,NA,NA,10,alive
2,PIED,PIED54,29,NA,NA,10,alive
2,PIED,PIED54,3,480,122.1,10,alive
2,PIED,PIED54,30,NA,NA,10,alive
2,PIED,PIED54,31,NA,NA,10,alive
2,PIED,PIED54,32,NA,NA,10,alive
2,PIED,PIED54,4,442,44.4,10,alive
2,PIED,PIED54,5,577,120.9,10,alive
2,PIED,PIED54,6,672,85.1,10,alive
2,PIED,PIED54,7,541,55.1,10,alive
2,PIED,PIED54,8,432,36.2,10,alive
2,PIED,PIED54,9,472,44.1,10,alive
2,PIED,PIED55,1,638,59.3,10,alive
2,PIED,PIED55,10,556,39.8,10,alive
2,PIED,PIED55,11,607,NA,10,alive
2,PIED,PIED55,12,561,66.5,10,alive
2,PIED,PIED55,13,617,149.3,10,alive
2,PIED,PIED55,14,565,71.3,10,alive
2,PIED,PIED55,15,615,120.1,10,alive
2,PIED,PIED55,16,NA,NA,10,alive
2,PIED,PIED55,17,NA,NA,10,alive
2,PIED,PIED55,18,NA,NA,10,alive
2,PIED,PIED55,19,NA,NA,10,alive
2,PIED,PIED55,2,570,83.8,10,alive
2,PIED,PIED55,20,NA,NA,10,alive
2,PIED,PIED55,21,NA,NA,10,alive
2,PIED,PIED55,22,NA,NA,10,alive
2,PIED,PIED55,23,NA,NA,10,alive
2,PIED,PIED55,24,NA,NA,10,alive
2,PIED,PIED55,25,NA,NA,10,alive
2,PIED,PIED55,26,NA,NA,10,alive
2,PIED,PIED55,27,NA,NA,10,alive
2,PIED,PIED55,28,NA,NA,10,alive
2,PIED,PIED55,29,NA,NA,10,alive
2,PIED,PIED55,3,616,80.5,10,alive
2,PIED,PIED55,30,NA,NA,10,alive
2,PIED,PIED55,31,NA,NA,10,alive
2,PIED,PIED55,32,NA,NA,10,alive
2,PIED,PIED55,4,558,64.7,10,alive
2,PIED,PIED55,5,702,140.5,10,alive
2,PIED,PIED55,6,704,67.7,10,alive
2,PIED,PIED55,7,627,36.7,10,alive
2,PIED,PIED55,8,539,42.9,10,alive
2,PIED,PIED55,9,595,91.9,10,alive
2,PIED,PIED56,1,527,42.5,10,alive
2,PIED,PIED56,10,340,NA,90,dead
2,PIED,PIED56,11,NA,NA,90,dead
2,PIED,PIED56,12,NA,NA,90,dead
2,PIED,PIED56,13,NA,NA,90,dead
2,PIED,PIED56,14,NA,NA,90,dead
2,PIED,PIED56,15,NA,NA,90,dead
2,PIED,PIED56,16,NA,NA,90,dead
2,PIED,PIED56,17,NA,NA,90,dead
2,PIED,PIED56,18,NA,NA,90,dead
2,PIED,PIED56,19,NA,NA,90,dead
2,PIED,PIED56,2,439,206.8,25,alive
2,PIED,PIED56,20,NA,NA,90,dead
2,PIED,PIED56,21,NA,NA,90,dead
2,PIED,PIED56,22,NA,NA,90,dead
2,PIED,PIED56,23,NA,NA,90,dead
2,PIED,PIED56,24,NA,NA,90,dead
2,PIED,PIED56,25,NA,NA,90,dead
2,PIED,PIED56,26,NA,NA,90,dead
2,PIED,PIED56,27,NA,NA,90,dead
2,PIED,PIED56,28,NA,NA,90,dead
2,PIED,PIED56,29,NA,NA,90,dead
2,PIED,PIED56,3,391,35.9,10,alive
2,PIED,PIED56,30,NA,NA,90,dead
2,PIED,PIED56,31,NA,NA,90,dead
2,PIED,PIED56,32,NA,NA,90,dead
2,PIED,PIED56,4,370,38.9,10,alive
2,PIED,PIED56,5,352,30.4,10,alive
2,PIED,PIED56,6,347,37.8,10,alive
2,PIED,PIED56,7,344,50.3,25,alive
2,PIED,PIED56,8,339,38.4,90,dead
2,PIED,PIED56,9,340,NA,90,dead
2,PIED,PIED57,1,618,74.8,10,alive
2,PIED,PIED57,10,421,NA,90,dead
2,PIED,PIED57,11,NA,NA,90,dead
2,PIED,PIED57,12,NA,NA,90,dead
2,PIED,PIED57,13,NA,NA,90,dead
2,PIED,PIED57,14,NA,NA,90,dead
2,PIED,PIED57,15,NA,NA,90,dead
2,PIED,PIED57,16,NA,NA,90,dead
2,PIED,PIED57,17,NA,NA,90,dead
2,PIED,PIED57,18,NA,NA,90,dead
2,PIED,PIED57,19,NA,NA,90,dead
2,PIED,PIED57,2,514,53.4,25,alive
2,PIED,PIED57,20,NA,NA,90,dead
2,PIED,PIED57,21,NA,NA,90,dead
2,PIED,PIED57,22,NA,NA,90,dead
2,PIED,PIED57,23,NA,NA,90,dead
2,PIED,PIED57,24,NA,NA,90,dead
2,PIED,PIED57,25,NA,NA,90,dead
2,PIED,PIED57,26,NA,NA,90,dead
2,PIED,PIED57,27,NA,NA,90,dead
2,PIED,PIED57,28,NA,NA,90,dead
2,PIED,PIED57,29,NA,NA,90,dead
2,PIED,PIED57,3,488,21.6,10,alive
2,PIED,PIED57,30,NA,NA,90,dead
2,PIED,PIED57,31,NA,NA,90,dead
2,PIED,PIED57,32,NA,NA,90,dead
2,PIED,PIED57,4,466,49.8,25,alive
2,PIED,PIED57,5,450,27.6,10,alive
2,PIED,PIED57,6,437,40.2,10,alive
2,PIED,PIED57,7,433,44.9,10,alive
2,PIED,PIED57,8,420,49.8,90,dead
2,PIED,PIED57,9,422,NA,90,dead
2,PIED,PIED58,1,675,51.6,10,alive
2,PIED,PIED58,10,420,NA,90,dead
2,PIED,PIED58,11,NA,NA,90,dead
2,PIED,PIED58,12,NA,NA,90,dead
2,PIED,PIED58,13,NA,NA,90,dead
2,PIED,PIED58,14,NA,NA,90,dead
2,PIED,PIED58,15,NA,NA,90,dead
2,PIED,PIED58,16,NA,NA,90,dead
2,PIED,PIED58,17,NA,NA,90,dead
2,PIED,PIED58,18,NA,NA,90,dead
2,PIED,PIED58,19,NA,NA,90,dead
2,PIED,PIED58,2,579,77.7,10,alive
2,PIED,PIED58,20,NA,NA,90,dead
2,PIED,PIED58,21,NA,NA,90,dead
2,PIED,PIED58,22,NA,NA,90,dead
2,PIED,PIED58,23,NA,NA,90,dead
2,PIED,PIED58,24,NA,NA,90,dead
2,PIED,PIED58,25,NA,NA,90,dead
2,PIED,PIED58,26,NA,NA,90,dead
2,PIED,PIED58,27,NA,NA,90,dead
2,PIED,PIED58,28,NA,NA,90,dead
2,PIED,PIED58,29,NA,NA,90,dead
2,PIED,PIED58,3,509,75.9,10,alive
2,PIED,PIED58,30,NA,NA,90,dead
2,PIED,PIED58,31,NA,NA,90,dead
2,PIED,PIED58,32,NA,NA,90,dead
2,PIED,PIED58,4,475,62.1,10,alive
2,PIED,PIED58,5,459,25.9,10,alive
2,PIED,PIED58,6,445,42.8,10,alive
2,PIED,PIED58,7,438,42.2,10,alive
2,PIED,PIED58,8,420,37.3,75,dead
2,PIED,PIED58,9,420,NA,90,dead
2,PIED,PIED59,1,706,60.9,10,alive
2,PIED,PIED59,10,440,NA,90,dead
2,PIED,PIED59,11,NA,NA,90,dead
2,PIED,PIED59,12,NA,NA,90,dead
2,PIED,PIED59,13,NA,NA,90,dead
2,PIED,PIED59,14,NA,NA,90,dead
2,PIED,PIED59,15,NA,NA,90,dead
2,PIED,PIED59,16,NA,NA,90,dead
2,PIED,PIED59,17,NA,NA,90,dead
2,PIED,PIED59,18,NA,NA,90,dead
2,PIED,PIED59,19,NA,NA,90,dead
2,PIED,PIED59,2,602,138.6,10,alive
2,PIED,PIED59,20,NA,NA,90,dead
2,PIED,PIED59,21,NA,NA,90,dead
2,PIED,PIED59,22,NA,NA,90,dead
2,PIED,PIED59,23,NA,NA,90,dead
2,PIED,PIED59,24,NA,NA,90,dead
2,PIED,PIED59,25,NA,NA,90,dead
2,PIED,PIED59,26,NA,NA,90,dead
2,PIED,PIED59,27,NA,NA,90,dead
2,PIED,PIED59,28,NA,NA,90,dead
2,PIED,PIED59,29,NA,NA,90,dead
2,PIED,PIED59,3,535,23.7,10,alive
2,PIED,PIED59,30,NA,NA,90,dead
2,PIED,PIED59,31,NA,NA,90,dead
2,PIED,PIED59,32,NA,NA,90,dead
2,PIED,PIED59,4,489,41.8,10,alive
2,PIED,PIED59,5,456,28,10,alive
2,PIED,PIED59,6,445,48.7,25,alive
2,PIED,PIED59,7,444,43.6,50,alive
2,PIED,PIED59,8,438,45.2,90,dead
2,PIED,PIED59,9,440,NA,90,dead
2,PIED,PIED60,1,614,80.4,10,alive
2,PIED,PIED60,10,377,NA,90,dead
2,PIED,PIED60,11,NA,NA,90,dead
2,PIED,PIED60,12,NA,NA,90,dead
2,PIED,PIED60,13,NA,NA,90,dead
2,PIED,PIED60,14,NA,NA,90,dead
2,PIED,PIED60,15,NA,NA,90,dead
2,PIED,PIED60,16,NA,NA,90,dead
2,PIED,PIED60,17,NA,NA,90,dead
2,PIED,PIED60,18,NA,NA,90,dead
2,PIED,PIED60,19,NA,NA,90,dead
2,PIED,PIED60,2,485,86.3,10,alive
2,PIED,PIED60,20,NA,NA,90,dead
2,PIED,PIED60,21,NA,NA,90,dead
2,PIED,PIED60,22,NA,NA,90,dead
2,PIED,PIED60,23,NA,NA,90,dead
2,PIED,PIED60,24,NA,NA,90,dead
2,PIED,PIED60,25,NA,NA,90,dead
2,PIED,PIED60,26,NA,NA,90,dead
2,PIED,PIED60,27,NA,NA,90,dead
2,PIED,PIED60,28,NA,NA,90,dead
2,PIED,PIED60,29,NA,NA,90,dead
2,PIED,PIED60,3,433,24.6,10,alive
2,PIED,PIED60,30,NA,NA,90,dead
2,PIED,PIED60,31,NA,NA,90,dead
2,PIED,PIED60,32,NA,NA,90,dead
2,PIED,PIED60,4,408,57.2,10,alive
2,PIED,PIED60,5,393,29.7,10,alive
2,PIED,PIED60,6,385,43.9,25,alive
2,PIED,PIED60,7,381,47.8,75,alive
2,PIED,PIED60,8,374,44,90,dead
2,PIED,PIED60,9,376,NA,90,dead
2,PIED,PIED61,1,619,104.6,10,alive
2,PIED,PIED61,10,386,NA,90,dead
2,PIED,PIED61,11,NA,NA,90,dead
2,PIED,PIED61,12,NA,NA,90,dead
2,PIED,PIED61,13,NA,NA,90,dead
2,PIED,PIED61,14,NA,NA,90,dead
2,PIED,PIED61,15,NA,NA,90,dead
2,PIED,PIED61,16,NA,NA,90,dead
2,PIED,PIED61,17,NA,NA,90,dead
2,PIED,PIED61,18,NA,NA,90,dead
2,PIED,PIED61,19,NA,NA,90,dead
2,PIED,PIED61,2,559,54,10,alive
2,PIED,PIED61,20,NA,NA,90,dead
2,PIED,PIED61,21,NA,NA,90,dead
2,PIED,PIED61,22,NA,NA,90,dead
2,PIED,PIED61,23,NA,NA,90,dead
2,PIED,PIED61,24,NA,NA,90,dead
2,PIED,PIED61,25,NA,NA,90,dead
2,PIED,PIED61,26,NA,NA,90,dead
2,PIED,PIED61,27,NA,NA,90,dead
2,PIED,PIED61,28,NA,NA,90,dead
2,PIED,PIED61,29,NA,NA,90,dead
2,PIED,PIED61,3,498,35.6,10,alive
2,PIED,PIED61,30,NA,NA,90,dead
2,PIED,PIED61,31,NA,NA,90,dead
2,PIED,PIED61,32,NA,NA,90,dead
2,PIED,PIED61,4,450,52.6,10,alive
2,PIED,PIED61,5,428,30.1,10,alive
2,PIED,PIED61,6,404,39.6,10,alive
2,PIED,PIED61,7,395,40,10,alive
2,PIED,PIED61,8,385,39.3,75,dead
2,PIED,PIED61,9,386,NA,90,dead
2,PIED,PIED62,1,584,62.6,10,alive
2,PIED,PIED62,10,408,NA,90,dead
2,PIED,PIED62,11,NA,NA,90,dead
2,PIED,PIED62,12,NA,NA,90,dead
2,PIED,PIED62,13,NA,NA,90,dead
2,PIED,PIED62,14,NA,NA,90,dead
2,PIED,PIED62,15,NA,NA,90,dead
2,PIED,PIED62,16,NA,NA,90,dead
2,PIED,PIED62,17,NA,NA,90,dead
2,PIED,PIED62,18,NA,NA,90,dead
2,PIED,PIED62,19,NA,NA,90,dead
2,PIED,PIED62,2,494,58.9,10,alive
2,PIED,PIED62,20,NA,NA,90,dead
2,PIED,PIED62,21,NA,NA,90,dead
2,PIED,PIED62,22,NA,NA,90,dead
2,PIED,PIED62,23,NA,NA,90,dead
2,PIED,PIED62,24,NA,NA,90,dead
2,PIED,PIED62,25,NA,NA,90,dead
2,PIED,PIED62,26,NA,NA,90,dead
2,PIED,PIED62,27,NA,NA,90,dead
2,PIED,PIED62,28,NA,NA,90,dead
2,PIED,PIED62,29,NA,NA,90,dead
2,PIED,PIED62,3,467,24.3,10,alive
2,PIED,PIED62,30,NA,NA,90,dead
2,PIED,PIED62,31,NA,NA,90,dead
2,PIED,PIED62,32,NA,NA,90,dead
2,PIED,PIED62,4,444,58.5,25,alive
2,PIED,PIED62,5,429,33.9,10,alive
2,PIED,PIED62,6,422,54.1,25,alive
2,PIED,PIED62,7,418,38,25,alive
2,PIED,PIED62,8,408,39.4,75,alive
2,PIED,PIED62,9,408,NA,90,dead
2,PIED,PIED63,1,681,83.6,10,alive
2,PIED,PIED63,10,461,NA,90,dead
2,PIED,PIED63,11,NA,NA,90,dead
2,PIED,PIED63,12,NA,NA,90,dead
2,PIED,PIED63,13,NA,NA,90,dead
2,PIED,PIED63,14,NA,NA,90,dead
2,PIED,PIED63,15,NA,NA,90,dead
2,PIED,PIED63,16,NA,NA,90,dead
2,PIED,PIED63,17,NA,NA,90,dead
2,PIED,PIED63,18,NA,NA,90,dead
2,PIED,PIED63,19,NA,NA,90,dead
2,PIED,PIED63,2,545,110.6,10,alive
2,PIED,PIED63,20,NA,NA,90,dead
2,PIED,PIED63,21,NA,NA,90,dead
2,PIED,PIED63,22,NA,NA,90,dead
2,PIED,PIED63,23,NA,NA,90,dead
2,PIED,PIED63,24,NA,NA,90,dead
2,PIED,PIED63,25,NA,NA,90,dead
2,PIED,PIED63,26,NA,NA,90,dead
2,PIED,PIED63,27,NA,NA,90,dead
2,PIED,PIED63,28,NA,NA,90,dead
2,PIED,PIED63,29,NA,NA,90,dead
2,PIED,PIED63,3,510,24.6,10,alive
2,PIED,PIED63,30,NA,NA,90,dead
2,PIED,PIED63,31,NA,NA,90,dead
2,PIED,PIED63,32,NA,NA,90,dead
2,PIED,PIED63,4,492,43,10,alive
2,PIED,PIED63,5,478,36.4,10,alive
2,PIED,PIED63,6,469,40.4,10,alive
2,PIED,PIED63,7,467,43.4,25,alive
2,PIED,PIED63,8,460,37.8,90,dead
2,PIED,PIED63,9,460,NA,90,dead
2,PIED,PIED64,1,652,35.7,10,alive
2,PIED,PIED64,10,404,NA,90,dead
2,PIED,PIED64,11,NA,NA,90,dead
2,PIED,PIED64,12,NA,NA,90,dead
2,PIED,PIED64,13,NA,NA,90,dead
2,PIED,PIED64,14,NA,NA,90,dead
2,PIED,PIED64,15,NA,NA,90,dead
2,PIED,PIED64,16,NA,NA,90,dead
2,PIED,PIED64,17,NA,NA,90,dead
2,PIED,PIED64,18,NA,NA,90,dead
2,PIED,PIED64,19,NA,NA,90,dead
2,PIED,PIED64,2,554,67.4,25,alive
2,PIED,PIED64,20,NA,NA,90,dead
2,PIED,PIED64,21,NA,NA,90,dead
2,PIED,PIED64,22,NA,NA,90,dead
2,PIED,PIED64,23,NA,NA,90,dead
2,PIED,PIED64,24,NA,NA,90,dead
2,PIED,PIED64,25,NA,NA,90,dead
2,PIED,PIED64,26,NA,NA,90,dead
2,PIED,PIED64,27,NA,NA,90,dead
2,PIED,PIED64,28,NA,NA,90,dead
2,PIED,PIED64,29,NA,NA,90,dead
2,PIED,PIED64,3,479,32.6,10,alive
2,PIED,PIED64,30,NA,NA,90,dead
2,PIED,PIED64,31,NA,NA,90,dead
2,PIED,PIED64,32,NA,NA,90,dead
2,PIED,PIED64,4,451,49.8,10,alive
2,PIED,PIED64,5,433,37.5,25,alive
2,PIED,PIED64,6,416,45.8,25,alive
2,PIED,PIED64,7,410,51.1,75,alive
2,PIED,PIED64,8,402,39.7,75,dead
2,PIED,PIED64,9,404,NA,90,dead
2,PIED,PIED65,1,645,43.7,10,alive
2,PIED,PIED65,10,428,NA,90,dead
2,PIED,PIED65,11,NA,NA,90,dead
2,PIED,PIED65,12,NA,NA,90,dead
2,PIED,PIED65,13,NA,NA,90,dead
2,PIED,PIED65,14,NA,NA,90,dead
2,PIED,PIED65,15,NA,NA,90,dead
2,PIED,PIED65,16,NA,NA,90,dead
2,PIED,PIED65,17,NA,NA,90,dead
2,PIED,PIED65,18,NA,NA,90,dead
2,PIED,PIED65,19,NA,NA,90,dead
2,PIED,PIED65,2,584,91.7,10,alive
2,PIED,PIED65,20,NA,NA,90,dead
2,PIED,PIED65,21,NA,NA,90,dead
2,PIED,PIED65,22,NA,NA,90,dead
2,PIED,PIED65,23,NA,NA,90,dead
2,PIED,PIED65,24,NA,NA,90,dead
2,PIED,PIED65,25,NA,NA,90,dead
2,PIED,PIED65,26,NA,NA,90,dead
2,PIED,PIED65,27,NA,NA,90,dead
2,PIED,PIED65,28,NA,NA,90,dead
2,PIED,PIED65,29,NA,NA,90,dead
2,PIED,PIED65,3,524,58.7,10,alive
2,PIED,PIED65,30,NA,NA,90,dead
2,PIED,PIED65,31,NA,NA,90,dead
2,PIED,PIED65,32,NA,NA,90,dead
2,PIED,PIED65,4,481,51.1,10,alive
2,PIED,PIED65,5,464,30,10,alive
2,PIED,PIED65,6,446,33.7,10,alive
2,PIED,PIED65,7,438,38.6,25,alive
2,PIED,PIED65,8,427,41.4,75,dead
2,PIED,PIED65,9,428,NA,90,dead
2,PIED,PIED66,1,615,NA,10,alive
2,PIED,PIED66,10,374,NA,90,dead
2,PIED,PIED66,11,NA,NA,90,dead
2,PIED,PIED66,12,NA,NA,90,dead
2,PIED,PIED66,13,NA,NA,90,dead
2,PIED,PIED66,14,NA,NA,90,dead
2,PIED,PIED66,15,NA,NA,90,dead
2,PIED,PIED66,16,NA,NA,90,dead
2,PIED,PIED66,17,NA,NA,90,dead
2,PIED,PIED66,18,NA,NA,90,dead
2,PIED,PIED66,19,NA,NA,90,dead
2,PIED,PIED66,2,521,NA,10,alive
2,PIED,PIED66,20,NA,NA,90,dead
2,PIED,PIED66,21,NA,NA,90,dead
2,PIED,PIED66,22,NA,NA,90,dead
2,PIED,PIED66,23,NA,NA,90,dead
2,PIED,PIED66,24,NA,NA,90,dead
2,PIED,PIED66,25,NA,NA,90,dead
2,PIED,PIED66,26,NA,NA,90,dead
2,PIED,PIED66,27,NA,NA,90,dead
2,PIED,PIED66,28,NA,NA,90,dead
2,PIED,PIED66,29,NA,NA,90,dead
2,PIED,PIED66,3,462,NA,10,alive
2,PIED,PIED66,30,NA,NA,90,dead
2,PIED,PIED66,31,NA,NA,90,dead
2,PIED,PIED66,32,NA,NA,90,dead
2,PIED,PIED66,4,425,NA,10,alive
2,PIED,PIED66,5,399,NA,10,alive
2,PIED,PIED66,6,379,NA,10,alive
2,PIED,PIED66,7,376,NA,25,alive
2,PIED,PIED66,8,371,NA,75,dead
2,PIED,PIED66,9,373,NA,90,dead
2,PIED,PIED67,1,641,NA,10,alive
2,PIED,PIED67,10,398,NA,90,dead
2,PIED,PIED67,11,NA,NA,90,dead
2,PIED,PIED67,12,NA,NA,90,dead
2,PIED,PIED67,13,NA,NA,90,dead
2,PIED,PIED67,14,NA,NA,90,dead
2,PIED,PIED67,15,NA,NA,90,dead
2,PIED,PIED67,16,NA,NA,90,dead
2,PIED,PIED67,17,NA,NA,90,dead
2,PIED,PIED67,18,NA,NA,90,dead
2,PIED,PIED67,19,NA,NA,90,dead
2,PIED,PIED67,2,554,NA,10,alive
2,PIED,PIED67,20,NA,NA,90,dead
2,PIED,PIED67,21,NA,NA,90,dead
2,PIED,PIED67,22,NA,NA,90,dead
2,PIED,PIED67,23,NA,NA,90,dead
2,PIED,PIED67,24,NA,NA,90,dead
2,PIED,PIED67,25,NA,NA,90,dead
2,PIED,PIED67,26,NA,NA,90,dead
2,PIED,PIED67,27,NA,NA,90,dead
2,PIED,PIED67,28,NA,NA,90,dead
2,PIED,PIED67,29,NA,NA,90,dead
2,PIED,PIED67,3,493,NA,10,alive
2,PIED,PIED67,30,NA,NA,90,dead
2,PIED,PIED67,31,NA,NA,90,dead
2,PIED,PIED67,32,NA,NA,90,dead
2,PIED,PIED67,4,460,NA,10,alive
2,PIED,PIED67,5,443,NA,10,alive
2,PIED,PIED67,6,425,NA,10,alive
2,PIED,PIED67,7,414,NA,10,alive
2,PIED,PIED67,8,396,NA,75,dead
2,PIED,PIED67,9,398,NA,90,dead
2,PIED,PIED68,1,616,NA,10,alive
2,PIED,PIED68,10,348,NA,90,dead
2,PIED,PIED68,11,NA,NA,90,dead
2,PIED,PIED68,12,NA,NA,90,dead
2,PIED,PIED68,13,NA,NA,90,dead
2,PIED,PIED68,14,NA,NA,90,dead
2,PIED,PIED68,15,NA,NA,90,dead
2,PIED,PIED68,16,NA,NA,90,dead
2,PIED,PIED68,17,NA,NA,90,dead
2,PIED,PIED68,18,NA,NA,90,dead
2,PIED,PIED68,19,NA,NA,90,dead
2,PIED,PIED68,2,534,NA,10,alive
2,PIED,PIED68,20,NA,NA,90,dead
2,PIED,PIED68,21,NA,NA,90,dead
2,PIED,PIED68,22,NA,NA,90,dead
2,PIED,PIED68,23,NA,NA,90,dead
2,PIED,PIED68,24,NA,NA,90,dead
2,PIED,PIED68,25,NA,NA,90,dead
2,PIED,PIED68,26,NA,NA,90,dead
2,PIED,PIED68,27,NA,NA,90,dead
2,PIED,PIED68,28,NA,NA,90,dead
2,PIED,PIED68,29,NA,NA,90,dead
2,PIED,PIED68,3,474,NA,10,alive
2,PIED,PIED68,30,NA,NA,90,dead
2,PIED,PIED68,31,NA,NA,90,dead
2,PIED,PIED68,32,NA,NA,90,dead
2,PIED,PIED68,4,424,NA,10,alive
2,PIED,PIED68,5,399,NA,10,alive
2,PIED,PIED68,6,377,NA,10,alive
2,PIED,PIED68,7,366,NA,25,alive
2,PIED,PIED68,8,347,NA,75,dead
2,PIED,PIED68,9,348,NA,90,dead
2,PIED,PIED69,1,584,NA,10,alive
2,PIED,PIED69,10,455,NA,90,dead
2,PIED,PIED69,11,NA,NA,90,dead
2,PIED,PIED69,12,NA,NA,90,dead
2,PIED,PIED69,13,NA,NA,90,dead
2,PIED,PIED69,14,NA,NA,90,dead
2,PIED,PIED69,15,NA,NA,90,dead
2,PIED,PIED69,16,NA,NA,90,dead
2,PIED,PIED69,17,NA,NA,90,dead
2,PIED,PIED69,18,NA,NA,90,dead
2,PIED,PIED69,19,NA,NA,90,dead
2,PIED,PIED69,2,516,NA,10,alive
2,PIED,PIED69,20,NA,NA,90,dead
2,PIED,PIED69,21,NA,NA,90,dead
2,PIED,PIED69,22,NA,NA,90,dead
2,PIED,PIED69,23,NA,NA,90,dead
2,PIED,PIED69,24,NA,NA,90,dead
2,PIED,PIED69,25,NA,NA,90,dead
2,PIED,PIED69,26,NA,NA,90,dead
2,PIED,PIED69,27,NA,NA,90,dead
2,PIED,PIED69,28,NA,NA,90,dead
2,PIED,PIED69,29,NA,NA,90,dead
2,PIED,PIED69,3,488,NA,10,alive
2,PIED,PIED69,30,NA,NA,90,dead
2,PIED,PIED69,31,NA,NA,90,dead
2,PIED,PIED69,32,NA,NA,90,dead
2,PIED,PIED69,4,470,NA,10,alive
2,PIED,PIED69,5,465,NA,10,alive
2,PIED,PIED69,6,462,NA,10,alive
2,PIED,PIED69,7,460,NA,25,alive
2,PIED,PIED69,8,453,NA,90,dead
2,PIED,PIED69,9,455,NA,90,dead
2,PIED,PIED70,1,638,NA,10,alive
2,PIED,PIED70,10,431,NA,90,dead
2,PIED,PIED70,11,NA,NA,90,dead
2,PIED,PIED70,12,NA,NA,90,dead
2,PIED,PIED70,13,NA,NA,90,dead
2,PIED,PIED70,14,NA,NA,90,dead
2,PIED,PIED70,15,NA,NA,90,dead
2,PIED,PIED70,16,NA,NA,90,dead
2,PIED,PIED70,17,NA,NA,90,dead
2,PIED,PIED70,18,NA,NA,90,dead
2,PIED,PIED70,19,NA,NA,90,dead
2,PIED,PIED70,2,529,NA,10,alive
2,PIED,PIED70,20,NA,NA,90,dead
2,PIED,PIED70,21,NA,NA,90,dead
2,PIED,PIED70,22,NA,NA,90,dead
2,PIED,PIED70,23,NA,NA,90,dead
2,PIED,PIED70,24,NA,NA,90,dead
2,PIED,PIED70,25,NA,NA,90,dead
2,PIED,PIED70,26,NA,NA,90,dead
2,PIED,PIED70,27,NA,NA,90,dead
2,PIED,PIED70,28,NA,NA,90,dead
2,PIED,PIED70,29,NA,NA,90,dead
2,PIED,PIED70,3,483,NA,10,alive
2,PIED,PIED70,30,NA,NA,90,dead
2,PIED,PIED70,31,NA,NA,90,dead
2,PIED,PIED70,32,NA,NA,90,dead
2,PIED,PIED70,4,462,NA,25,alive
2,PIED,PIED70,5,447,NA,10,alive
2,PIED,PIED70,6,440,NA,25,alive
2,PIED,PIED70,7,437,NA,75,alive
2,PIED,PIED70,8,431,NA,90,dead
2,PIED,PIED70,9,431,NA,90,dead
2,PIED,PIED71,1,572,NA,10,alive
2,PIED,PIED71,10,439,NA,90,dead
2,PIED,PIED71,11,NA,NA,90,dead
2,PIED,PIED71,12,NA,NA,90,dead
2,PIED,PIED71,13,NA,NA,90,dead
2,PIED,PIED71,14,NA,NA,90,dead
2,PIED,PIED71,15,NA,NA,90,dead
2,PIED,PIED71,16,NA,NA,90,dead
2,PIED,PIED71,17,NA,NA,90,dead
2,PIED,PIED71,18,NA,NA,90,dead
2,PIED,PIED71,19,NA,NA,90,dead
2,PIED,PIED71,2,507,NA,10,alive
2,PIED,PIED71,20,NA,NA,90,dead
2,PIED,PIED71,21,NA,NA,90,dead
2,PIED,PIED71,22,NA,NA,90,dead
2,PIED,PIED71,23,NA,NA,90,dead
2,PIED,PIED71,24,NA,NA,90,dead
2,PIED,PIED71,25,NA,NA,90,dead
2,PIED,PIED71,26,NA,NA,90,dead
2,PIED,PIED71,27,NA,NA,90,dead
2,PIED,PIED71,28,NA,NA,90,dead
2,PIED,PIED71,29,NA,NA,90,dead
2,PIED,PIED71,3,484,NA,10,alive
2,PIED,PIED71,30,NA,NA,90,dead
2,PIED,PIED71,31,NA,NA,90,dead
2,PIED,PIED71,32,NA,NA,90,dead
2,PIED,PIED71,4,469,NA,10,alive
2,PIED,PIED71,5,459,NA,10,alive
2,PIED,PIED71,6,451,NA,10,alive
2,PIED,PIED71,7,448,NA,10,alive
2,PIED,PIED71,8,438,NA,75,dead
2,PIED,PIED71,9,439,NA,90,dead
2,PIED,PIED77,1,686,NA,10,alive
2,PIED,PIED77,10,491,NA,10,alive
2,PIED,PIED77,11,543,NA,10,alive
2,PIED,PIED77,12,500,NA,10,alive
2,PIED,PIED77,13,571,NA,10,alive
2,PIED,PIED77,14,506,NA,10,alive
2,PIED,PIED77,15,568,NA,10,alive
2,PIED,PIED77,16,NA,NA,10,alive
2,PIED,PIED77,17,NA,NA,10,alive
2,PIED,PIED77,18,NA,NA,10,alive
2,PIED,PIED77,19,NA,NA,10,alive
2,PIED,PIED77,2,567,NA,10,alive
2,PIED,PIED77,20,NA,NA,10,alive
2,PIED,PIED77,21,NA,NA,10,alive
2,PIED,PIED77,22,NA,NA,10,alive
2,PIED,PIED77,23,NA,NA,10,alive
2,PIED,PIED77,24,NA,NA,10,alive
2,PIED,PIED77,25,NA,NA,10,alive
2,PIED,PIED77,26,NA,NA,10,alive
2,PIED,PIED77,27,NA,NA,10,alive
2,PIED,PIED77,28,NA,NA,10,alive
2,PIED,PIED77,29,NA,NA,10,alive
2,PIED,PIED77,3,579,NA,10,alive
2,PIED,PIED77,30,NA,NA,10,alive
2,PIED,PIED77,31,NA,NA,10,alive
2,PIED,PIED77,32,NA,NA,10,alive
2,PIED,PIED77,4,508,NA,10,alive
2,PIED,PIED77,5,636,NA,10,alive
2,PIED,PIED77,6,667,NA,10,alive
2,PIED,PIED77,7,572,NA,10,alive
2,PIED,PIED77,8,498,NA,10,alive
2,PIED,PIED77,9,520,NA,10,alive
2,PIED,PIED78,1,625,75.9,10,alive
2,PIED,PIED78,10,461,46.8,10,alive
2,PIED,PIED78,11,512,53.8,10,alive
2,PIED,PIED78,12,469,52.9,10,alive
2,PIED,PIED78,13,529,117,10,alive
2,PIED,PIED78,14,474,67.6,10,alive
2,PIED,PIED78,15,525,157.7,10,alive
2,PIED,PIED78,16,NA,NA,10,alive
2,PIED,PIED78,17,NA,NA,10,alive
2,PIED,PIED78,18,NA,NA,10,alive
2,PIED,PIED78,19,NA,NA,10,alive
2,PIED,PIED78,2,488,221.9,10,alive
2,PIED,PIED78,20,NA,NA,10,alive
2,PIED,PIED78,21,NA,NA,10,alive
2,PIED,PIED78,22,NA,NA,10,alive
2,PIED,PIED78,23,NA,NA,10,alive
2,PIED,PIED78,24,NA,NA,10,alive
2,PIED,PIED78,25,NA,NA,10,alive
2,PIED,PIED78,26,NA,NA,10,alive
2,PIED,PIED78,27,NA,NA,10,alive
2,PIED,PIED78,28,NA,NA,10,alive
2,PIED,PIED78,29,NA,NA,10,alive
2,PIED,PIED78,3,493,124.7,10,alive
2,PIED,PIED78,30,NA,NA,10,alive
2,PIED,PIED78,31,NA,NA,10,alive
2,PIED,PIED78,32,NA,NA,10,alive
2,PIED,PIED78,4,453,49.8,25,alive
2,PIED,PIED78,5,591,95.4,10,alive
2,PIED,PIED78,6,574,76.5,10,alive
2,PIED,PIED78,7,498,51.2,10,alive
2,PIED,PIED78,8,459,33.5,10,alive
2,PIED,PIED78,9,488,71.4,10,alive
2,PIED,PIED79,1,511,39,10,alive
2,PIED,PIED79,10,397,52.3,10,alive
2,PIED,PIED79,11,478,65.7,10,alive
2,PIED,PIED79,12,424,60.2,10,alive
2,PIED,PIED79,13,539,146.6,10,alive
2,PIED,PIED79,14,445,138.1,10,alive
2,PIED,PIED79,15,549,124.7,10,alive
2,PIED,PIED79,16,NA,NA,10,alive
2,PIED,PIED79,17,NA,NA,10,alive
2,PIED,PIED79,18,NA,NA,10,alive
2,PIED,PIED79,19,NA,NA,10,alive
2,PIED,PIED79,2,421,125.4,10,alive
2,PIED,PIED79,20,NA,NA,10,alive
2,PIED,PIED79,21,NA,NA,10,alive
2,PIED,PIED79,22,NA,NA,10,alive
2,PIED,PIED79,23,NA,NA,10,alive
2,PIED,PIED79,24,NA,NA,10,alive
2,PIED,PIED79,25,NA,NA,10,alive
2,PIED,PIED79,26,NA,NA,10,alive
2,PIED,PIED79,27,NA,NA,10,alive
2,PIED,PIED79,28,NA,NA,10,alive
2,PIED,PIED79,29,NA,NA,10,alive
2,PIED,PIED79,3,458,96.5,10,alive
2,PIED,PIED79,30,NA,NA,10,alive
2,PIED,PIED79,31,NA,NA,10,alive
2,PIED,PIED79,32,NA,NA,10,alive
2,PIED,PIED79,4,409,53.5,10,alive
2,PIED,PIED79,5,542,153.3,10,alive
2,PIED,PIED79,6,542,89.1,10,alive
2,PIED,PIED79,7,452,95.7,10,alive
2,PIED,PIED79,8,385,31.7,10,alive
2,PIED,PIED79,9,434,65.6,10,alive
2,PIED,PIED80,1,692,71.9,10,alive
2,PIED,PIED80,10,519,75.3,10,alive
2,PIED,PIED80,11,608,101.3,10,alive
2,PIED,PIED80,12,531,71.3,10,alive
2,PIED,PIED80,13,577,123.2,10,alive
2,PIED,PIED80,14,521,77.1,10,alive
2,PIED,PIED80,15,582,137.3,10,alive
2,PIED,PIED80,16,NA,NA,10,alive
2,PIED,PIED80,17,NA,NA,10,alive
2,PIED,PIED80,18,NA,NA,10,alive
2,PIED,PIED80,19,NA,NA,10,alive
2,PIED,PIED80,2,583,194.7,10,alive
2,PIED,PIED80,20,NA,NA,10,alive
2,PIED,PIED80,21,NA,NA,10,alive
2,PIED,PIED80,22,NA,NA,10,alive
2,PIED,PIED80,23,NA,NA,10,alive
2,PIED,PIED80,24,NA,NA,10,alive
2,PIED,PIED80,25,NA,NA,10,alive
2,PIED,PIED80,26,NA,NA,10,alive
2,PIED,PIED80,27,NA,NA,10,alive
2,PIED,PIED80,28,NA,NA,10,alive
2,PIED,PIED80,29,NA,NA,10,alive
2,PIED,PIED80,3,605,100.4,10,alive
2,PIED,PIED80,30,NA,NA,10,alive
2,PIED,PIED80,31,NA,NA,10,alive
2,PIED,PIED80,32,NA,NA,10,alive
2,PIED,PIED80,4,522,140.3,10,alive
2,PIED,PIED80,5,670,111.1,10,alive
2,PIED,PIED80,6,647,117.5,10,alive
2,PIED,PIED80,7,568,68.7,10,alive
2,PIED,PIED80,8,513,36.3,10,alive
2,PIED,PIED80,9,592,69.4,10,alive
2,PIED,PIED81,1,568,53.7,10,alive
2,PIED,PIED81,10,365,NA,90,dead
2,PIED,PIED81,11,NA,NA,90,dead
2,PIED,PIED81,12,NA,NA,90,dead
2,PIED,PIED81,13,NA,NA,90,dead
2,PIED,PIED81,14,NA,NA,90,dead
2,PIED,PIED81,15,NA,NA,90,dead
2,PIED,PIED81,16,NA,NA,90,dead
2,PIED,PIED81,17,NA,NA,90,dead
2,PIED,PIED81,18,NA,NA,90,dead
2,PIED,PIED81,19,NA,NA,90,dead
2,PIED,PIED81,2,455,140.6,10,alive
2,PIED,PIED81,20,NA,NA,90,dead
2,PIED,PIED81,21,NA,NA,90,dead
2,PIED,PIED81,22,NA,NA,90,dead
2,PIED,PIED81,23,NA,NA,90,dead
2,PIED,PIED81,24,NA,NA,90,dead
2,PIED,PIED81,25,NA,NA,90,dead
2,PIED,PIED81,26,NA,NA,90,dead
2,PIED,PIED81,27,NA,NA,90,dead
2,PIED,PIED81,28,NA,NA,90,dead
2,PIED,PIED81,29,NA,NA,90,dead
2,PIED,PIED81,3,418,22.4,10,alive
2,PIED,PIED81,30,NA,NA,90,dead
2,PIED,PIED81,31,NA,NA,90,dead
2,PIED,PIED81,32,NA,NA,90,dead
2,PIED,PIED81,4,396,41,10,alive
2,PIED,PIED81,5,380,27,10,alive
2,PIED,PIED81,6,372,42.3,50,alive
2,PIED,PIED81,7,370,40.6,75,alive
2,PIED,PIED81,8,367,45.8,90,dead
2,PIED,PIED81,9,365,NA,90,dead
2,PIED,PIED82,1,698,74.9,10,alive
2,PIED,PIED82,10,440,NA,90,dead
2,PIED,PIED82,11,NA,NA,90,dead
2,PIED,PIED82,12,NA,NA,90,dead
2,PIED,PIED82,13,NA,NA,90,dead
2,PIED,PIED82,14,NA,NA,90,dead
2,PIED,PIED82,15,NA,NA,90,dead
2,PIED,PIED82,16,NA,NA,90,dead
2,PIED,PIED82,17,NA,NA,90,dead
2,PIED,PIED82,18,NA,NA,90,dead
2,PIED,PIED82,19,NA,NA,90,dead
2,PIED,PIED82,2,603,233.7,10,alive
2,PIED,PIED82,20,NA,NA,90,dead
2,PIED,PIED82,21,NA,NA,90,dead
2,PIED,PIED82,22,NA,NA,90,dead
2,PIED,PIED82,23,NA,NA,90,dead
2,PIED,PIED82,24,NA,NA,90,dead
2,PIED,PIED82,25,NA,NA,90,dead
2,PIED,PIED82,26,NA,NA,90,dead
2,PIED,PIED82,27,NA,NA,90,dead
2,PIED,PIED82,28,NA,NA,90,dead
2,PIED,PIED82,29,NA,NA,90,dead
2,PIED,PIED82,3,514,48.7,10,alive
2,PIED,PIED82,30,NA,NA,90,dead
2,PIED,PIED82,31,NA,NA,90,dead
2,PIED,PIED82,32,NA,NA,90,dead
2,PIED,PIED82,4,480,44.3,10,alive
2,PIED,PIED82,5,453,29.7,10,alive
2,PIED,PIED82,6,445,31.8,10,alive
2,PIED,PIED82,7,442,38.5,50,alive
2,PIED,PIED82,8,440,44,90,dead
2,PIED,PIED82,9,440,NA,90,dead
2,PIED,PIED83,1,564,108.6,10,alive
2,PIED,PIED83,10,388,NA,90,dead
2,PIED,PIED83,11,NA,NA,90,dead
2,PIED,PIED83,12,NA,NA,90,dead
2,PIED,PIED83,13,NA,NA,90,dead
2,PIED,PIED83,14,NA,NA,90,dead
2,PIED,PIED83,15,NA,NA,90,dead
2,PIED,PIED83,16,NA,NA,90,dead
2,PIED,PIED83,17,NA,NA,90,dead
2,PIED,PIED83,18,NA,NA,90,dead
2,PIED,PIED83,19,NA,NA,90,dead
2,PIED,PIED83,2,463,66.4,10,alive
2,PIED,PIED83,20,NA,NA,90,dead
2,PIED,PIED83,21,NA,NA,90,dead
2,PIED,PIED83,22,NA,NA,90,dead
2,PIED,PIED83,23,NA,NA,90,dead
2,PIED,PIED83,24,NA,NA,90,dead
2,PIED,PIED83,25,NA,NA,90,dead
2,PIED,PIED83,26,NA,NA,90,dead
2,PIED,PIED83,27,NA,NA,90,dead
2,PIED,PIED83,28,NA,NA,90,dead
2,PIED,PIED83,29,NA,NA,90,dead
2,PIED,PIED83,3,435,22.8,10,alive
2,PIED,PIED83,30,NA,NA,90,dead
2,PIED,PIED83,31,NA,NA,90,dead
2,PIED,PIED83,32,NA,NA,90,dead
2,PIED,PIED83,4,412,49.2,10,alive
2,PIED,PIED83,5,400,39.3,10,alive
2,PIED,PIED83,6,395,34.2,25,alive
2,PIED,PIED83,7,392,33.9,75,alive
2,PIED,PIED83,8,388,49.5,75,alive
2,PIED,PIED83,9,389,NA,90,alive
2,PIED,PIED84,1,684,118.1,10,alive
2,PIED,PIED84,10,422,NA,90,dead
2,PIED,PIED84,11,NA,NA,90,dead
2,PIED,PIED84,12,NA,NA,90,dead
2,PIED,PIED84,13,NA,NA,90,dead
2,PIED,PIED84,14,NA,NA,90,dead
2,PIED,PIED84,15,NA,NA,90,dead
2,PIED,PIED84,16,NA,NA,90,dead
2,PIED,PIED84,17,NA,NA,90,dead
2,PIED,PIED84,18,NA,NA,90,dead
2,PIED,PIED84,19,NA,NA,90,dead
2,PIED,PIED84,2,592,168.8,10,alive
2,PIED,PIED84,20,NA,NA,90,dead
2,PIED,PIED84,21,NA,NA,90,dead
2,PIED,PIED84,22,NA,NA,90,dead
2,PIED,PIED84,23,NA,NA,90,dead
2,PIED,PIED84,24,NA,NA,90,dead
2,PIED,PIED84,25,NA,NA,90,dead
2,PIED,PIED84,26,NA,NA,90,dead
2,PIED,PIED84,27,NA,NA,90,dead
2,PIED,PIED84,28,NA,NA,90,dead
2,PIED,PIED84,29,NA,NA,90,dead
2,PIED,PIED84,3,510,79.8,10,alive
2,PIED,PIED84,30,NA,NA,90,dead
2,PIED,PIED84,31,NA,NA,90,dead
2,PIED,PIED84,32,NA,NA,90,dead
2,PIED,PIED84,4,475,83,10,alive
2,PIED,PIED84,5,458,30.7,10,alive
2,PIED,PIED84,6,442,52.3,25,alive
2,PIED,PIED84,7,432,38.9,75,alive
2,PIED,PIED84,8,424,41.3,90,dead
2,PIED,PIED84,9,423,NA,90,dead
2,PIED,PIED85,1,602,127.8,10,alive
2,PIED,PIED85,10,445,NA,90,dead
2,PIED,PIED85,11,NA,NA,90,dead
2,PIED,PIED85,12,NA,NA,90,dead
2,PIED,PIED85,13,NA,NA,90,dead
2,PIED,PIED85,14,NA,NA,90,dead
2,PIED,PIED85,15,NA,NA,90,dead
2,PIED,PIED85,16,NA,NA,90,dead
2,PIED,PIED85,17,NA,NA,90,dead
2,PIED,PIED85,18,NA,NA,90,dead
2,PIED,PIED85,19,NA,NA,90,dead
2,PIED,PIED85,2,518,64.4,10,alive
2,PIED,PIED85,20,NA,NA,90,dead
2,PIED,PIED85,21,NA,NA,90,dead
2,PIED,PIED85,22,NA,NA,90,dead
2,PIED,PIED85,23,NA,NA,90,dead
2,PIED,PIED85,24,NA,NA,90,dead
2,PIED,PIED85,25,NA,NA,90,dead
2,PIED,PIED85,26,NA,NA,90,dead
2,PIED,PIED85,27,NA,NA,90,dead
2,PIED,PIED85,28,NA,NA,90,dead
2,PIED,PIED85,29,NA,NA,90,dead
2,PIED,PIED85,3,490,22.5,10,alive
2,PIED,PIED85,30,NA,NA,90,dead
2,PIED,PIED85,31,NA,NA,90,dead
2,PIED,PIED85,32,NA,NA,90,dead
2,PIED,PIED85,4,475,38.5,25,alive
2,PIED,PIED85,5,461,33.8,10,alive
2,PIED,PIED85,6,453,36.9,10,alive
2,PIED,PIED85,7,450,41.2,25,alive
2,PIED,PIED85,8,445,41.9,75,dead
2,PIED,PIED85,9,446,NA,90,dead
2,PIED,PIED86,1,512,50.3,10,alive
2,PIED,PIED86,10,378,53.2,25,alive
2,PIED,PIED86,11,377,65.9,50,alive
2,PIED,PIED86,12,376,56,75,alive
2,PIED,PIED86,13,376,65.6,75,alive
2,PIED,PIED86,14,375,NA,90,dead
2,PIED,PIED86,15,NA,NA,90,dead
2,PIED,PIED86,16,NA,NA,90,dead
2,PIED,PIED86,17,NA,NA,90,dead
2,PIED,PIED86,18,NA,NA,90,dead
2,PIED,PIED86,19,NA,NA,90,dead
2,PIED,PIED86,2,448,42.4,25,alive
2,PIED,PIED86,20,NA,NA,90,dead
2,PIED,PIED86,21,NA,NA,90,dead
2,PIED,PIED86,22,NA,NA,90,dead
2,PIED,PIED86,23,NA,NA,90,dead
2,PIED,PIED86,24,NA,NA,90,dead
2,PIED,PIED86,25,NA,NA,90,dead
2,PIED,PIED86,26,NA,NA,90,dead
2,PIED,PIED86,27,NA,NA,90,dead
2,PIED,PIED86,28,NA,NA,90,dead
2,PIED,PIED86,29,NA,NA,90,dead
2,PIED,PIED86,3,461,45.9,10,alive
2,PIED,PIED86,30,NA,NA,90,dead
2,PIED,PIED86,31,NA,NA,90,dead
2,PIED,PIED86,32,NA,NA,90,dead
2,PIED,PIED86,4,432,59.7,10,alive
2,PIED,PIED86,5,415,35.4,10,alive
2,PIED,PIED86,6,399,38.3,25,alive
2,PIED,PIED86,7,393,37.6,25,alive
2,PIED,PIED86,8,385,41.3,25,alive
2,PIED,PIED86,9,382,45.6,25,alive
2,PIED,PIED87,1,564,128.2,10,alive
2,PIED,PIED87,10,408,NA,90,dead
2,PIED,PIED87,11,NA,NA,90,dead
2,PIED,PIED87,12,NA,NA,90,dead
2,PIED,PIED87,13,NA,NA,90,dead
2,PIED,PIED87,14,NA,NA,90,dead
2,PIED,PIED87,15,NA,NA,90,dead
2,PIED,PIED87,16,NA,NA,90,dead
2,PIED,PIED87,17,NA,NA,90,dead
2,PIED,PIED87,18,NA,NA,90,dead
2,PIED,PIED87,19,NA,NA,90,dead
2,PIED,PIED87,2,486,127.1,10,alive
2,PIED,PIED87,20,NA,NA,90,dead
2,PIED,PIED87,21,NA,NA,90,dead
2,PIED,PIED87,22,NA,NA,90,dead
2,PIED,PIED87,23,NA,NA,90,dead
2,PIED,PIED87,24,NA,NA,90,dead
2,PIED,PIED87,25,NA,NA,90,dead
2,PIED,PIED87,26,NA,NA,90,dead
2,PIED,PIED87,27,NA,NA,90,dead
2,PIED,PIED87,28,NA,NA,90,dead
2,PIED,PIED87,29,NA,NA,90,dead
2,PIED,PIED87,3,456,24.2,10,alive
2,PIED,PIED87,30,NA,NA,90,dead
2,PIED,PIED87,31,NA,NA,90,dead
2,PIED,PIED87,32,NA,NA,90,dead
2,PIED,PIED87,4,438,37.4,10,alive
2,PIED,PIED87,5,423,28.3,10,alive
2,PIED,PIED87,6,415,46.7,25,alive
2,PIED,PIED87,7,413,35.1,75,alive
2,PIED,PIED87,8,410,48.1,90,dead
2,PIED,PIED87,9,408,NA,90,dead
2,PIED,PIED88,1,676,83.6,10,alive
2,PIED,PIED88,10,450,NA,90,dead
2,PIED,PIED88,11,NA,NA,90,dead
2,PIED,PIED88,12,NA,NA,90,dead
2,PIED,PIED88,13,NA,NA,90,dead
2,PIED,PIED88,14,NA,NA,90,dead
2,PIED,PIED88,15,NA,NA,90,dead
2,PIED,PIED88,16,NA,NA,90,dead
2,PIED,PIED88,17,NA,NA,90,dead
2,PIED,PIED88,18,NA,NA,90,dead
2,PIED,PIED88,19,NA,NA,90,dead
2,PIED,PIED88,2,554,135.4,25,alive
2,PIED,PIED88,20,NA,NA,90,dead
2,PIED,PIED88,21,NA,NA,90,dead
2,PIED,PIED88,22,NA,NA,90,dead
2,PIED,PIED88,23,NA,NA,90,dead
2,PIED,PIED88,24,NA,NA,90,dead
2,PIED,PIED88,25,NA,NA,90,dead
2,PIED,PIED88,26,NA,NA,90,dead
2,PIED,PIED88,27,NA,NA,90,dead
2,PIED,PIED88,28,NA,NA,90,dead
2,PIED,PIED88,29,NA,NA,90,dead
2,PIED,PIED88,3,512,23.4,25,alive
2,PIED,PIED88,30,NA,NA,90,dead
2,PIED,PIED88,31,NA,NA,90,dead
2,PIED,PIED88,32,NA,NA,90,dead
2,PIED,PIED88,4,490,56,25,alive
2,PIED,PIED88,5,475,41.1,25,alive
2,PIED,PIED88,6,461,46.4,25,alive
2,PIED,PIED88,7,455,42.9,75,alive
2,PIED,PIED88,8,451,43.7,90,dead
2,PIED,PIED88,9,451,NA,90,dead
2,PIED,PIED89,1,535,76.8,10,alive
2,PIED,PIED89,10,373,NA,90,dead
2,PIED,PIED89,11,NA,NA,90,dead
2,PIED,PIED89,12,NA,NA,90,dead
2,PIED,PIED89,13,NA,NA,90,dead
2,PIED,PIED89,14,NA,NA,90,dead
2,PIED,PIED89,15,NA,NA,90,dead
2,PIED,PIED89,16,NA,NA,90,dead
2,PIED,PIED89,17,NA,NA,90,dead
2,PIED,PIED89,18,NA,NA,90,dead
2,PIED,PIED89,19,NA,NA,90,dead
2,PIED,PIED89,2,452,183.4,10,alive
2,PIED,PIED89,20,NA,NA,90,dead
2,PIED,PIED89,21,NA,NA,90,dead
2,PIED,PIED89,22,NA,NA,90,dead
2,PIED,PIED89,23,NA,NA,90,dead
2,PIED,PIED89,24,NA,NA,90,dead
2,PIED,PIED89,25,NA,NA,90,dead
2,PIED,PIED89,26,NA,NA,90,dead
2,PIED,PIED89,27,NA,NA,90,dead
2,PIED,PIED89,28,NA,NA,90,dead
2,PIED,PIED89,29,NA,NA,90,dead
2,PIED,PIED89,3,416,25.8,10,alive
2,PIED,PIED89,30,NA,NA,90,dead
2,PIED,PIED89,31,NA,NA,90,dead
2,PIED,PIED89,32,NA,NA,90,dead
2,PIED,PIED89,4,399,47,10,alive
2,PIED,PIED89,5,385,32.5,10,alive
2,PIED,PIED89,6,378,41,25,alive
2,PIED,PIED89,7,376,42.1,75,alive
2,PIED,PIED89,8,373,41.9,90,dead
2,PIED,PIED89,9,373,NA,90,dead
2,PIED,PIED90,1,666,164.8,10,alive
2,PIED,PIED90,10,430,54.2,50,alive
2,PIED,PIED90,11,NA,NA,90,dead
2,PIED,PIED90,12,NA,NA,90,dead
2,PIED,PIED90,13,NA,NA,90,dead
2,PIED,PIED90,14,NA,NA,90,dead
2,PIED,PIED90,15,NA,NA,90,dead
2,PIED,PIED90,16,NA,NA,90,dead
2,PIED,PIED90,17,NA,NA,90,dead
2,PIED,PIED90,18,NA,NA,90,dead
2,PIED,PIED90,19,NA,NA,90,dead
2,PIED,PIED90,2,575,164.5,10,alive
2,PIED,PIED90,20,NA,NA,90,dead
2,PIED,PIED90,21,NA,NA,90,dead
2,PIED,PIED90,22,NA,NA,90,dead
2,PIED,PIED90,23,NA,NA,90,dead
2,PIED,PIED90,24,NA,NA,90,dead
2,PIED,PIED90,25,NA,NA,90,dead
2,PIED,PIED90,26,NA,NA,90,dead
2,PIED,PIED90,27,NA,NA,90,dead
2,PIED,PIED90,28,NA,NA,90,dead
2,PIED,PIED90,29,NA,NA,90,dead
2,PIED,PIED90,3,502,27.4,10,alive
2,PIED,PIED90,30,NA,NA,90,dead
2,PIED,PIED90,31,NA,NA,90,dead
2,PIED,PIED90,32,NA,NA,90,dead
2,PIED,PIED90,4,477,54.6,10,alive
2,PIED,PIED90,5,464,28.3,10,alive
2,PIED,PIED90,6,451,37,10,alive
2,PIED,PIED90,7,445,34.6,10,alive
2,PIED,PIED90,8,437,32.1,25,alive
2,PIED,PIED90,9,433,46.8,50,alive
2,PIED,PIED91,1,593,NA,10,alive
2,PIED,PIED91,10,428,NA,75,dead
2,PIED,PIED91,11,NA,NA,75,dead
2,PIED,PIED91,12,NA,NA,75,dead
2,PIED,PIED91,13,NA,NA,75,dead
2,PIED,PIED91,14,NA,NA,75,dead
2,PIED,PIED91,15,NA,NA,75,dead
2,PIED,PIED91,16,NA,NA,75,dead
2,PIED,PIED91,17,NA,NA,75,dead
2,PIED,PIED91,18,NA,NA,75,dead
2,PIED,PIED91,19,NA,NA,75,dead
2,PIED,PIED91,2,501,NA,10,alive
2,PIED,PIED91,20,NA,NA,75,dead
2,PIED,PIED91,21,NA,NA,75,dead
2,PIED,PIED91,22,NA,NA,75,dead
2,PIED,PIED91,23,NA,NA,75,dead
2,PIED,PIED91,24,NA,NA,75,dead
2,PIED,PIED91,25,NA,NA,75,dead
2,PIED,PIED91,26,NA,NA,75,dead
2,PIED,PIED91,27,NA,NA,75,dead
2,PIED,PIED91,28,NA,NA,75,dead
2,PIED,PIED91,29,NA,NA,75,dead
2,PIED,PIED91,3,478,NA,10,alive
2,PIED,PIED91,30,NA,NA,75,dead
2,PIED,PIED91,31,NA,NA,75,dead
2,PIED,PIED91,32,NA,NA,75,dead
2,PIED,PIED91,4,462,NA,10,alive
2,PIED,PIED91,5,450,NA,10,alive
2,PIED,PIED91,6,438,NA,10,alive
2,PIED,PIED91,7,435,NA,10,alive
2,PIED,PIED91,8,430,NA,50,alive
2,PIED,PIED91,9,429,NA,50,alive
2,PIED,PIED92,1,585,NA,10,alive
2,PIED,PIED92,10,451,NA,75,alive
2,PIED,PIED92,11,450,NA,75,alive
2,PIED,PIED92,12,450,NA,75,alive
2,PIED,PIED92,13,450,NA,90,dead
2,PIED,PIED92,14,NA,NA,90,dead
2,PIED,PIED92,15,NA,NA,90,dead
2,PIED,PIED92,16,NA,NA,90,dead
2,PIED,PIED92,17,NA,NA,90,dead
2,PIED,PIED92,18,NA,NA,90,dead
2,PIED,PIED92,19,NA,NA,90,dead
2,PIED,PIED92,2,527,NA,10,alive
2,PIED,PIED92,20,NA,NA,90,dead
2,PIED,PIED92,21,NA,NA,90,dead
2,PIED,PIED92,22,NA,NA,90,dead
2,PIED,PIED92,23,NA,NA,90,dead
2,PIED,PIED92,24,NA,NA,90,dead
2,PIED,PIED92,25,NA,NA,90,dead
2,PIED,PIED92,26,NA,NA,90,dead
2,PIED,PIED92,27,NA,NA,90,dead
2,PIED,PIED92,28,NA,NA,90,dead
2,PIED,PIED92,29,NA,NA,90,dead
2,PIED,PIED92,3,507,NA,10,alive
2,PIED,PIED92,30,NA,NA,90,dead
2,PIED,PIED92,31,NA,NA,90,dead
2,PIED,PIED92,32,NA,NA,90,dead
2,PIED,PIED92,4,492,NA,10,alive
2,PIED,PIED92,5,479,NA,10,alive
2,PIED,PIED92,6,470,NA,25,alive
2,PIED,PIED92,7,465,NA,25,alive
2,PIED,PIED92,8,458,NA,25,alive
2,PIED,PIED92,9,454,NA,50,alive
2,PIED,PIED93,1,678,NA,10,alive
2,PIED,PIED93,10,402,NA,50,dead
2,PIED,PIED93,11,NA,NA,50,dead
2,PIED,PIED93,12,NA,NA,50,dead
2,PIED,PIED93,13,NA,NA,50,dead
2,PIED,PIED93,14,NA,NA,50,dead
2,PIED,PIED93,15,NA,NA,50,dead
2,PIED,PIED93,16,NA,NA,50,dead
2,PIED,PIED93,17,NA,NA,50,dead
2,PIED,PIED93,18,NA,NA,50,dead
2,PIED,PIED93,19,NA,NA,50,dead
2,PIED,PIED93,2,572,NA,10,alive
2,PIED,PIED93,20,NA,NA,50,dead
2,PIED,PIED93,21,NA,NA,50,dead
2,PIED,PIED93,22,NA,NA,50,dead
2,PIED,PIED93,23,NA,NA,50,dead
2,PIED,PIED93,24,NA,NA,50,dead
2,PIED,PIED93,25,NA,NA,50,dead
2,PIED,PIED93,26,NA,NA,50,dead
2,PIED,PIED93,27,NA,NA,50,dead
2,PIED,PIED93,28,NA,NA,50,dead
2,PIED,PIED93,29,NA,NA,50,dead
2,PIED,PIED93,3,481,NA,10,alive
2,PIED,PIED93,30,NA,NA,50,dead
2,PIED,PIED93,31,NA,NA,50,dead
2,PIED,PIED93,32,NA,NA,50,dead
2,PIED,PIED93,4,450,NA,10,alive
2,PIED,PIED93,5,433,NA,10,alive
2,PIED,PIED93,6,420,NA,10,alive
2,PIED,PIED93,7,412,NA,10,alive
2,PIED,PIED93,8,405,NA,50,alive
2,PIED,PIED93,9,402,NA,50,alive
2,PIED,PIED94,1,600,NA,10,alive
2,PIED,PIED94,10,443,NA,90,dead
2,PIED,PIED94,11,NA,NA,90,dead
2,PIED,PIED94,12,NA,NA,90,dead
2,PIED,PIED94,13,NA,NA,90,dead
2,PIED,PIED94,14,NA,NA,90,dead
2,PIED,PIED94,15,NA,NA,90,dead
2,PIED,PIED94,16,NA,NA,90,dead
2,PIED,PIED94,17,NA,NA,90,dead
2,PIED,PIED94,18,NA,NA,90,dead
2,PIED,PIED94,19,NA,NA,90,dead
2,PIED,PIED94,2,521,NA,10,alive
2,PIED,PIED94,20,NA,NA,90,dead
2,PIED,PIED94,21,NA,NA,90,dead
2,PIED,PIED94,22,NA,NA,90,dead
2,PIED,PIED94,23,NA,NA,90,dead
2,PIED,PIED94,24,NA,NA,90,dead
2,PIED,PIED94,25,NA,NA,90,dead
2,PIED,PIED94,26,NA,NA,90,dead
2,PIED,PIED94,27,NA,NA,90,dead
2,PIED,PIED94,28,NA,NA,90,dead
2,PIED,PIED94,29,NA,NA,90,dead
2,PIED,PIED94,3,491,NA,10,alive
2,PIED,PIED94,30,NA,NA,90,dead
2,PIED,PIED94,31,NA,NA,90,dead
2,PIED,PIED94,32,NA,NA,90,dead
2,PIED,PIED94,4,474,NA,25,alive
2,PIED,PIED94,5,461,NA,10,alive
2,PIED,PIED94,6,451,NA,25,alive
2,PIED,PIED94,7,447,NA,50,alive
2,PIED,PIED94,8,443,NA,90,dead
2,PIED,PIED94,9,443,NA,90,dead
2,PIED,PIED95,1,541,NA,10,alive
2,PIED,PIED95,10,376,NA,90,dead
2,PIED,PIED95,11,NA,NA,90,dead
2,PIED,PIED95,12,NA,NA,90,dead
2,PIED,PIED95,13,NA,NA,90,dead
2,PIED,PIED95,14,NA,NA,90,dead
2,PIED,PIED95,15,NA,NA,90,dead
2,PIED,PIED95,16,NA,NA,90,dead
2,PIED,PIED95,17,NA,NA,90,dead
2,PIED,PIED95,18,NA,NA,90,dead
2,PIED,PIED95,19,NA,NA,90,dead
2,PIED,PIED95,2,458,NA,10,alive
2,PIED,PIED95,20,NA,NA,90,dead
2,PIED,PIED95,21,NA,NA,90,dead
2,PIED,PIED95,22,NA,NA,90,dead
2,PIED,PIED95,23,NA,NA,90,dead
2,PIED,PIED95,24,NA,NA,90,dead
2,PIED,PIED95,25,NA,NA,90,dead
2,PIED,PIED95,26,NA,NA,90,dead
2,PIED,PIED95,27,NA,NA,90,dead
2,PIED,PIED95,28,NA,NA,90,dead
2,PIED,PIED95,29,NA,NA,90,dead
2,PIED,PIED95,3,425,NA,10,alive
2,PIED,PIED95,30,NA,NA,90,dead
2,PIED,PIED95,31,NA,NA,90,dead
2,PIED,PIED95,32,NA,NA,90,dead
2,PIED,PIED95,4,404,NA,10,alive
2,PIED,PIED95,5,391,NA,10,alive
2,PIED,PIED95,6,384,NA,10,alive
2,PIED,PIED95,7,381,NA,25,alive
2,PIED,PIED95,8,377,NA,75,dead
2,PIED,PIED95,9,377,NA,90,dead
2,PIED,PIED96,1,621,NA,10,alive
2,PIED,PIED96,10,354,NA,90,dead
2,PIED,PIED96,11,NA,NA,90,dead
2,PIED,PIED96,12,NA,NA,90,dead
2,PIED,PIED96,13,NA,NA,90,dead
2,PIED,PIED96,14,NA,NA,90,dead
2,PIED,PIED96,15,NA,NA,90,dead
2,PIED,PIED96,16,NA,NA,90,dead
2,PIED,PIED96,17,NA,NA,90,dead
2,PIED,PIED96,18,NA,NA,90,dead
2,PIED,PIED96,19,NA,NA,90,dead
2,PIED,PIED96,2,533,NA,10,alive
2,PIED,PIED96,20,NA,NA,90,dead
2,PIED,PIED96,21,NA,NA,90,dead
2,PIED,PIED96,22,NA,NA,90,dead
2,PIED,PIED96,23,NA,NA,90,dead
2,PIED,PIED96,24,NA,NA,90,dead
2,PIED,PIED96,25,NA,NA,90,dead
2,PIED,PIED96,26,NA,NA,90,dead
2,PIED,PIED96,27,NA,NA,90,dead
2,PIED,PIED96,28,NA,NA,90,dead
2,PIED,PIED96,29,NA,NA,90,dead
2,PIED,PIED96,3,450,NA,10,alive
2,PIED,PIED96,30,NA,NA,90,dead
2,PIED,PIED96,31,NA,NA,90,dead
2,PIED,PIED96,32,NA,NA,90,dead
2,PIED,PIED96,4,409,NA,25,alive
2,PIED,PIED96,5,391,NA,10,alive
2,PIED,PIED96,6,374,NA,25,alive
2,PIED,PIED96,7,366,NA,75,alive
2,PIED,PIED96,8,357,NA,90,dead
2,PIED,PIED96,9,355,NA,90,dead
