Phase,Species,SpeciesID,Week,Weight_g,Porometer,PercentBrown,Dead
1,PIEN,PIEN01,1.0,766,NA,10,alive
1,PIEN,PIEN01,1.5,NA,NA,10,alive
1,PIEN,PIEN01,10.0,743,NA,10,alive
1,PIEN,PIEN01,10.5,NA,NA,10,alive
1,PIEN,PIEN01,11.0,692,NA,10,alive
1,PIEN,PIEN01,11.5,NA,NA,10,alive
1,PIEN,PIEN01,12.0,699,NA,10,alive
1,PIEN,PIEN01,12.5,NA,NA,10,alive
1,PIEN,PIEN01,13.0,NA,NA,NA,alive
1,PIEN,PIEN01,13.5,NA,NA,10,alive
1,PIEN,PIEN01,14.0,737,NA,10,alive
1,PIEN,PIEN01,14.5,NA,NA,10,alive
1,PIEN,PIEN01,15.0,688,NA,10,alive
1,PIEN,PIEN01,15.5,NA,NA,NA,alive
1,PIEN,PIEN01,16.0,740,NA,10,alive
1,PIEN,PIEN01,16.5,NA,NA,10,alive
1,PIEN,PIEN01,17.0,679,NA,25,alive
1,PIEN,PIEN01,17.5,NA,NA,25,alive
1,PIEN,PIEN01,18.0,733,NA,25,alive
1,PIEN,PIEN01,18.5,NA,NA,10,alive
1,PIEN,PIEN01,19.0,674,NA,25,alive
1,PIEN,PIEN01,19.5,NA,NA,10,alive
1,PIEN,PIEN01,2.0,795,NA,10,alive
1,PIEN,PIEN01,2.5,NA,NA,10,alive
1,PIEN,PIEN01,20.0,707,NA,10,alive
1,PIEN,PIEN01,20.5,NA,NA,10,alive
1,PIEN,PIEN01,21.0,647,NA,10,alive
1,PIEN,PIEN01,21.5,NA,NA,10,alive
1,PIEN,PIEN01,22.0,766,NA,10,alive
1,PIEN,PIEN01,22.5,NA,NA,25,alive
1,PIEN,PIEN01,23.0,704,NA,25,alive
1,PIEN,PIEN01,23.5,NA,NA,NA,alive
1,PIEN,PIEN01,24.0,721,NA,10,alive
1,PIEN,PIEN01,3.0,764,NA,10,alive
1,PIEN,PIEN01,3.5,NA,NA,10,alive
1,PIEN,PIEN01,4.0,789,NA,10,alive
1,PIEN,PIEN01,4.5,NA,NA,NA,alive
1,PIEN,PIEN01,5.0,798,NA,10,alive
1,PIEN,PIEN01,5.5,NA,NA,10,alive
1,PIEN,PIEN01,6.0,796,NA,10,alive
1,PIEN,PIEN01,6.5,NA,NA,10,alive
1,PIEN,PIEN01,7.0,762,NA,10,alive
1,PIEN,PIEN01,7.5,NA,NA,10,alive
1,PIEN,PIEN01,8.0,662,NA,10,alive
1,PIEN,PIEN01,8.5,NA,NA,10,alive
1,PIEN,PIEN01,9.0,621,NA,10,alive
1,PIEN,PIEN01,9.5,NA,NA,10,alive
1,PIEN,PIEN02,1.0,794,NA,10,alive
1,PIEN,PIEN02,1.5,NA,NA,10,alive
1,PIEN,PIEN02,10.0,734,NA,10,alive
1,PIEN,PIEN02,10.5,NA,NA,10,alive
1,PIEN,PIEN02,11.0,685,NA,10,alive
1,PIEN,PIEN02,11.5,NA,NA,10,alive
1,PIEN,PIEN02,12.0,688,NA,10,alive
1,PIEN,PIEN02,12.5,NA,NA,10,alive
1,PIEN,PIEN02,13.0,NA,NA,NA,alive
1,PIEN,PIEN02,13.5,NA,NA,10,alive
1,PIEN,PIEN02,14.0,720,NA,10,alive
1,PIEN,PIEN02,14.5,NA,NA,10,alive
1,PIEN,PIEN02,15.0,662,NA,10,alive
1,PIEN,PIEN02,15.5,NA,NA,10,alive
1,PIEN,PIEN02,16.0,735,NA,10,alive
1,PIEN,PIEN02,16.5,NA,NA,10,alive
1,PIEN,PIEN02,17.0,674,NA,10,alive
1,PIEN,PIEN02,17.5,NA,NA,10,alive
1,PIEN,PIEN02,18.0,733,NA,10,alive
1,PIEN,PIEN02,18.5,NA,NA,10,alive
1,PIEN,PIEN02,19.0,688,NA,10,alive
1,PIEN,PIEN02,19.5,NA,NA,10,alive
1,PIEN,PIEN02,2.0,797,NA,10,alive
1,PIEN,PIEN02,2.5,NA,NA,10,alive
1,PIEN,PIEN02,20.0,733,NA,10,alive
1,PIEN,PIEN02,20.5,NA,NA,10,alive
1,PIEN,PIEN02,21.0,670,NA,10,alive
1,PIEN,PIEN02,21.5,NA,NA,10,alive
1,PIEN,PIEN02,22.0,741,NA,10,alive
1,PIEN,PIEN02,22.5,NA,NA,10,alive
1,PIEN,PIEN02,23.0,673,NA,10,alive
1,PIEN,PIEN02,23.5,NA,NA,NA,alive
1,PIEN,PIEN02,24.0,706,NA,10,alive
1,PIEN,PIEN02,3.0,767,NA,10,alive
1,PIEN,PIEN02,3.5,NA,NA,10,alive
1,PIEN,PIEN02,4.0,792,NA,10,alive
1,PIEN,PIEN02,4.5,NA,NA,NA,alive
1,PIEN,PIEN02,5.0,793,NA,10,alive
1,PIEN,PIEN02,5.5,NA,NA,10,alive
1,PIEN,PIEN02,6.0,777,NA,10,alive
1,PIEN,PIEN02,6.5,NA,NA,10,alive
1,PIEN,PIEN02,7.0,744,NA,10,alive
1,PIEN,PIEN02,7.5,NA,NA,10,alive
1,PIEN,PIEN02,8.0,658,NA,10,alive
1,PIEN,PIEN02,8.5,NA,NA,10,alive
1,PIEN,PIEN02,9.0,617,NA,10,alive
1,PIEN,PIEN02,9.5,NA,NA,10,alive
1,PIEN,PIEN03,1.0,820,204.1,10,alive
1,PIEN,PIEN03,1.5,NA,NA,10,alive
1,PIEN,PIEN03,10.0,757,114.2,10,alive
1,PIEN,PIEN03,10.5,NA,NA,10,alive
1,PIEN,PIEN03,11.0,711,120,10,alive
1,PIEN,PIEN03,11.5,NA,NA,10,alive
1,PIEN,PIEN03,12.0,733,141.7,10,alive
1,PIEN,PIEN03,12.5,NA,NA,10,alive
1,PIEN,PIEN03,13.0,NA,49.4,NA,alive
1,PIEN,PIEN03,13.5,NA,NA,25,alive
1,PIEN,PIEN03,14.0,747,NA,25,alive
1,PIEN,PIEN03,14.5,NA,NA,25,alive
1,PIEN,PIEN03,15.0,695,NA,25,alive
1,PIEN,PIEN03,15.5,NA,NA,10,alive
1,PIEN,PIEN03,16.0,742,33.8,25,alive
1,PIEN,PIEN03,16.5,NA,NA,10,alive
1,PIEN,PIEN03,17.0,680,70.4,25,alive
1,PIEN,PIEN03,17.5,NA,NA,25,alive
1,PIEN,PIEN03,18.0,739,56,25,alive
1,PIEN,PIEN03,18.5,NA,NA,25,alive
1,PIEN,PIEN03,19.0,684,41.8,25,alive
1,PIEN,PIEN03,19.5,NA,NA,25,alive
1,PIEN,PIEN03,2.0,819,290.6,10,alive
1,PIEN,PIEN03,2.5,NA,NA,10,alive
1,PIEN,PIEN03,20.0,711,40.6,25,alive
1,PIEN,PIEN03,20.5,NA,NA,25,alive
1,PIEN,PIEN03,21.0,645,66.8,25,alive
1,PIEN,PIEN03,21.5,NA,NA,25,alive
1,PIEN,PIEN03,22.0,769,80.2,25,alive
1,PIEN,PIEN03,22.5,NA,NA,25,alive
1,PIEN,PIEN03,23.0,696,96,25,alive
1,PIEN,PIEN03,23.5,NA,NA,NA,alive
1,PIEN,PIEN03,24.0,732,NA,25,alive
1,PIEN,PIEN03,3.0,778,144.6,10,alive
1,PIEN,PIEN03,3.5,NA,NA,10,alive
1,PIEN,PIEN03,4.0,801,67.3,10,alive
1,PIEN,PIEN03,4.5,NA,NA,NA,alive
1,PIEN,PIEN03,5.0,801,127.7,10,alive
1,PIEN,PIEN03,5.5,NA,NA,10,alive
1,PIEN,PIEN03,6.0,810,105.8,10,alive
1,PIEN,PIEN03,6.5,NA,NA,10,alive
1,PIEN,PIEN03,7.0,769,118.6,10,alive
1,PIEN,PIEN03,7.5,NA,NA,10,alive
1,PIEN,PIEN03,8.0,684,84.8,10,alive
1,PIEN,PIEN03,8.5,NA,NA,10,alive
1,PIEN,PIEN03,9.0,635,146.2,10,alive
1,PIEN,PIEN03,9.5,NA,NA,10,alive
1,PIEN,PIEN04,1.0,821,260.4,10,alive
1,PIEN,PIEN04,1.5,NA,NA,10,alive
1,PIEN,PIEN04,10.0,767,132,10,alive
1,PIEN,PIEN04,10.5,NA,NA,10,alive
1,PIEN,PIEN04,11.0,720,75.4,10,alive
1,PIEN,PIEN04,11.5,NA,NA,10,alive
1,PIEN,PIEN04,12.0,740,146.4,10,alive
1,PIEN,PIEN04,12.5,NA,NA,10,alive
1,PIEN,PIEN04,13.0,NA,86.1,NA,alive
1,PIEN,PIEN04,13.5,NA,NA,10,alive
1,PIEN,PIEN04,14.0,743,NA,10,alive
1,PIEN,PIEN04,14.5,NA,NA,10,alive
1,PIEN,PIEN04,15.0,694,NA,10,alive
1,PIEN,PIEN04,15.5,NA,NA,10,alive
1,PIEN,PIEN04,16.0,752,42,10,alive
1,PIEN,PIEN04,16.5,NA,NA,10,alive
1,PIEN,PIEN04,17.0,687,82.8,10,alive
1,PIEN,PIEN04,17.5,NA,NA,10,alive
1,PIEN,PIEN04,18.0,755,65.7,10,alive
1,PIEN,PIEN04,18.5,NA,NA,10,alive
1,PIEN,PIEN04,19.0,704,32.3,10,alive
1,PIEN,PIEN04,19.5,NA,NA,10,alive
1,PIEN,PIEN04,2.0,841,227.4,10,alive
1,PIEN,PIEN04,2.5,NA,NA,10,alive
1,PIEN,PIEN04,20.0,740,40.7,10,alive
1,PIEN,PIEN04,20.5,NA,NA,10,alive
1,PIEN,PIEN04,21.0,676,62.3,10,alive
1,PIEN,PIEN04,21.5,NA,NA,10,alive
1,PIEN,PIEN04,22.0,779,81.6,10,alive
1,PIEN,PIEN04,22.5,NA,NA,10,alive
1,PIEN,PIEN04,23.0,710,63,25,alive
1,PIEN,PIEN04,23.5,NA,NA,NA,alive
1,PIEN,PIEN04,24.0,753,NA,10,alive
1,PIEN,PIEN04,3.0,805,109.4,10,alive
1,PIEN,PIEN04,3.5,NA,NA,10,alive
1,PIEN,PIEN04,4.0,839,126.6,10,alive
1,PIEN,PIEN04,4.5,NA,NA,NA,alive
1,PIEN,PIEN04,5.0,835,85.5,10,alive
1,PIEN,PIEN04,5.5,NA,NA,10,alive
1,PIEN,PIEN04,6.0,824,74.5,10,alive
1,PIEN,PIEN04,6.5,NA,NA,10,alive
1,PIEN,PIEN04,7.0,787,73.8,10,alive
1,PIEN,PIEN04,7.5,NA,NA,10,alive
1,PIEN,PIEN04,8.0,700,105.5,10,alive
1,PIEN,PIEN04,8.5,NA,NA,10,alive
1,PIEN,PIEN04,9.0,651,129.1,10,alive
1,PIEN,PIEN04,9.5,NA,NA,10,alive
1,PIEN,PIEN05,1.0,866,245.2,10,alive
1,PIEN,PIEN05,1.5,NA,NA,10,alive
1,PIEN,PIEN05,10.0,778,92.4,10,alive
1,PIEN,PIEN05,10.5,NA,NA,10,alive
1,PIEN,PIEN05,11.0,726,98.9,10,alive
1,PIEN,PIEN05,11.5,NA,NA,10,alive
1,PIEN,PIEN05,12.0,740,138.1,10,alive
1,PIEN,PIEN05,12.5,NA,NA,10,alive
1,PIEN,PIEN05,13.0,NA,92.1,NA,alive
1,PIEN,PIEN05,13.5,NA,NA,10,alive
1,PIEN,PIEN05,14.0,756,NA,10,alive
1,PIEN,PIEN05,14.5,NA,NA,10,alive
1,PIEN,PIEN05,15.0,705,NA,10,alive
1,PIEN,PIEN05,15.5,NA,NA,10,alive
1,PIEN,PIEN05,16.0,753,54.8,10,alive
1,PIEN,PIEN05,16.5,NA,NA,10,alive
1,PIEN,PIEN05,17.0,690,84.3,10,alive
1,PIEN,PIEN05,17.5,NA,NA,10,alive
1,PIEN,PIEN05,18.0,750,85.8,10,alive
1,PIEN,PIEN05,18.5,NA,NA,10,alive
1,PIEN,PIEN05,19.0,687,55.3,10,alive
1,PIEN,PIEN05,19.5,NA,NA,10,alive
1,PIEN,PIEN05,2.0,871,182.7,10,alive
1,PIEN,PIEN05,2.5,NA,NA,10,alive
1,PIEN,PIEN05,20.0,708,49,10,alive
1,PIEN,PIEN05,20.5,NA,NA,10,alive
1,PIEN,PIEN05,21.0,643,91.3,10,alive
1,PIEN,PIEN05,21.5,NA,NA,10,alive
1,PIEN,PIEN05,22.0,760,106,10,alive
1,PIEN,PIEN05,22.5,NA,NA,10,alive
1,PIEN,PIEN05,23.0,683,91.6,25,alive
1,PIEN,PIEN05,23.5,NA,NA,NA,alive
1,PIEN,PIEN05,24.0,702,NA,10,alive
1,PIEN,PIEN05,3.0,846,160.2,10,alive
1,PIEN,PIEN05,3.5,NA,NA,10,alive
1,PIEN,PIEN05,4.0,863,163.2,10,alive
1,PIEN,PIEN05,4.5,NA,NA,NA,alive
1,PIEN,PIEN05,5.0,848,118.1,10,alive
1,PIEN,PIEN05,5.5,NA,NA,10,alive
1,PIEN,PIEN05,6.0,843,102.6,10,alive
1,PIEN,PIEN05,6.5,NA,NA,10,alive
1,PIEN,PIEN05,7.0,808,96.8,10,alive
1,PIEN,PIEN05,7.5,NA,NA,10,alive
1,PIEN,PIEN05,8.0,722,84.2,10,alive
1,PIEN,PIEN05,8.5,NA,NA,10,alive
1,PIEN,PIEN05,9.0,677,110.9,10,alive
1,PIEN,PIEN05,9.5,NA,NA,10,alive
1,PIEN,PIEN06,1.0,755,154.9,10,alive
1,PIEN,PIEN06,1.5,NA,NA,10,alive
1,PIEN,PIEN06,10.0,423,137.2,10,alive
1,PIEN,PIEN06,10.5,NA,NA,10,alive
1,PIEN,PIEN06,11.0,405,76.5,10,alive
1,PIEN,PIEN06,11.5,NA,NA,10,alive
1,PIEN,PIEN06,12.0,391,118.9,10,alive
1,PIEN,PIEN06,12.5,NA,NA,10,alive
1,PIEN,PIEN06,13.0,NA,55.6,NA,alive
1,PIEN,PIEN06,13.5,NA,NA,10,alive
1,PIEN,PIEN06,14.0,373,NA,10,alive
1,PIEN,PIEN06,14.5,NA,NA,10,alive
1,PIEN,PIEN06,15.0,366,NA,10,alive
1,PIEN,PIEN06,15.5,NA,NA,10,alive
1,PIEN,PIEN06,16.0,360,22.2,10,alive
1,PIEN,PIEN06,16.5,NA,NA,10,alive
1,PIEN,PIEN06,17.0,353,62.3,25,alive
1,PIEN,PIEN06,17.5,NA,NA,50,alive
1,PIEN,PIEN06,18.0,345,38.4,90,dead
1,PIEN,PIEN06,18.5,NA,NA,90,dead
1,PIEN,PIEN06,19.0,341,NA,90,dead
1,PIEN,PIEN06,19.5,NA,NA,90,dead
1,PIEN,PIEN06,2.0,737,155.3,10,alive
1,PIEN,PIEN06,2.5,NA,NA,10,alive
1,PIEN,PIEN06,20.0,338,NA,90,dead
1,PIEN,PIEN06,20.5,NA,NA,NA,dead
1,PIEN,PIEN06,21.0,NA,NA,NA,dead
1,PIEN,PIEN06,21.5,NA,NA,NA,dead
1,PIEN,PIEN06,22.0,NA,NA,NA,dead
1,PIEN,PIEN06,22.5,NA,NA,NA,dead
1,PIEN,PIEN06,23.0,NA,NA,NA,dead
1,PIEN,PIEN06,23.5,NA,NA,NA,dead
1,PIEN,PIEN06,24.0,NA,NA,NA,dead
1,PIEN,PIEN06,3.0,714,165.5,10,alive
1,PIEN,PIEN06,3.5,NA,NA,10,alive
1,PIEN,PIEN06,4.0,690,87.7,10,alive
1,PIEN,PIEN06,4.5,NA,NA,NA,alive
1,PIEN,PIEN06,5.0,664,130.6,10,alive
1,PIEN,PIEN06,5.5,NA,NA,10,alive
1,PIEN,PIEN06,6.0,631,114.8,10,alive
1,PIEN,PIEN06,6.5,NA,NA,10,alive
1,PIEN,PIEN06,7.0,601,104.7,10,alive
1,PIEN,PIEN06,7.5,NA,NA,10,alive
1,PIEN,PIEN06,8.0,487,105.3,10,alive
1,PIEN,PIEN06,8.5,NA,NA,10,alive
1,PIEN,PIEN06,9.0,450,150.5,10,alive
1,PIEN,PIEN06,9.5,NA,NA,10,alive
1,PIEN,PIEN07,1.0,840,201.3,25,alive
1,PIEN,PIEN07,1.5,NA,NA,25,alive
1,PIEN,PIEN07,10.0,574,92.9,25,alive
1,PIEN,PIEN07,10.5,NA,NA,25,alive
1,PIEN,PIEN07,11.0,536,77.4,25,alive
1,PIEN,PIEN07,11.5,NA,NA,25,alive
1,PIEN,PIEN07,12.0,513,116.5,25,alive
1,PIEN,PIEN07,12.5,NA,NA,10,alive
1,PIEN,PIEN07,13.0,NA,58,NA,alive
1,PIEN,PIEN07,13.5,NA,NA,25,alive
1,PIEN,PIEN07,14.0,473,NA,25,alive
1,PIEN,PIEN07,14.5,NA,NA,25,alive
1,PIEN,PIEN07,15.0,455,NA,25,alive
1,PIEN,PIEN07,15.5,NA,NA,25,alive
1,PIEN,PIEN07,16.0,436,28.5,25,alive
1,PIEN,PIEN07,16.5,NA,NA,25,alive
1,PIEN,PIEN07,17.0,424,49.8,25,alive
1,PIEN,PIEN07,17.5,NA,NA,25,alive
1,PIEN,PIEN07,18.0,415,40,25,alive
1,PIEN,PIEN07,18.5,NA,NA,25,alive
1,PIEN,PIEN07,19.0,407,19.6,25,alive
1,PIEN,PIEN07,19.5,NA,NA,50,dead
1,PIEN,PIEN07,2.0,827,169.5,10,alive
1,PIEN,PIEN07,2.5,NA,NA,25,alive
1,PIEN,PIEN07,20.0,400,21.3,50,dead
1,PIEN,PIEN07,20.5,NA,NA,75,dead
1,PIEN,PIEN07,21.0,396,31.9,75,dead
1,PIEN,PIEN07,21.5,NA,NA,90,dead
1,PIEN,PIEN07,22.0,394,62.9,90,dead
1,PIEN,PIEN07,22.5,NA,NA,NA,dead
1,PIEN,PIEN07,23.0,NA,NA,NA,dead
1,PIEN,PIEN07,23.5,NA,NA,NA,dead
1,PIEN,PIEN07,24.0,NA,NA,NA,dead
1,PIEN,PIEN07,3.0,811,126.3,25,alive
1,PIEN,PIEN07,3.5,NA,NA,25,alive
1,PIEN,PIEN07,4.0,792,108.6,25,alive
1,PIEN,PIEN07,4.5,NA,NA,NA,alive
1,PIEN,PIEN07,5.0,765,106.1,25,alive
1,PIEN,PIEN07,5.5,NA,NA,25,alive
1,PIEN,PIEN07,6.0,746,77.5,25,alive
1,PIEN,PIEN07,6.5,NA,NA,25,alive
1,PIEN,PIEN07,7.0,727,71.5,25,alive
1,PIEN,PIEN07,7.5,NA,NA,25,alive
1,PIEN,PIEN07,8.0,632,107.8,25,alive
1,PIEN,PIEN07,8.5,NA,NA,25,alive
1,PIEN,PIEN07,9.0,602,136.8,25,alive
1,PIEN,PIEN07,9.5,NA,NA,25,alive
1,PIEN,PIEN08,1.0,822,223.6,10,alive
1,PIEN,PIEN08,1.5,NA,NA,25,alive
1,PIEN,PIEN08,10.0,519,99.3,10,alive
1,PIEN,PIEN08,10.5,NA,NA,10,alive
1,PIEN,PIEN08,11.0,489,87.1,10,alive
1,PIEN,PIEN08,11.5,NA,NA,10,alive
1,PIEN,PIEN08,12.0,468,108,10,alive
1,PIEN,PIEN08,12.5,NA,NA,10,alive
1,PIEN,PIEN08,13.0,NA,55.7,NA,alive
1,PIEN,PIEN08,13.5,NA,NA,10,alive
1,PIEN,PIEN08,14.0,435,NA,10,alive
1,PIEN,PIEN08,14.5,NA,NA,10,alive
1,PIEN,PIEN08,15.0,420,NA,10,alive
1,PIEN,PIEN08,15.5,NA,NA,10,alive
1,PIEN,PIEN08,16.0,409,33.8,10,alive
1,PIEN,PIEN08,16.5,NA,NA,10,alive
1,PIEN,PIEN08,17.0,395,78.5,10,alive
1,PIEN,PIEN08,17.5,NA,NA,25,alive
1,PIEN,PIEN08,18.0,386,59.2,10,alive
1,PIEN,PIEN08,18.5,NA,NA,10,alive
1,PIEN,PIEN08,19.0,378,23.8,25,alive
1,PIEN,PIEN08,19.5,NA,NA,50,dead
1,PIEN,PIEN08,2.0,808,121.7,10,alive
1,PIEN,PIEN08,2.5,NA,NA,10,alive
1,PIEN,PIEN08,20.0,369,19.3,75,dead
1,PIEN,PIEN08,20.5,NA,NA,75,dead
1,PIEN,PIEN08,21.0,364,48.4,90,dead
1,PIEN,PIEN08,21.5,NA,NA,90,dead
1,PIEN,PIEN08,22.0,362,NA,90,dead
1,PIEN,PIEN08,22.5,NA,NA,NA,dead
1,PIEN,PIEN08,23.0,NA,NA,NA,dead
1,PIEN,PIEN08,23.5,NA,NA,NA,dead
1,PIEN,PIEN08,24.0,NA,NA,NA,dead
1,PIEN,PIEN08,3.0,787,107.9,10,alive
1,PIEN,PIEN08,3.5,NA,NA,10,alive
1,PIEN,PIEN08,4.0,767,65.3,10,alive
1,PIEN,PIEN08,4.5,NA,NA,NA,alive
1,PIEN,PIEN08,5.0,739,105.6,10,alive
1,PIEN,PIEN08,5.5,NA,NA,10,alive
1,PIEN,PIEN08,6.0,715,87.4,10,alive
1,PIEN,PIEN08,6.5,NA,NA,10,alive
1,PIEN,PIEN08,7.0,691,102.3,10,alive
1,PIEN,PIEN08,7.5,NA,NA,10,alive
1,PIEN,PIEN08,8.0,585,77.2,10,alive
1,PIEN,PIEN08,8.5,NA,NA,10,alive
1,PIEN,PIEN08,9.0,549,194.8,10,alive
1,PIEN,PIEN08,9.5,NA,NA,10,alive
1,PIEN,PIEN09,1.0,780,253.8,10,alive
1,PIEN,PIEN09,1.5,NA,NA,10,alive
1,PIEN,PIEN09,10.0,477,146.5,10,alive
1,PIEN,PIEN09,10.5,NA,NA,10,alive
1,PIEN,PIEN09,11.0,459,107.3,10,alive
1,PIEN,PIEN09,11.5,NA,NA,10,alive
1,PIEN,PIEN09,12.0,444,113.1,10,alive
1,PIEN,PIEN09,12.5,NA,NA,10,alive
1,PIEN,PIEN09,13.0,NA,62.6,NA,alive
1,PIEN,PIEN09,13.5,NA,NA,10,alive
1,PIEN,PIEN09,14.0,429,NA,10,alive
1,PIEN,PIEN09,14.5,NA,NA,10,alive
1,PIEN,PIEN09,15.0,422,NA,10,alive
1,PIEN,PIEN09,15.5,NA,NA,10,alive
1,PIEN,PIEN09,16.0,415,23.9,10,alive
1,PIEN,PIEN09,16.5,NA,NA,10,alive
1,PIEN,PIEN09,17.0,407,54.7,25,alive
1,PIEN,PIEN09,17.5,NA,NA,50,dead
1,PIEN,PIEN09,18.0,402,36.7,75,dead
1,PIEN,PIEN09,18.5,NA,NA,90,dead
1,PIEN,PIEN09,19.0,398,NA,90,dead
1,PIEN,PIEN09,19.5,NA,NA,90,dead
1,PIEN,PIEN09,2.0,756,228,10,alive
1,PIEN,PIEN09,2.5,NA,NA,10,alive
1,PIEN,PIEN09,20.0,394,NA,90,dead
1,PIEN,PIEN09,20.5,NA,NA,NA,dead
1,PIEN,PIEN09,21.0,NA,NA,NA,dead
1,PIEN,PIEN09,21.5,NA,NA,NA,dead
1,PIEN,PIEN09,22.0,NA,NA,NA,dead
1,PIEN,PIEN09,22.5,NA,NA,NA,dead
1,PIEN,PIEN09,23.0,NA,NA,NA,dead
1,PIEN,PIEN09,23.5,NA,NA,NA,dead
1,PIEN,PIEN09,24.0,NA,NA,NA,dead
1,PIEN,PIEN09,3.0,721,161.7,10,alive
1,PIEN,PIEN09,3.5,NA,NA,10,alive
1,PIEN,PIEN09,4.0,694,98.2,10,alive
1,PIEN,PIEN09,4.5,NA,NA,NA,alive
1,PIEN,PIEN09,5.0,654,113.4,10,alive
1,PIEN,PIEN09,5.5,NA,NA,10,alive
1,PIEN,PIEN09,6.0,625,115.2,10,alive
1,PIEN,PIEN09,6.5,NA,NA,10,alive
1,PIEN,PIEN09,7.0,593,124.8,10,alive
1,PIEN,PIEN09,7.5,NA,NA,10,alive
1,PIEN,PIEN09,8.0,519,135.6,10,alive
1,PIEN,PIEN09,8.5,NA,NA,10,alive
1,PIEN,PIEN09,9.0,496,190.6,10,alive
1,PIEN,PIEN09,9.5,NA,NA,10,alive
1,PIEN,PIEN10,1.0,842,173.6,10,alive
1,PIEN,PIEN10,1.5,NA,NA,10,alive
1,PIEN,PIEN10,10.0,559,128,10,alive
1,PIEN,PIEN10,10.5,NA,NA,10,alive
1,PIEN,PIEN10,11.0,532,103.1,10,alive
1,PIEN,PIEN10,11.5,NA,NA,10,alive
1,PIEN,PIEN10,12.0,514,129.9,10,alive
1,PIEN,PIEN10,12.5,NA,NA,10,alive
1,PIEN,PIEN10,13.0,NA,56.6,NA,alive
1,PIEN,PIEN10,13.5,NA,NA,10,alive
1,PIEN,PIEN10,14.0,483,NA,10,alive
1,PIEN,PIEN10,14.5,NA,NA,10,alive
1,PIEN,PIEN10,15.0,470,NA,10,alive
1,PIEN,PIEN10,15.5,NA,NA,10,alive
1,PIEN,PIEN10,16.0,459,26.5,10,alive
1,PIEN,PIEN10,16.5,NA,NA,10,alive
1,PIEN,PIEN10,17.0,449,67.2,10,alive
1,PIEN,PIEN10,17.5,NA,NA,10,alive
1,PIEN,PIEN10,18.0,442,50.7,10,alive
1,PIEN,PIEN10,18.5,NA,NA,10,alive
1,PIEN,PIEN10,19.0,435,17.8,25,alive
1,PIEN,PIEN10,19.5,NA,NA,50,dead
1,PIEN,PIEN10,2.0,827,171.7,10,alive
1,PIEN,PIEN10,2.5,NA,NA,10,alive
1,PIEN,PIEN10,20.0,428,19.4,50,dead
1,PIEN,PIEN10,20.5,NA,NA,75,dead
1,PIEN,PIEN10,21.0,423,46.7,75,dead
1,PIEN,PIEN10,21.5,NA,NA,90,dead
1,PIEN,PIEN10,22.0,421,73.9,90,dead
1,PIEN,PIEN10,22.5,NA,NA,NA,dead
1,PIEN,PIEN10,23.0,NA,NA,NA,dead
1,PIEN,PIEN10,23.5,NA,NA,NA,dead
1,PIEN,PIEN10,24.0,NA,NA,NA,dead
1,PIEN,PIEN10,3.0,803,79,10,alive
1,PIEN,PIEN10,3.5,NA,NA,10,alive
1,PIEN,PIEN10,4.0,783,88.9,10,alive
1,PIEN,PIEN10,4.5,NA,NA,NA,alive
1,PIEN,PIEN10,5.0,754,111.3,10,alive
1,PIEN,PIEN10,5.5,NA,NA,10,alive
1,PIEN,PIEN10,6.0,733,104.5,10,alive
1,PIEN,PIEN10,6.5,NA,NA,10,alive
1,PIEN,PIEN10,7.0,704,91.2,10,alive
1,PIEN,PIEN10,7.5,NA,NA,10,alive
1,PIEN,PIEN10,8.0,622,87.3,10,alive
1,PIEN,PIEN10,8.5,NA,NA,10,alive
1,PIEN,PIEN10,9.0,587,124.6,10,alive
1,PIEN,PIEN10,9.5,NA,NA,10,alive
1,PIEN,PIEN11,1.0,921,175.1,10,alive
1,PIEN,PIEN11,1.5,NA,NA,10,alive
1,PIEN,PIEN11,10.0,610,125.1,10,alive
1,PIEN,PIEN11,10.5,NA,NA,10,alive
1,PIEN,PIEN11,11.0,583,79.3,10,alive
1,PIEN,PIEN11,11.5,NA,NA,10,alive
1,PIEN,PIEN11,12.0,563,109.3,10,alive
1,PIEN,PIEN11,12.5,NA,NA,10,alive
1,PIEN,PIEN11,13.0,NA,64.4,NA,alive
1,PIEN,PIEN11,13.5,NA,NA,10,alive
1,PIEN,PIEN11,14.0,536,NA,10,alive
1,PIEN,PIEN11,14.5,NA,NA,10,alive
1,PIEN,PIEN11,15.0,521,NA,10,alive
1,PIEN,PIEN11,15.5,NA,NA,10,alive
1,PIEN,PIEN11,16.0,509,30.1,10,alive
1,PIEN,PIEN11,16.5,NA,NA,10,alive
1,PIEN,PIEN11,17.0,497,67,10,alive
1,PIEN,PIEN11,17.5,NA,NA,10,alive
1,PIEN,PIEN11,18.0,491,49,10,alive
1,PIEN,PIEN11,18.5,NA,NA,10,alive
1,PIEN,PIEN11,19.0,482,32.7,10,alive
1,PIEN,PIEN11,19.5,NA,NA,10,alive
1,PIEN,PIEN11,2.0,906,128.2,10,alive
1,PIEN,PIEN11,2.5,NA,NA,10,alive
1,PIEN,PIEN11,20.0,474,28.8,25,dead
1,PIEN,PIEN11,20.5,NA,NA,50,dead
1,PIEN,PIEN11,21.0,467,40.9,75,dead
1,PIEN,PIEN11,21.5,NA,NA,90,dead
1,PIEN,PIEN11,22.0,464,80.5,90,dead
1,PIEN,PIEN11,22.5,NA,NA,NA,dead
1,PIEN,PIEN11,23.0,NA,NA,NA,dead
1,PIEN,PIEN11,23.5,NA,NA,NA,dead
1,PIEN,PIEN11,24.0,NA,NA,NA,dead
1,PIEN,PIEN11,3.0,893,157.2,10,alive
1,PIEN,PIEN11,3.5,NA,NA,10,alive
1,PIEN,PIEN11,4.0,874,114.4,10,alive
1,PIEN,PIEN11,4.5,NA,NA,NA,alive
1,PIEN,PIEN11,5.0,852,114.2,10,alive
1,PIEN,PIEN11,5.5,NA,NA,10,alive
1,PIEN,PIEN11,6.0,828,98.4,10,alive
1,PIEN,PIEN11,6.5,NA,NA,10,alive
1,PIEN,PIEN11,7.0,802,77.8,10,alive
1,PIEN,PIEN11,7.5,NA,NA,10,alive
1,PIEN,PIEN11,8.0,682,85.7,10,alive
1,PIEN,PIEN11,8.5,NA,NA,10,alive
1,PIEN,PIEN11,9.0,643,168.5,10,alive
1,PIEN,PIEN11,9.5,NA,NA,10,alive
1,PIEN,PIEN12,1.0,806,320.8,10,alive
1,PIEN,PIEN12,1.5,NA,NA,10,alive
1,PIEN,PIEN12,10.0,523,116.9,10,alive
1,PIEN,PIEN12,10.5,NA,NA,10,alive
1,PIEN,PIEN12,11.0,485,115.5,10,alive
1,PIEN,PIEN12,11.5,NA,NA,10,alive
1,PIEN,PIEN12,12.0,463,130.3,10,alive
1,PIEN,PIEN12,12.5,NA,NA,10,alive
1,PIEN,PIEN12,13.0,NA,76.7,NA,alive
1,PIEN,PIEN12,13.5,NA,NA,10,alive
1,PIEN,PIEN12,14.0,439,NA,10,alive
1,PIEN,PIEN12,14.5,NA,NA,10,alive
1,PIEN,PIEN12,15.0,430,NA,10,alive
1,PIEN,PIEN12,15.5,NA,NA,10,alive
1,PIEN,PIEN12,16.0,420,29.1,10,alive
1,PIEN,PIEN12,16.5,NA,NA,10,alive
1,PIEN,PIEN12,17.0,413,67.2,10,alive
1,PIEN,PIEN12,17.5,NA,NA,10,alive
1,PIEN,PIEN12,18.0,407,53.5,25,alive
1,PIEN,PIEN12,18.5,NA,NA,25,alive
1,PIEN,PIEN12,19.0,400,22.9,50,dead
1,PIEN,PIEN12,19.5,NA,NA,75,dead
1,PIEN,PIEN12,2.0,788,356.1,10,alive
1,PIEN,PIEN12,2.5,NA,NA,10,alive
1,PIEN,PIEN12,20.0,395,NA,90,dead
1,PIEN,PIEN12,20.5,NA,NA,90,dead
1,PIEN,PIEN12,21.0,391,NA,90,dead
1,PIEN,PIEN12,21.5,NA,NA,NA,dead
1,PIEN,PIEN12,22.0,NA,NA,NA,dead
1,PIEN,PIEN12,22.5,NA,NA,NA,dead
1,PIEN,PIEN12,23.0,NA,NA,NA,dead
1,PIEN,PIEN12,23.5,NA,NA,NA,dead
1,PIEN,PIEN12,24.0,NA,NA,NA,dead
1,PIEN,PIEN12,3.0,756,180.3,10,alive
1,PIEN,PIEN12,3.5,NA,NA,10,alive
1,PIEN,PIEN12,4.0,733,138.8,10,alive
1,PIEN,PIEN12,4.5,NA,NA,NA,alive
1,PIEN,PIEN12,5.0,704,152.6,10,alive
1,PIEN,PIEN12,5.5,NA,NA,10,alive
1,PIEN,PIEN12,6.0,682,121.3,10,alive
1,PIEN,PIEN12,6.5,NA,NA,10,alive
1,PIEN,PIEN12,7.0,662,120.1,10,alive
1,PIEN,PIEN12,7.5,NA,NA,10,alive
1,PIEN,PIEN12,8.0,578,101.9,10,alive
1,PIEN,PIEN12,8.5,NA,NA,10,alive
1,PIEN,PIEN12,9.0,546,151,10,alive
1,PIEN,PIEN12,9.5,NA,NA,10,alive
1,PIEN,PIEN13,1.0,834,210.8,10,alive
1,PIEN,PIEN13,1.5,NA,NA,10,alive
1,PIEN,PIEN13,10.0,592,135.6,10,alive
1,PIEN,PIEN13,10.5,NA,NA,10,alive
1,PIEN,PIEN13,11.0,553,154.1,10,alive
1,PIEN,PIEN13,11.5,NA,NA,10,alive
1,PIEN,PIEN13,12.0,523,159.6,10,alive
1,PIEN,PIEN13,12.5,NA,NA,10,alive
1,PIEN,PIEN13,13.0,NA,104.5,NA,alive
1,PIEN,PIEN13,13.5,NA,NA,10,alive
1,PIEN,PIEN13,14.0,484,NA,10,alive
1,PIEN,PIEN13,14.5,NA,NA,10,alive
1,PIEN,PIEN13,15.0,466,NA,10,alive
1,PIEN,PIEN13,15.5,NA,NA,10,alive
1,PIEN,PIEN13,16.0,455,37.2,10,alive
1,PIEN,PIEN13,16.5,NA,NA,10,alive
1,PIEN,PIEN13,17.0,441,66.3,10,alive
1,PIEN,PIEN13,17.5,NA,NA,25,alive
1,PIEN,PIEN13,18.0,431,55.3,10,alive
1,PIEN,PIEN13,18.5,NA,NA,10,alive
1,PIEN,PIEN13,19.0,423,22.1,10,alive
1,PIEN,PIEN13,19.5,NA,NA,10,alive
1,PIEN,PIEN13,2.0,820,253.2,10,alive
1,PIEN,PIEN13,2.5,NA,NA,10,alive
1,PIEN,PIEN13,20.0,414,23.7,25,alive
1,PIEN,PIEN13,20.5,NA,NA,25,dead
1,PIEN,PIEN13,21.0,407,59.1,75,dead
1,PIEN,PIEN13,21.5,NA,NA,90,dead
1,PIEN,PIEN13,22.0,405,NA,90,dead
1,PIEN,PIEN13,22.5,NA,NA,90,dead
1,PIEN,PIEN13,23.0,400,NA,90,dead
1,PIEN,PIEN13,23.5,NA,NA,NA,dead
1,PIEN,PIEN13,24.0,NA,NA,NA,dead
1,PIEN,PIEN13,3.0,799,174.9,10,alive
1,PIEN,PIEN13,3.5,NA,NA,10,alive
1,PIEN,PIEN13,4.0,783,165.2,10,alive
1,PIEN,PIEN13,4.5,NA,NA,NA,alive
1,PIEN,PIEN13,5.0,752,169.1,10,alive
1,PIEN,PIEN13,5.5,NA,NA,10,alive
1,PIEN,PIEN13,6.0,734,125.5,10,alive
1,PIEN,PIEN13,6.5,NA,NA,10,alive
1,PIEN,PIEN13,7.0,718,120,10,alive
1,PIEN,PIEN13,7.5,NA,NA,10,alive
1,PIEN,PIEN13,8.0,638,96.7,10,alive
1,PIEN,PIEN13,8.5,NA,NA,10,alive
1,PIEN,PIEN13,9.0,613,174.1,10,alive
1,PIEN,PIEN13,9.5,NA,NA,10,alive
1,PIEN,PIEN14,1.0,856,319.6,25,alive
1,PIEN,PIEN14,1.5,NA,NA,25,alive
1,PIEN,PIEN14,10.0,534,129,10,alive
1,PIEN,PIEN14,10.5,NA,NA,10,alive
1,PIEN,PIEN14,11.0,504,137.4,10,alive
1,PIEN,PIEN14,11.5,NA,NA,10,alive
1,PIEN,PIEN14,12.0,484,136.2,10,alive
1,PIEN,PIEN14,12.5,NA,NA,10,alive
1,PIEN,PIEN14,13.0,NA,56.7,NA,alive
1,PIEN,PIEN14,13.5,NA,NA,10,alive
1,PIEN,PIEN14,14.0,463,NA,10,alive
1,PIEN,PIEN14,14.5,NA,NA,10,alive
1,PIEN,PIEN14,15.0,454,NA,10,alive
1,PIEN,PIEN14,15.5,NA,NA,10,alive
1,PIEN,PIEN14,16.0,446,19.8,10,alive
1,PIEN,PIEN14,16.5,NA,NA,10,alive
1,PIEN,PIEN14,17.0,438,63.8,10,alive
1,PIEN,PIEN14,17.5,NA,NA,25,alive
1,PIEN,PIEN14,18.0,432,47.3,50,dead
1,PIEN,PIEN14,18.5,NA,NA,75,dead
1,PIEN,PIEN14,19.0,424,NA,90,dead
1,PIEN,PIEN14,19.5,NA,NA,90,dead
1,PIEN,PIEN14,2.0,836,243.8,10,alive
1,PIEN,PIEN14,2.5,NA,NA,25,alive
1,PIEN,PIEN14,20.0,420,NA,90,dead
1,PIEN,PIEN14,20.5,NA,NA,NA,dead
1,PIEN,PIEN14,21.0,NA,NA,NA,dead
1,PIEN,PIEN14,21.5,NA,NA,NA,dead
1,PIEN,PIEN14,22.0,NA,NA,NA,dead
1,PIEN,PIEN14,22.5,NA,NA,NA,dead
1,PIEN,PIEN14,23.0,NA,NA,NA,dead
1,PIEN,PIEN14,23.5,NA,NA,NA,dead
1,PIEN,PIEN14,24.0,NA,NA,NA,dead
1,PIEN,PIEN14,3.0,796,202,25,alive
1,PIEN,PIEN14,3.5,NA,NA,25,alive
1,PIEN,PIEN14,4.0,770,167.3,25,alive
1,PIEN,PIEN14,4.5,NA,NA,NA,alive
1,PIEN,PIEN14,5.0,735,125.7,10,alive
1,PIEN,PIEN14,5.5,NA,NA,10,alive
1,PIEN,PIEN14,6.0,711,132.8,10,alive
1,PIEN,PIEN14,6.5,NA,NA,10,alive
1,PIEN,PIEN14,7.0,687,88.7,10,alive
1,PIEN,PIEN14,7.5,NA,NA,10,alive
1,PIEN,PIEN14,8.0,594,131.7,10,alive
1,PIEN,PIEN14,8.5,NA,NA,10,alive
1,PIEN,PIEN14,9.0,560,156.2,10,alive
1,PIEN,PIEN14,9.5,NA,NA,10,alive
1,PIEN,PIEN15,1.0,851,148,10,alive
1,PIEN,PIEN15,1.5,NA,NA,25,alive
1,PIEN,PIEN15,10.0,528,140.1,10,alive
1,PIEN,PIEN15,10.5,NA,NA,10,alive
1,PIEN,PIEN15,11.0,506,91.9,10,alive
1,PIEN,PIEN15,11.5,NA,NA,10,alive
1,PIEN,PIEN15,12.0,486,126.2,10,alive
1,PIEN,PIEN15,12.5,NA,NA,10,alive
1,PIEN,PIEN15,13.0,NA,59.1,NA,alive
1,PIEN,PIEN15,13.5,NA,NA,10,alive
1,PIEN,PIEN15,14.0,463,NA,10,alive
1,PIEN,PIEN15,14.5,NA,NA,10,alive
1,PIEN,PIEN15,15.0,451,NA,10,alive
1,PIEN,PIEN15,15.5,NA,NA,10,alive
1,PIEN,PIEN15,16.0,442,28.1,10,alive
1,PIEN,PIEN15,16.5,NA,NA,10,alive
1,PIEN,PIEN15,17.0,433,65,10,alive
1,PIEN,PIEN15,17.5,NA,NA,10,alive
1,PIEN,PIEN15,18.0,426,44.1,25,alive
1,PIEN,PIEN15,18.5,NA,NA,10,alive
1,PIEN,PIEN15,19.0,418,22.9,25,alive
1,PIEN,PIEN15,19.5,NA,NA,50,dead
1,PIEN,PIEN15,2.0,834,280,10,alive
1,PIEN,PIEN15,2.5,NA,NA,10,alive
1,PIEN,PIEN15,20.0,411,35,75,dead
1,PIEN,PIEN15,20.5,NA,NA,90,dead
1,PIEN,PIEN15,21.0,406,NA,90,dead
1,PIEN,PIEN15,21.5,NA,NA,90,dead
1,PIEN,PIEN15,22.0,405,NA,90,dead
1,PIEN,PIEN15,22.5,NA,NA,NA,dead
1,PIEN,PIEN15,23.0,NA,NA,NA,dead
1,PIEN,PIEN15,23.5,NA,NA,NA,dead
1,PIEN,PIEN15,24.0,NA,NA,NA,dead
1,PIEN,PIEN15,3.0,809,100.5,10,alive
1,PIEN,PIEN15,3.5,NA,NA,10,alive
1,PIEN,PIEN15,4.0,789,126,10,alive
1,PIEN,PIEN15,4.5,NA,NA,NA,alive
1,PIEN,PIEN15,5.0,765,143.3,10,alive
1,PIEN,PIEN15,5.5,NA,NA,10,alive
1,PIEN,PIEN15,6.0,740,89,10,alive
1,PIEN,PIEN15,6.5,NA,NA,10,alive
1,PIEN,PIEN15,7.0,708,103.7,10,alive
1,PIEN,PIEN15,7.5,NA,NA,10,alive
1,PIEN,PIEN15,8.0,603,131.5,10,alive
1,PIEN,PIEN15,8.5,NA,NA,10,alive
1,PIEN,PIEN15,9.0,558,144.3,10,alive
1,PIEN,PIEN15,9.5,NA,NA,10,alive
1,PIEN,PIEN16,1.0,801,NA,10,alive
1,PIEN,PIEN16,1.5,NA,NA,25,alive
1,PIEN,PIEN16,10.0,483,NA,10,alive
1,PIEN,PIEN16,10.5,NA,NA,10,alive
1,PIEN,PIEN16,11.0,466,NA,10,alive
1,PIEN,PIEN16,11.5,NA,NA,10,alive
1,PIEN,PIEN16,12.0,455,NA,10,alive
1,PIEN,PIEN16,12.5,NA,NA,10,alive
1,PIEN,PIEN16,13.0,NA,NA,NA,alive
1,PIEN,PIEN16,13.5,NA,NA,10,alive
1,PIEN,PIEN16,14.0,437,NA,10,alive
1,PIEN,PIEN16,14.5,NA,NA,10,alive
1,PIEN,PIEN16,15.0,429,NA,10,alive
1,PIEN,PIEN16,15.5,NA,NA,10,alive
1,PIEN,PIEN16,16.0,420,NA,10,alive
1,PIEN,PIEN16,16.5,NA,NA,10,alive
1,PIEN,PIEN16,17.0,414,NA,10,alive
1,PIEN,PIEN16,17.5,NA,NA,10,alive
1,PIEN,PIEN16,18.0,408,NA,25,alive
1,PIEN,PIEN16,18.5,NA,NA,25,alive
1,PIEN,PIEN16,19.0,402,NA,25,alive
1,PIEN,PIEN16,19.5,NA,NA,50,dead
1,PIEN,PIEN16,2.0,778,NA,10,alive
1,PIEN,PIEN16,2.5,NA,NA,10,alive
1,PIEN,PIEN16,20.0,397,NA,75,dead
1,PIEN,PIEN16,20.5,NA,NA,75,dead
1,PIEN,PIEN16,21.0,393,NA,75,dead
1,PIEN,PIEN16,21.5,NA,NA,90,dead
1,PIEN,PIEN16,22.0,391,NA,90,dead
1,PIEN,PIEN16,22.5,NA,NA,NA,dead
1,PIEN,PIEN16,23.0,NA,NA,NA,dead
1,PIEN,PIEN16,23.5,NA,NA,NA,dead
1,PIEN,PIEN16,24.0,NA,NA,NA,dead
1,PIEN,PIEN16,3.0,740,NA,10,alive
1,PIEN,PIEN16,3.5,NA,NA,10,alive
1,PIEN,PIEN16,4.0,711,NA,10,alive
1,PIEN,PIEN16,4.5,NA,NA,NA,alive
1,PIEN,PIEN16,5.0,683,NA,10,alive
1,PIEN,PIEN16,5.5,NA,NA,10,alive
1,PIEN,PIEN16,6.0,651,NA,10,alive
1,PIEN,PIEN16,6.5,NA,NA,10,alive
1,PIEN,PIEN16,7.0,622,NA,10,alive
1,PIEN,PIEN16,7.5,NA,NA,10,alive
1,PIEN,PIEN16,8.0,531,NA,10,alive
1,PIEN,PIEN16,8.5,NA,NA,10,alive
1,PIEN,PIEN16,9.0,504,NA,10,alive
1,PIEN,PIEN16,9.5,NA,NA,10,alive
1,PIEN,PIEN17,1.0,815,NA,10,alive
1,PIEN,PIEN17,1.5,NA,NA,25,alive
1,PIEN,PIEN17,10.0,487,NA,10,alive
1,PIEN,PIEN17,10.5,NA,NA,10,alive
1,PIEN,PIEN17,11.0,461,NA,10,alive
1,PIEN,PIEN17,11.5,NA,NA,10,alive
1,PIEN,PIEN17,12.0,445,NA,10,alive
1,PIEN,PIEN17,12.5,NA,NA,10,alive
1,PIEN,PIEN17,13.0,NA,NA,NA,alive
1,PIEN,PIEN17,13.5,NA,NA,10,alive
1,PIEN,PIEN17,14.0,425,NA,10,alive
1,PIEN,PIEN17,14.5,NA,NA,10,alive
1,PIEN,PIEN17,15.0,416,NA,10,alive
1,PIEN,PIEN17,15.5,NA,NA,10,alive
1,PIEN,PIEN17,16.0,409,NA,10,alive
1,PIEN,PIEN17,16.5,NA,NA,10,alive
1,PIEN,PIEN17,17.0,402,NA,25,alive
1,PIEN,PIEN17,17.5,NA,NA,50,dead
1,PIEN,PIEN17,18.0,397,NA,90,dead
1,PIEN,PIEN17,18.5,NA,NA,90,dead
1,PIEN,PIEN17,19.0,393,NA,90,dead
1,PIEN,PIEN17,19.5,NA,NA,90,dead
1,PIEN,PIEN17,2.0,793,NA,10,alive
1,PIEN,PIEN17,2.5,NA,NA,10,alive
1,PIEN,PIEN17,20.0,389,NA,90,dead
1,PIEN,PIEN17,20.5,NA,NA,NA,dead
1,PIEN,PIEN17,21.0,NA,NA,NA,dead
1,PIEN,PIEN17,21.5,NA,NA,NA,dead
1,PIEN,PIEN17,22.0,NA,NA,NA,dead
1,PIEN,PIEN17,22.5,NA,NA,NA,dead
1,PIEN,PIEN17,23.0,NA,NA,NA,dead
1,PIEN,PIEN17,23.5,NA,NA,NA,dead
1,PIEN,PIEN17,24.0,NA,NA,NA,dead
1,PIEN,PIEN17,3.0,754,NA,10,alive
1,PIEN,PIEN17,3.5,NA,NA,10,alive
1,PIEN,PIEN17,4.0,726,NA,10,alive
1,PIEN,PIEN17,4.5,NA,NA,NA,alive
1,PIEN,PIEN17,5.0,688,NA,10,alive
1,PIEN,PIEN17,5.5,NA,NA,10,alive
1,PIEN,PIEN17,6.0,662,NA,10,alive
1,PIEN,PIEN17,6.5,NA,NA,10,alive
1,PIEN,PIEN17,7.0,642,NA,10,alive
1,PIEN,PIEN17,7.5,NA,NA,10,alive
1,PIEN,PIEN17,8.0,540,NA,10,alive
1,PIEN,PIEN17,8.5,NA,NA,10,alive
1,PIEN,PIEN17,9.0,513,NA,10,alive
1,PIEN,PIEN17,9.5,NA,NA,10,alive
1,PIEN,PIEN18,1.0,813,NA,10,alive
1,PIEN,PIEN18,1.5,NA,NA,10,alive
1,PIEN,PIEN18,10.0,521,NA,10,alive
1,PIEN,PIEN18,10.5,NA,NA,10,alive
1,PIEN,PIEN18,11.0,503,NA,10,alive
1,PIEN,PIEN18,11.5,NA,NA,10,alive
1,PIEN,PIEN18,12.0,485,NA,10,alive
1,PIEN,PIEN18,12.5,NA,NA,10,alive
1,PIEN,PIEN18,13.0,NA,NA,NA,alive
1,PIEN,PIEN18,13.5,NA,NA,10,alive
1,PIEN,PIEN18,14.0,458,NA,10,alive
1,PIEN,PIEN18,14.5,NA,NA,10,alive
1,PIEN,PIEN18,15.0,444,NA,10,alive
1,PIEN,PIEN18,15.5,NA,NA,10,alive
1,PIEN,PIEN18,16.0,433,NA,10,alive
1,PIEN,PIEN18,16.5,NA,NA,10,alive
1,PIEN,PIEN18,17.0,422,NA,10,alive
1,PIEN,PIEN18,17.5,NA,NA,10,alive
1,PIEN,PIEN18,18.0,413,NA,10,alive
1,PIEN,PIEN18,18.5,NA,NA,10,alive
1,PIEN,PIEN18,19.0,406,NA,25,alive
1,PIEN,PIEN18,19.5,NA,NA,25,alive
1,PIEN,PIEN18,2.0,798,NA,10,alive
1,PIEN,PIEN18,2.5,NA,NA,10,alive
1,PIEN,PIEN18,20.0,398,NA,50,dead
1,PIEN,PIEN18,20.5,NA,NA,50,dead
1,PIEN,PIEN18,21.0,392,NA,50,dead
1,PIEN,PIEN18,21.5,NA,NA,75,dead
1,PIEN,PIEN18,22.0,389,NA,75,dead
1,PIEN,PIEN18,22.5,NA,NA,NA,dead
1,PIEN,PIEN18,23.0,NA,NA,NA,dead
1,PIEN,PIEN18,23.5,NA,NA,NA,dead
1,PIEN,PIEN18,24.0,NA,NA,NA,dead
1,PIEN,PIEN18,3.0,768,NA,10,alive
1,PIEN,PIEN18,3.5,NA,NA,10,alive
1,PIEN,PIEN18,4.0,750,NA,10,alive
1,PIEN,PIEN18,4.5,NA,NA,NA,alive
1,PIEN,PIEN18,5.0,713,NA,10,alive
1,PIEN,PIEN18,5.5,NA,NA,10,alive
1,PIEN,PIEN18,6.0,687,NA,10,alive
1,PIEN,PIEN18,6.5,NA,NA,10,alive
1,PIEN,PIEN18,7.0,664,NA,10,alive
1,PIEN,PIEN18,7.5,NA,NA,10,alive
1,PIEN,PIEN18,8.0,572,NA,10,alive
1,PIEN,PIEN18,8.5,NA,NA,10,alive
1,PIEN,PIEN18,9.0,542,NA,10,alive
1,PIEN,PIEN18,9.5,NA,NA,10,alive
1,PIEN,PIEN19,1.0,793,NA,10,alive
1,PIEN,PIEN19,1.5,NA,NA,10,alive
1,PIEN,PIEN19,10.0,466,NA,10,alive
1,PIEN,PIEN19,10.5,NA,NA,10,alive
1,PIEN,PIEN19,11.0,447,NA,10,alive
1,PIEN,PIEN19,11.5,NA,NA,10,alive
1,PIEN,PIEN19,12.0,436,NA,10,alive
1,PIEN,PIEN19,12.5,NA,NA,10,alive
1,PIEN,PIEN19,13.0,NA,NA,NA,alive
1,PIEN,PIEN19,13.5,NA,NA,10,alive
1,PIEN,PIEN19,14.0,421,NA,10,alive
1,PIEN,PIEN19,14.5,NA,NA,10,alive
1,PIEN,PIEN19,15.0,413,NA,10,alive
1,PIEN,PIEN19,15.5,NA,NA,10,alive
1,PIEN,PIEN19,16.0,407,NA,10,alive
1,PIEN,PIEN19,16.5,NA,NA,10,alive
1,PIEN,PIEN19,17.0,399,NA,25,alive
1,PIEN,PIEN19,17.5,NA,NA,50,dead
1,PIEN,PIEN19,18.0,394,NA,75,dead
1,PIEN,PIEN19,18.5,NA,NA,90,dead
1,PIEN,PIEN19,19.0,391,NA,90,dead
1,PIEN,PIEN19,19.5,NA,NA,90,dead
1,PIEN,PIEN19,2.0,766,NA,10,alive
1,PIEN,PIEN19,2.5,NA,NA,10,alive
1,PIEN,PIEN19,20.0,388,NA,90,dead
1,PIEN,PIEN19,20.5,NA,NA,NA,dead
1,PIEN,PIEN19,21.0,NA,NA,NA,dead
1,PIEN,PIEN19,21.5,NA,NA,NA,dead
1,PIEN,PIEN19,22.0,NA,NA,NA,dead
1,PIEN,PIEN19,22.5,NA,NA,NA,dead
1,PIEN,PIEN19,23.0,NA,NA,NA,dead
1,PIEN,PIEN19,23.5,NA,NA,NA,dead
1,PIEN,PIEN19,24.0,NA,NA,NA,dead
1,PIEN,PIEN19,3.0,730,NA,10,alive
1,PIEN,PIEN19,3.5,NA,NA,10,alive
1,PIEN,PIEN19,4.0,702,NA,10,alive
1,PIEN,PIEN19,4.5,NA,NA,NA,alive
1,PIEN,PIEN19,5.0,661,NA,10,alive
1,PIEN,PIEN19,5.5,NA,NA,10,alive
1,PIEN,PIEN19,6.0,621,NA,10,alive
1,PIEN,PIEN19,6.5,NA,NA,10,alive
1,PIEN,PIEN19,7.0,591,NA,10,alive
1,PIEN,PIEN19,7.5,NA,NA,10,alive
1,PIEN,PIEN19,8.0,513,NA,10,alive
1,PIEN,PIEN19,8.5,NA,NA,10,alive
1,PIEN,PIEN19,9.0,487,NA,10,alive
1,PIEN,PIEN19,9.5,NA,NA,10,alive
1,PIEN,PIEN20,1.0,860,NA,10,alive
1,PIEN,PIEN20,1.5,NA,NA,10,alive
1,PIEN,PIEN20,10.0,552,NA,10,alive
1,PIEN,PIEN20,10.5,NA,NA,10,alive
1,PIEN,PIEN20,11.0,524,NA,10,alive
1,PIEN,PIEN20,11.5,NA,NA,10,alive
1,PIEN,PIEN20,12.0,507,NA,10,alive
1,PIEN,PIEN20,12.5,NA,NA,10,alive
1,PIEN,PIEN20,13.0,NA,NA,NA,alive
1,PIEN,PIEN20,13.5,NA,NA,10,alive
1,PIEN,PIEN20,14.0,NA,NA,10,alive
1,PIEN,PIEN20,14.5,NA,NA,10,alive
1,PIEN,PIEN20,15.0,468,NA,10,alive
1,PIEN,PIEN20,15.5,NA,NA,10,alive
1,PIEN,PIEN20,16.0,455,NA,10,alive
1,PIEN,PIEN20,16.5,NA,NA,10,alive
1,PIEN,PIEN20,17.0,445,NA,10,alive
1,PIEN,PIEN20,17.5,NA,NA,10,alive
1,PIEN,PIEN20,18.0,437,NA,10,alive
1,PIEN,PIEN20,18.5,NA,NA,10,alive
1,PIEN,PIEN20,19.0,430,NA,10,alive
1,PIEN,PIEN20,19.5,NA,NA,25,alive
1,PIEN,PIEN20,2.0,836,NA,10,alive
1,PIEN,PIEN20,2.5,NA,NA,10,alive
1,PIEN,PIEN20,20.0,423,NA,25,dead
1,PIEN,PIEN20,20.5,NA,NA,75,dead
1,PIEN,PIEN20,21.0,417,NA,90,dead
1,PIEN,PIEN20,21.5,NA,NA,90,dead
1,PIEN,PIEN20,22.0,415,NA,90,dead
1,PIEN,PIEN20,22.5,NA,NA,NA,dead
1,PIEN,PIEN20,23.0,NA,NA,NA,dead
1,PIEN,PIEN20,23.5,NA,NA,NA,dead
1,PIEN,PIEN20,24.0,NA,NA,NA,dead
1,PIEN,PIEN20,3.0,809,NA,10,alive
1,PIEN,PIEN20,3.5,NA,NA,10,alive
1,PIEN,PIEN20,4.0,789,NA,10,alive
1,PIEN,PIEN20,4.5,NA,NA,NA,alive
1,PIEN,PIEN20,5.0,763,NA,10,alive
1,PIEN,PIEN20,5.5,NA,NA,10,alive
1,PIEN,PIEN20,6.0,735,NA,10,alive
1,PIEN,PIEN20,6.5,NA,NA,10,alive
1,PIEN,PIEN20,7.0,708,NA,10,alive
1,PIEN,PIEN20,7.5,NA,NA,10,alive
1,PIEN,PIEN20,8.0,621,NA,10,alive
1,PIEN,PIEN20,8.5,NA,NA,10,alive
1,PIEN,PIEN20,9.0,586,NA,10,alive
1,PIEN,PIEN20,9.5,NA,NA,10,alive
1,PIEN,PIEN21,1.0,764,NA,10,alive
1,PIEN,PIEN21,1.5,NA,NA,10,alive
1,PIEN,PIEN21,10.0,461,NA,10,alive
1,PIEN,PIEN21,10.5,NA,NA,10,alive
1,PIEN,PIEN21,11.0,447,NA,10,alive
1,PIEN,PIEN21,11.5,NA,NA,10,alive
1,PIEN,PIEN21,12.0,437,NA,10,alive
1,PIEN,PIEN21,12.5,NA,NA,10,alive
1,PIEN,PIEN21,13.0,NA,NA,NA,alive
1,PIEN,PIEN21,13.5,NA,NA,10,alive
1,PIEN,PIEN21,14.0,422,NA,10,alive
1,PIEN,PIEN21,14.5,NA,NA,10,alive
1,PIEN,PIEN21,15.0,415,NA,10,alive
1,PIEN,PIEN21,15.5,NA,NA,10,alive
1,PIEN,PIEN21,16.0,408,NA,10,alive
1,PIEN,PIEN21,16.5,NA,NA,10,alive
1,PIEN,PIEN21,17.0,400,NA,25,alive
1,PIEN,PIEN21,17.5,NA,NA,50,dead
1,PIEN,PIEN21,18.0,394,NA,75,dead
1,PIEN,PIEN21,18.5,NA,NA,90,dead
1,PIEN,PIEN21,19.0,391,NA,90,dead
1,PIEN,PIEN21,19.5,NA,NA,90,dead
1,PIEN,PIEN21,2.0,736,NA,10,alive
1,PIEN,PIEN21,2.5,NA,NA,10,alive
1,PIEN,PIEN21,20.0,389,NA,90,dead
1,PIEN,PIEN21,20.5,NA,NA,NA,dead
1,PIEN,PIEN21,21.0,NA,NA,NA,dead
1,PIEN,PIEN21,21.5,NA,NA,NA,dead
1,PIEN,PIEN21,22.0,NA,NA,NA,dead
1,PIEN,PIEN21,22.5,NA,NA,NA,dead
1,PIEN,PIEN21,23.0,NA,NA,NA,dead
1,PIEN,PIEN21,23.5,NA,NA,NA,dead
1,PIEN,PIEN21,24.0,NA,NA,NA,dead
1,PIEN,PIEN21,3.0,704,NA,10,alive
1,PIEN,PIEN21,3.5,NA,NA,10,alive
1,PIEN,PIEN21,4.0,674,NA,10,alive
1,PIEN,PIEN21,4.5,NA,NA,NA,alive
1,PIEN,PIEN21,5.0,643,NA,10,alive
1,PIEN,PIEN21,5.5,NA,NA,10,alive
1,PIEN,PIEN21,6.0,614,NA,10,alive
1,PIEN,PIEN21,6.5,NA,NA,10,alive
1,PIEN,PIEN21,7.0,582,NA,10,alive
1,PIEN,PIEN21,7.5,NA,NA,10,alive
1,PIEN,PIEN21,8.0,499,NA,10,alive
1,PIEN,PIEN21,8.5,NA,NA,10,alive
1,PIEN,PIEN21,9.0,478,NA,10,alive
1,PIEN,PIEN21,9.5,NA,NA,10,alive
1,PIEN,PIEN22,1.0,771,NA,10,alive
1,PIEN,PIEN22,1.5,NA,NA,10,alive
1,PIEN,PIEN22,10.0,453,NA,10,alive
1,PIEN,PIEN22,10.5,NA,NA,10,alive
1,PIEN,PIEN22,11.0,437,NA,10,alive
1,PIEN,PIEN22,11.5,NA,NA,10,alive
1,PIEN,PIEN22,12.0,427,NA,10,alive
1,PIEN,PIEN22,12.5,NA,NA,10,alive
1,PIEN,PIEN22,13.0,NA,NA,NA,alive
1,PIEN,PIEN22,13.5,NA,NA,10,alive
1,PIEN,PIEN22,14.0,413,NA,10,alive
1,PIEN,PIEN22,14.5,NA,NA,10,alive
1,PIEN,PIEN22,15.0,406,NA,10,alive
1,PIEN,PIEN22,15.5,NA,NA,10,alive
1,PIEN,PIEN22,16.0,398,NA,10,alive
1,PIEN,PIEN22,16.5,NA,NA,10,alive
1,PIEN,PIEN22,17.0,392,NA,10,alive
1,PIEN,PIEN22,17.5,NA,NA,10,alive
1,PIEN,PIEN22,18.0,388,NA,25,dead
1,PIEN,PIEN22,18.5,NA,NA,75,dead
1,PIEN,PIEN22,19.0,381,NA,90,dead
1,PIEN,PIEN22,19.5,NA,NA,90,dead
1,PIEN,PIEN22,2.0,743,NA,10,alive
1,PIEN,PIEN22,2.5,NA,NA,10,alive
1,PIEN,PIEN22,20.0,378,NA,90,dead
1,PIEN,PIEN22,20.5,NA,NA,NA,dead
1,PIEN,PIEN22,21.0,NA,NA,NA,dead
1,PIEN,PIEN22,21.5,NA,NA,NA,dead
1,PIEN,PIEN22,22.0,NA,NA,NA,dead
1,PIEN,PIEN22,22.5,NA,NA,NA,dead
1,PIEN,PIEN22,23.0,NA,NA,NA,dead
1,PIEN,PIEN22,23.5,NA,NA,NA,dead
1,PIEN,PIEN22,24.0,NA,NA,NA,dead
1,PIEN,PIEN22,3.0,717,NA,10,alive
1,PIEN,PIEN22,3.5,NA,NA,10,alive
1,PIEN,PIEN22,4.0,688,NA,10,alive
1,PIEN,PIEN22,4.5,NA,NA,NA,alive
1,PIEN,PIEN22,5.0,654,NA,10,alive
1,PIEN,PIEN22,5.5,NA,NA,10,alive
1,PIEN,PIEN22,6.0,621,NA,10,alive
1,PIEN,PIEN22,6.5,NA,NA,10,alive
1,PIEN,PIEN22,7.0,589,NA,10,alive
1,PIEN,PIEN22,7.5,NA,NA,10,alive
1,PIEN,PIEN22,8.0,496,NA,10,alive
1,PIEN,PIEN22,8.5,NA,NA,10,alive
1,PIEN,PIEN22,9.0,470,NA,10,alive
1,PIEN,PIEN22,9.5,NA,NA,10,alive
1,PIEN,PIEN23,1.0,774,NA,25,alive
1,PIEN,PIEN23,1.5,NA,NA,25,alive
1,PIEN,PIEN23,10.0,487,NA,25,alive
1,PIEN,PIEN23,10.5,NA,NA,25,alive
1,PIEN,PIEN23,11.0,468,NA,10,alive
1,PIEN,PIEN23,11.5,NA,NA,10,alive
1,PIEN,PIEN23,12.0,455,NA,10,alive
1,PIEN,PIEN23,12.5,NA,NA,10,alive
1,PIEN,PIEN23,13.0,NA,NA,NA,alive
1,PIEN,PIEN23,13.5,NA,NA,10,alive
1,PIEN,PIEN23,14.0,431,NA,10,alive
1,PIEN,PIEN23,14.5,NA,NA,10,alive
1,PIEN,PIEN23,15.0,418,NA,25,alive
1,PIEN,PIEN23,15.5,NA,NA,10,alive
1,PIEN,PIEN23,16.0,408,NA,10,alive
1,PIEN,PIEN23,16.5,NA,NA,10,alive
1,PIEN,PIEN23,17.0,400,NA,10,alive
1,PIEN,PIEN23,17.5,NA,NA,25,alive
1,PIEN,PIEN23,18.0,393,NA,10,alive
1,PIEN,PIEN23,18.5,NA,NA,10,alive
1,PIEN,PIEN23,19.0,387,NA,10,alive
1,PIEN,PIEN23,19.5,NA,NA,25,alive
1,PIEN,PIEN23,2.0,751,NA,25,alive
1,PIEN,PIEN23,2.5,NA,NA,25,alive
1,PIEN,PIEN23,20.0,381,NA,50,dead
1,PIEN,PIEN23,20.5,NA,NA,50,dead
1,PIEN,PIEN23,21.0,376,NA,75,dead
1,PIEN,PIEN23,21.5,NA,NA,NA,dead
1,PIEN,PIEN23,22.0,NA,NA,NA,dead
1,PIEN,PIEN23,22.5,NA,NA,NA,dead
1,PIEN,PIEN23,23.0,NA,NA,NA,dead
1,PIEN,PIEN23,23.5,NA,NA,NA,dead
1,PIEN,PIEN23,24.0,NA,NA,NA,dead
1,PIEN,PIEN23,3.0,722,NA,25,alive
1,PIEN,PIEN23,3.5,NA,NA,25,alive
1,PIEN,PIEN23,4.0,702,NA,25,alive
1,PIEN,PIEN23,4.5,NA,NA,NA,alive
1,PIEN,PIEN23,5.0,676,NA,25,alive
1,PIEN,PIEN23,5.5,NA,NA,25,alive
1,PIEN,PIEN23,6.0,647,NA,25,alive
1,PIEN,PIEN23,6.5,NA,NA,25,alive
1,PIEN,PIEN23,7.0,617,NA,25,alive
1,PIEN,PIEN23,7.5,NA,NA,25,alive
1,PIEN,PIEN23,8.0,533,NA,25,alive
1,PIEN,PIEN23,8.5,NA,NA,25,alive
1,PIEN,PIEN23,9.0,506,NA,25,alive
1,PIEN,PIEN23,9.5,NA,NA,25,alive
1,PIEN,PIEN24,1.0,848,NA,10,alive
1,PIEN,PIEN24,1.5,NA,NA,10,alive
1,PIEN,PIEN24,10.0,499,NA,25,alive
1,PIEN,PIEN24,10.5,NA,NA,10,alive
1,PIEN,PIEN24,11.0,484,NA,10,alive
1,PIEN,PIEN24,11.5,NA,NA,10,alive
1,PIEN,PIEN24,12.0,477,NA,10,alive
1,PIEN,PIEN24,12.5,NA,NA,10,alive
1,PIEN,PIEN24,13.0,NA,NA,NA,alive
1,PIEN,PIEN24,13.5,NA,NA,10,alive
1,PIEN,PIEN24,14.0,462,NA,10,alive
1,PIEN,PIEN24,14.5,NA,NA,10,alive
1,PIEN,PIEN24,15.0,456,NA,10,alive
1,PIEN,PIEN24,15.5,NA,NA,10,alive
1,PIEN,PIEN24,16.0,448,NA,10,alive
1,PIEN,PIEN24,16.5,NA,NA,10,alive
1,PIEN,PIEN24,17.0,442,NA,10,alive
1,PIEN,PIEN24,17.5,NA,NA,25,alive
1,PIEN,PIEN24,18.0,437,NA,25,alive
1,PIEN,PIEN24,18.5,NA,NA,50,dead
1,PIEN,PIEN24,19.0,433,NA,50,dead
1,PIEN,PIEN24,19.5,NA,NA,75,dead
1,PIEN,PIEN24,2.0,822,NA,10,alive
1,PIEN,PIEN24,2.5,NA,NA,10,alive
1,PIEN,PIEN24,20.0,430,NA,90,dead
1,PIEN,PIEN24,20.5,NA,NA,90,dead
1,PIEN,PIEN24,21.0,427,NA,90,dead
1,PIEN,PIEN24,21.5,NA,NA,NA,dead
1,PIEN,PIEN24,22.0,NA,NA,NA,dead
1,PIEN,PIEN24,22.5,NA,NA,NA,dead
1,PIEN,PIEN24,23.0,NA,NA,NA,dead
1,PIEN,PIEN24,23.5,NA,NA,NA,dead
1,PIEN,PIEN24,24.0,NA,NA,NA,dead
1,PIEN,PIEN24,3.0,784,NA,10,alive
1,PIEN,PIEN24,3.5,NA,NA,10,alive
1,PIEN,PIEN24,4.0,760,NA,10,alive
1,PIEN,PIEN24,4.5,NA,NA,NA,alive
1,PIEN,PIEN24,5.0,722,NA,10,alive
1,PIEN,PIEN24,5.5,NA,NA,10,alive
1,PIEN,PIEN24,6.0,680,NA,10,alive
1,PIEN,PIEN24,6.5,NA,NA,10,alive
1,PIEN,PIEN24,7.0,647,NA,10,alive
1,PIEN,PIEN24,7.5,NA,NA,10,alive
1,PIEN,PIEN24,8.0,547,NA,10,alive
1,PIEN,PIEN24,8.5,NA,NA,10,alive
1,PIEN,PIEN24,9.0,520,NA,10,alive
1,PIEN,PIEN24,9.5,NA,NA,10,alive
1,PIEN,PIEN25,1.0,779,NA,10,alive
1,PIEN,PIEN25,1.5,NA,NA,10,alive
1,PIEN,PIEN25,10.0,471,NA,10,alive
1,PIEN,PIEN25,10.5,NA,NA,10,alive
1,PIEN,PIEN25,11.0,455,NA,10,alive
1,PIEN,PIEN25,11.5,NA,NA,10,alive
1,PIEN,PIEN25,12.0,445,NA,10,alive
1,PIEN,PIEN25,12.5,NA,NA,10,alive
1,PIEN,PIEN25,13.0,NA,NA,NA,alive
1,PIEN,PIEN25,13.5,NA,NA,10,alive
1,PIEN,PIEN25,14.0,426,NA,10,alive
1,PIEN,PIEN25,14.5,NA,NA,10,alive
1,PIEN,PIEN25,15.0,417,NA,10,alive
1,PIEN,PIEN25,15.5,NA,NA,10,alive
1,PIEN,PIEN25,16.0,411,NA,10,alive
1,PIEN,PIEN25,16.5,NA,NA,10,alive
1,PIEN,PIEN25,17.0,402,NA,10,alive
1,PIEN,PIEN25,17.5,NA,NA,10,alive
1,PIEN,PIEN25,18.0,396,NA,10,alive
1,PIEN,PIEN25,18.5,NA,NA,10,alive
1,PIEN,PIEN25,19.0,389,NA,25,dead
1,PIEN,PIEN25,19.5,NA,NA,75,dead
1,PIEN,PIEN25,2.0,758,NA,10,alive
1,PIEN,PIEN25,2.5,NA,NA,10,alive
1,PIEN,PIEN25,20.0,384,NA,75,dead
1,PIEN,PIEN25,20.5,NA,NA,90,dead
1,PIEN,PIEN25,21.0,381,NA,90,dead
1,PIEN,PIEN25,21.5,NA,NA,NA,dead
1,PIEN,PIEN25,22.0,NA,NA,NA,dead
1,PIEN,PIEN25,22.5,NA,NA,NA,dead
1,PIEN,PIEN25,23.0,NA,NA,NA,dead
1,PIEN,PIEN25,23.5,NA,NA,NA,dead
1,PIEN,PIEN25,24.0,NA,NA,NA,dead
1,PIEN,PIEN25,3.0,728,NA,10,alive
1,PIEN,PIEN25,3.5,NA,NA,10,alive
1,PIEN,PIEN25,4.0,701,NA,10,alive
1,PIEN,PIEN25,4.5,NA,NA,NA,alive
1,PIEN,PIEN25,5.0,663,NA,10,alive
1,PIEN,PIEN25,5.5,NA,NA,10,alive
1,PIEN,PIEN25,6.0,629,NA,10,alive
1,PIEN,PIEN25,6.5,NA,NA,10,alive
1,PIEN,PIEN25,7.0,600,NA,10,alive
1,PIEN,PIEN25,7.5,NA,NA,10,alive
1,PIEN,PIEN25,8.0,514,NA,10,alive
1,PIEN,PIEN25,8.5,NA,NA,10,alive
1,PIEN,PIEN25,9.0,489,NA,10,alive
1,PIEN,PIEN25,9.5,NA,NA,10,alive
1,PIEN,PIEN26,1.0,632,NA,25,alive
1,PIEN,PIEN26,1.5,NA,NA,25,alive
1,PIEN,PIEN26,10.0,603,NA,25,alive
1,PIEN,PIEN26,10.5,NA,NA,10,alive
1,PIEN,PIEN26,11.0,547,NA,25,alive
1,PIEN,PIEN26,11.5,NA,NA,10,alive
1,PIEN,PIEN26,12.0,580,NA,10,alive
1,PIEN,PIEN26,12.5,NA,NA,10,alive
1,PIEN,PIEN26,13.0,NA,NA,NA,alive
1,PIEN,PIEN26,13.5,NA,NA,10,alive
1,PIEN,PIEN26,14.0,593,NA,10,alive
1,PIEN,PIEN26,14.5,NA,NA,10,alive
1,PIEN,PIEN26,15.0,559,NA,10,alive
1,PIEN,PIEN26,15.5,NA,NA,10,alive
1,PIEN,PIEN26,16.0,602,NA,10,alive
1,PIEN,PIEN26,16.5,NA,NA,25,alive
1,PIEN,PIEN26,17.0,538,NA,25,alive
1,PIEN,PIEN26,17.5,NA,NA,25,alive
1,PIEN,PIEN26,18.0,600,NA,25,alive
1,PIEN,PIEN26,18.5,NA,NA,10,alive
1,PIEN,PIEN26,19.0,536,NA,25,alive
1,PIEN,PIEN26,19.5,NA,NA,10,alive
1,PIEN,PIEN26,2.0,640,NA,10,alive
1,PIEN,PIEN26,2.5,NA,NA,10,alive
1,PIEN,PIEN26,20.0,573,NA,10,alive
1,PIEN,PIEN26,20.5,NA,NA,25,alive
1,PIEN,PIEN26,21.0,519,NA,25,alive
1,PIEN,PIEN26,21.5,NA,NA,25,alive
1,PIEN,PIEN26,22.0,598,NA,10,alive
1,PIEN,PIEN26,22.5,NA,NA,25,alive
1,PIEN,PIEN26,23.0,546,NA,25,alive
1,PIEN,PIEN26,23.5,NA,NA,NA,alive
1,PIEN,PIEN26,24.0,556,NA,25,alive
1,PIEN,PIEN26,3.0,611,NA,25,alive
1,PIEN,PIEN26,3.5,NA,NA,25,alive
1,PIEN,PIEN26,4.0,640,NA,25,alive
1,PIEN,PIEN26,4.5,NA,NA,NA,alive
1,PIEN,PIEN26,5.0,637,NA,25,alive
1,PIEN,PIEN26,5.5,NA,NA,25,alive
1,PIEN,PIEN26,6.0,635,NA,25,alive
1,PIEN,PIEN26,6.5,NA,NA,25,alive
1,PIEN,PIEN26,7.0,597,NA,10,alive
1,PIEN,PIEN26,7.5,NA,NA,25,alive
1,PIEN,PIEN26,8.0,558,NA,25,alive
1,PIEN,PIEN26,8.5,NA,NA,25,alive
1,PIEN,PIEN26,9.0,499,NA,10,alive
1,PIEN,PIEN26,9.5,NA,NA,25,alive
1,PIEN,PIEN27,1.0,722,NA,25,alive
1,PIEN,PIEN27,1.5,NA,NA,25,alive
1,PIEN,PIEN27,10.0,684,NA,10,alive
1,PIEN,PIEN27,10.5,NA,NA,10,alive
1,PIEN,PIEN27,11.0,639,NA,10,alive
1,PIEN,PIEN27,11.5,NA,NA,10,alive
1,PIEN,PIEN27,12.0,658,NA,10,alive
1,PIEN,PIEN27,12.5,NA,NA,10,alive
1,PIEN,PIEN27,13.0,NA,NA,NA,alive
1,PIEN,PIEN27,13.5,NA,NA,10,alive
1,PIEN,PIEN27,14.0,670,NA,10,alive
1,PIEN,PIEN27,14.5,NA,NA,25,alive
1,PIEN,PIEN27,15.0,634,NA,25,alive
1,PIEN,PIEN27,15.5,NA,NA,25,alive
1,PIEN,PIEN27,16.0,682,NA,25,alive
1,PIEN,PIEN27,16.5,NA,NA,25,alive
1,PIEN,PIEN27,17.0,625,NA,25,alive
1,PIEN,PIEN27,17.5,NA,NA,10,alive
1,PIEN,PIEN27,18.0,678,NA,25,alive
1,PIEN,PIEN27,18.5,NA,NA,10,alive
1,PIEN,PIEN27,19.0,601,NA,25,alive
1,PIEN,PIEN27,19.5,NA,NA,25,alive
1,PIEN,PIEN27,2.0,732,NA,10,alive
1,PIEN,PIEN27,2.5,NA,NA,10,alive
1,PIEN,PIEN27,20.0,653,NA,25,alive
1,PIEN,PIEN27,20.5,NA,NA,25,alive
1,PIEN,PIEN27,21.0,594,NA,25,alive
1,PIEN,PIEN27,21.5,NA,NA,25,alive
1,PIEN,PIEN27,22.0,688,NA,25,alive
1,PIEN,PIEN27,22.5,NA,NA,25,alive
1,PIEN,PIEN27,23.0,636,NA,25,alive
1,PIEN,PIEN27,23.5,NA,NA,NA,alive
1,PIEN,PIEN27,24.0,651,NA,25,alive
1,PIEN,PIEN27,3.0,704,NA,10,alive
1,PIEN,PIEN27,3.5,NA,NA,10,alive
1,PIEN,PIEN27,4.0,716,NA,10,alive
1,PIEN,PIEN27,4.5,NA,NA,NA,alive
1,PIEN,PIEN27,5.0,712,NA,10,alive
1,PIEN,PIEN27,5.5,NA,NA,10,alive
1,PIEN,PIEN27,6.0,715,NA,25,alive
1,PIEN,PIEN27,6.5,NA,NA,25,alive
1,PIEN,PIEN27,7.0,686,NA,10,alive
1,PIEN,PIEN27,7.5,NA,NA,10,alive
1,PIEN,PIEN27,8.0,646,NA,10,alive
1,PIEN,PIEN27,8.5,NA,NA,10,alive
1,PIEN,PIEN27,9.0,593,NA,10,alive
1,PIEN,PIEN27,9.5,NA,NA,10,alive
1,PIEN,PIEN28,1.0,686,174.6,25,alive
1,PIEN,PIEN28,1.5,NA,NA,25,alive
1,PIEN,PIEN28,10.0,645,96,25,alive
1,PIEN,PIEN28,10.5,NA,NA,25,alive
1,PIEN,PIEN28,11.0,599,117,25,alive
1,PIEN,PIEN28,11.5,NA,NA,25,alive
1,PIEN,PIEN28,12.0,629,99,25,alive
1,PIEN,PIEN28,12.5,NA,NA,10,alive
1,PIEN,PIEN28,13.0,NA,81.3,NA,alive
1,PIEN,PIEN28,13.5,NA,NA,10,alive
1,PIEN,PIEN28,14.0,635,NA,10,alive
1,PIEN,PIEN28,14.5,NA,NA,10,alive
1,PIEN,PIEN28,15.0,594,NA,10,alive
1,PIEN,PIEN28,15.5,NA,NA,25,alive
1,PIEN,PIEN28,16.0,643,55.8,25,alive
1,PIEN,PIEN28,16.5,NA,NA,25,alive
1,PIEN,PIEN28,17.0,579,86.6,25,alive
1,PIEN,PIEN28,17.5,NA,NA,10,alive
1,PIEN,PIEN28,18.0,646,97.6,10,alive
1,PIEN,PIEN28,18.5,NA,NA,25,alive
1,PIEN,PIEN28,19.0,578,32.9,25,alive
1,PIEN,PIEN28,19.5,NA,NA,25,alive
1,PIEN,PIEN28,2.0,690,233.6,10,alive
1,PIEN,PIEN28,2.5,NA,NA,25,alive
1,PIEN,PIEN28,20.0,608,47.7,25,alive
1,PIEN,PIEN28,20.5,NA,NA,25,alive
1,PIEN,PIEN28,21.0,553,79.2,25,alive
1,PIEN,PIEN28,21.5,NA,NA,25,alive
1,PIEN,PIEN28,22.0,636,96.1,10,alive
1,PIEN,PIEN28,22.5,NA,NA,25,alive
1,PIEN,PIEN28,23.0,583,115.5,25,alive
1,PIEN,PIEN28,23.5,NA,NA,NA,alive
1,PIEN,PIEN28,24.0,610,NA,25,alive
1,PIEN,PIEN28,3.0,659,125.1,25,alive
1,PIEN,PIEN28,3.5,NA,NA,25,alive
1,PIEN,PIEN28,4.0,686,101.5,25,alive
1,PIEN,PIEN28,4.5,NA,NA,NA,alive
1,PIEN,PIEN28,5.0,684,88.9,25,alive
1,PIEN,PIEN28,5.5,NA,NA,25,alive
1,PIEN,PIEN28,6.0,683,71.3,10,alive
1,PIEN,PIEN28,6.5,NA,NA,25,alive
1,PIEN,PIEN28,7.0,645,87.9,25,alive
1,PIEN,PIEN28,7.5,NA,NA,25,alive
1,PIEN,PIEN28,8.0,619,111,25,alive
1,PIEN,PIEN28,8.5,NA,NA,25,alive
1,PIEN,PIEN28,9.0,571,135.5,25,alive
1,PIEN,PIEN28,9.5,NA,NA,25,alive
1,PIEN,PIEN29,1.0,640,150.3,25,alive
1,PIEN,PIEN29,1.5,NA,NA,25,alive
1,PIEN,PIEN29,10.0,618,106.5,10,alive
1,PIEN,PIEN29,10.5,NA,NA,10,alive
1,PIEN,PIEN29,11.0,558,96.8,10,alive
1,PIEN,PIEN29,11.5,NA,NA,10,alive
1,PIEN,PIEN29,12.0,589,73.5,10,alive
1,PIEN,PIEN29,12.5,NA,NA,10,alive
1,PIEN,PIEN29,13.0,NA,52.8,NA,alive
1,PIEN,PIEN29,13.5,NA,NA,10,alive
1,PIEN,PIEN29,14.0,608,NA,10,alive
1,PIEN,PIEN29,14.5,NA,NA,10,alive
1,PIEN,PIEN29,15.0,565,NA,10,alive
1,PIEN,PIEN29,15.5,NA,NA,10,alive
1,PIEN,PIEN29,16.0,623,45.6,25,alive
1,PIEN,PIEN29,16.5,NA,NA,10,alive
1,PIEN,PIEN29,17.0,568,86.7,10,alive
1,PIEN,PIEN29,17.5,NA,NA,25,alive
1,PIEN,PIEN29,18.0,628,95.5,10,alive
1,PIEN,PIEN29,18.5,NA,NA,10,alive
1,PIEN,PIEN29,19.0,548,28,10,alive
1,PIEN,PIEN29,19.5,NA,NA,10,alive
1,PIEN,PIEN29,2.0,649,157.3,25,alive
1,PIEN,PIEN29,2.5,NA,NA,10,alive
1,PIEN,PIEN29,20.0,577,43.1,25,alive
1,PIEN,PIEN29,20.5,NA,NA,25,alive
1,PIEN,PIEN29,21.0,515,70.3,25,alive
1,PIEN,PIEN29,21.5,NA,NA,25,alive
1,PIEN,PIEN29,22.0,621,77.2,10,alive
1,PIEN,PIEN29,22.5,NA,NA,25,alive
1,PIEN,PIEN29,23.0,558,64.3,25,alive
1,PIEN,PIEN29,23.5,NA,NA,NA,alive
1,PIEN,PIEN29,24.0,605,NA,25,alive
1,PIEN,PIEN29,3.0,610,108.9,25,alive
1,PIEN,PIEN29,3.5,NA,NA,25,alive
1,PIEN,PIEN29,4.0,641,93.4,50,alive
1,PIEN,PIEN29,4.5,NA,NA,NA,alive
1,PIEN,PIEN29,5.0,649,80.6,25,alive
1,PIEN,PIEN29,5.5,NA,NA,25,alive
1,PIEN,PIEN29,6.0,648,115.2,10,alive
1,PIEN,PIEN29,6.5,NA,NA,10,alive
1,PIEN,PIEN29,7.0,610,87.2,10,alive
1,PIEN,PIEN29,7.5,NA,NA,10,alive
1,PIEN,PIEN29,8.0,579,92.3,10,alive
1,PIEN,PIEN29,8.5,NA,NA,10,alive
1,PIEN,PIEN29,9.0,527,117.5,10,alive
1,PIEN,PIEN29,9.5,NA,NA,10,alive
1,PIEN,PIEN30,1.0,625,132.9,10,alive
1,PIEN,PIEN30,1.5,NA,NA,25,alive
1,PIEN,PIEN30,10.0,586,83.8,10,alive
1,PIEN,PIEN30,10.5,NA,NA,10,alive
1,PIEN,PIEN30,11.0,531,102.9,10,alive
1,PIEN,PIEN30,11.5,NA,NA,10,alive
1,PIEN,PIEN30,12.0,547,99.7,10,alive
1,PIEN,PIEN30,12.5,NA,NA,10,alive
1,PIEN,PIEN30,13.0,NA,62.4,NA,alive
1,PIEN,PIEN30,13.5,NA,NA,10,alive
1,PIEN,PIEN30,14.0,564,NA,10,alive
1,PIEN,PIEN30,14.5,NA,NA,10,alive
1,PIEN,PIEN30,15.0,525,NA,10,alive
1,PIEN,PIEN30,15.5,NA,NA,10,alive
1,PIEN,PIEN30,16.0,579,37.6,10,alive
1,PIEN,PIEN30,16.5,NA,NA,10,alive
1,PIEN,PIEN30,17.0,531,77.8,10,alive
1,PIEN,PIEN30,17.5,NA,NA,10,alive
1,PIEN,PIEN30,18.0,596,67.2,10,alive
1,PIEN,PIEN30,18.5,NA,NA,10,alive
1,PIEN,PIEN30,19.0,531,32.4,10,alive
1,PIEN,PIEN30,19.5,NA,NA,10,alive
1,PIEN,PIEN30,2.0,627,134.8,10,alive
1,PIEN,PIEN30,2.5,NA,NA,10,alive
1,PIEN,PIEN30,20.0,542,43,10,alive
1,PIEN,PIEN30,20.5,NA,NA,10,alive
1,PIEN,PIEN30,21.0,485,52.1,10,alive
1,PIEN,PIEN30,21.5,NA,NA,10,alive
1,PIEN,PIEN30,22.0,576,74,10,alive
1,PIEN,PIEN30,22.5,NA,NA,10,alive
1,PIEN,PIEN30,23.0,518,69.3,10,alive
1,PIEN,PIEN30,23.5,NA,NA,NA,alive
1,PIEN,PIEN30,24.0,556,NA,10,alive
1,PIEN,PIEN30,3.0,595,96.3,10,alive
1,PIEN,PIEN30,3.5,NA,NA,10,alive
1,PIEN,PIEN30,4.0,618,78.2,10,alive
1,PIEN,PIEN30,4.5,NA,NA,NA,alive
1,PIEN,PIEN30,5.0,616,117.9,10,alive
1,PIEN,PIEN30,5.5,NA,NA,10,alive
1,PIEN,PIEN30,6.0,615,66.2,10,alive
1,PIEN,PIEN30,6.5,NA,NA,10,alive
1,PIEN,PIEN30,7.0,585,81.9,10,alive
1,PIEN,PIEN30,7.5,NA,NA,10,alive
1,PIEN,PIEN30,8.0,562,95.5,10,alive
1,PIEN,PIEN30,8.5,NA,NA,10,alive
1,PIEN,PIEN30,9.0,511,109.3,10,alive
1,PIEN,PIEN30,9.5,NA,NA,10,alive
1,PIEN,PIEN31,1.0,721,265.6,10,alive
1,PIEN,PIEN31,1.5,NA,NA,10,alive
1,PIEN,PIEN31,10.0,474,109,10,alive
1,PIEN,PIEN31,10.5,NA,NA,10,alive
1,PIEN,PIEN31,11.0,449,114.2,10,alive
1,PIEN,PIEN31,11.5,NA,NA,10,alive
1,PIEN,PIEN31,12.0,431,178.3,10,alive
1,PIEN,PIEN31,12.5,NA,NA,10,alive
1,PIEN,PIEN31,13.0,NA,63.3,NA,alive
1,PIEN,PIEN31,13.5,NA,NA,10,alive
1,PIEN,PIEN31,14.0,404,NA,10,alive
1,PIEN,PIEN31,14.5,NA,NA,10,alive
1,PIEN,PIEN31,15.0,391,NA,10,alive
1,PIEN,PIEN31,15.5,NA,NA,10,alive
1,PIEN,PIEN31,16.0,381,30.6,10,alive
1,PIEN,PIEN31,16.5,NA,NA,10,alive
1,PIEN,PIEN31,17.0,372,70.7,10,alive
1,PIEN,PIEN31,17.5,NA,NA,10,alive
1,PIEN,PIEN31,18.0,365,57.1,10,alive
1,PIEN,PIEN31,18.5,NA,NA,10,alive
1,PIEN,PIEN31,19.0,355,23,10,alive
1,PIEN,PIEN31,19.5,NA,NA,25,alive
1,PIEN,PIEN31,2.0,705,211.4,10,alive
1,PIEN,PIEN31,2.5,NA,NA,10,alive
1,PIEN,PIEN31,20.0,347,24.7,25,dead
1,PIEN,PIEN31,20.5,NA,NA,75,dead
1,PIEN,PIEN31,21.0,340,38.5,90,dead
1,PIEN,PIEN31,21.5,NA,NA,90,dead
1,PIEN,PIEN31,22.0,338,NA,90,dead
1,PIEN,PIEN31,22.5,NA,NA,NA,dead
1,PIEN,PIEN31,23.0,NA,NA,NA,dead
1,PIEN,PIEN31,23.5,NA,NA,NA,dead
1,PIEN,PIEN31,24.0,NA,NA,NA,dead
1,PIEN,PIEN31,3.0,684,108.2,10,alive
1,PIEN,PIEN31,3.5,NA,NA,10,alive
1,PIEN,PIEN31,4.0,670,163.6,10,alive
1,PIEN,PIEN31,4.5,NA,NA,NA,alive
1,PIEN,PIEN31,5.0,649,161.1,10,alive
1,PIEN,PIEN31,5.5,NA,NA,10,alive
1,PIEN,PIEN31,6.0,629,148.5,10,alive
1,PIEN,PIEN31,6.5,NA,NA,10,alive
1,PIEN,PIEN31,7.0,601,184.5,10,alive
1,PIEN,PIEN31,7.5,NA,NA,10,alive
1,PIEN,PIEN31,8.0,538,129.9,10,alive
1,PIEN,PIEN31,8.5,NA,NA,10,alive
1,PIEN,PIEN31,9.0,500,153.8,10,alive
1,PIEN,PIEN31,9.5,NA,NA,10,alive
1,PIEN,PIEN32,1.0,681,147.5,25,alive
1,PIEN,PIEN32,1.5,NA,NA,25,alive
1,PIEN,PIEN32,10.0,451,79.1,25,alive
1,PIEN,PIEN32,10.5,NA,NA,25,alive
1,PIEN,PIEN32,11.0,422,117.1,25,alive
1,PIEN,PIEN32,11.5,NA,NA,10,alive
1,PIEN,PIEN32,12.0,405,115.4,10,alive
1,PIEN,PIEN32,12.5,NA,NA,10,alive
1,PIEN,PIEN32,13.0,NA,69.3,NA,alive
1,PIEN,PIEN32,13.5,NA,NA,10,alive
1,PIEN,PIEN32,14.0,380,NA,10,alive
1,PIEN,PIEN32,14.5,NA,NA,10,alive
1,PIEN,PIEN32,15.0,367,NA,25,alive
1,PIEN,PIEN32,15.5,NA,NA,10,alive
1,PIEN,PIEN32,16.0,355,30.9,25,alive
1,PIEN,PIEN32,16.5,NA,NA,10,alive
1,PIEN,PIEN32,17.0,344,98.5,10,alive
1,PIEN,PIEN32,17.5,NA,NA,25,alive
1,PIEN,PIEN32,18.0,336,63.5,25,alive
1,PIEN,PIEN32,18.5,NA,NA,10,alive
1,PIEN,PIEN32,19.0,327,25.7,10,alive
1,PIEN,PIEN32,19.5,NA,NA,25,alive
1,PIEN,PIEN32,2.0,662,145.7,10,alive
1,PIEN,PIEN32,2.5,NA,NA,10,alive
1,PIEN,PIEN32,20.0,318,31.9,50,dead
1,PIEN,PIEN32,20.5,NA,NA,75,dead
1,PIEN,PIEN32,21.0,311,57.8,75,dead
1,PIEN,PIEN32,21.5,NA,NA,90,dead
1,PIEN,PIEN32,22.0,309,NA,90,dead
1,PIEN,PIEN32,22.5,NA,NA,NA,dead
1,PIEN,PIEN32,23.0,NA,NA,NA,dead
1,PIEN,PIEN32,23.5,NA,NA,NA,dead
1,PIEN,PIEN32,24.0,NA,NA,NA,dead
1,PIEN,PIEN32,3.0,636,76.4,10,alive
1,PIEN,PIEN32,3.5,NA,NA,10,alive
1,PIEN,PIEN32,4.0,615,88.5,10,alive
1,PIEN,PIEN32,4.5,NA,NA,NA,alive
1,PIEN,PIEN32,5.0,591,90.7,25,alive
1,PIEN,PIEN32,5.5,NA,NA,25,alive
1,PIEN,PIEN32,6.0,572,108.7,10,alive
1,PIEN,PIEN32,6.5,NA,NA,25,alive
1,PIEN,PIEN32,7.0,551,98.7,10,alive
1,PIEN,PIEN32,7.5,NA,NA,25,alive
1,PIEN,PIEN32,8.0,510,86.5,25,alive
1,PIEN,PIEN32,8.5,NA,NA,10,alive
1,PIEN,PIEN32,9.0,474,125.3,25,alive
1,PIEN,PIEN32,9.5,NA,NA,25,alive
1,PIEN,PIEN33,1.0,693,207.8,25,alive
1,PIEN,PIEN33,1.5,NA,NA,25,alive
1,PIEN,PIEN33,10.0,433,100.9,25,alive
1,PIEN,PIEN33,10.5,NA,NA,25,alive
1,PIEN,PIEN33,11.0,409,94.4,25,alive
1,PIEN,PIEN33,11.5,NA,NA,25,alive
1,PIEN,PIEN33,12.0,393,92.8,25,alive
1,PIEN,PIEN33,12.5,NA,NA,10,alive
1,PIEN,PIEN33,13.0,NA,65.2,NA,alive
1,PIEN,PIEN33,13.5,NA,NA,10,alive
1,PIEN,PIEN33,14.0,367,NA,10,alive
1,PIEN,PIEN33,14.5,NA,NA,10,alive
1,PIEN,PIEN33,15.0,355,NA,10,alive
1,PIEN,PIEN33,15.5,NA,NA,25,alive
1,PIEN,PIEN33,16.0,345,27.4,25,alive
1,PIEN,PIEN33,16.5,NA,NA,25,alive
1,PIEN,PIEN33,17.0,333,66.4,25,alive
1,PIEN,PIEN33,17.5,NA,NA,25,alive
1,PIEN,PIEN33,18.0,326,46.4,25,alive
1,PIEN,PIEN33,18.5,NA,NA,25,alive
1,PIEN,PIEN33,19.0,315,19.8,25,dead
1,PIEN,PIEN33,19.5,NA,NA,75,dead
1,PIEN,PIEN33,2.0,674,161.9,10,alive
1,PIEN,PIEN33,2.5,NA,NA,25,alive
1,PIEN,PIEN33,20.0,309,36,75,dead
1,PIEN,PIEN33,20.5,NA,NA,90,dead
1,PIEN,PIEN33,21.0,306,NA,75,dead
1,PIEN,PIEN33,21.5,NA,NA,NA,dead
1,PIEN,PIEN33,22.0,NA,NA,NA,dead
1,PIEN,PIEN33,22.5,NA,NA,NA,dead
1,PIEN,PIEN33,23.0,NA,NA,NA,dead
1,PIEN,PIEN33,23.5,NA,NA,NA,dead
1,PIEN,PIEN33,24.0,NA,NA,NA,dead
1,PIEN,PIEN33,3.0,641,84.6,25,alive
1,PIEN,PIEN33,3.5,NA,NA,25,alive
1,PIEN,PIEN33,4.0,621,122.7,25,alive
1,PIEN,PIEN33,4.5,NA,NA,NA,alive
1,PIEN,PIEN33,5.0,584,150.7,25,alive
1,PIEN,PIEN33,5.5,NA,NA,25,alive
1,PIEN,PIEN33,6.0,564,92.6,25,alive
1,PIEN,PIEN33,6.5,NA,NA,25,alive
1,PIEN,PIEN33,7.0,539,96.6,25,alive
1,PIEN,PIEN33,7.5,NA,NA,25,alive
1,PIEN,PIEN33,8.0,492,113.6,25,alive
1,PIEN,PIEN33,8.5,NA,NA,25,alive
1,PIEN,PIEN33,9.0,459,115.6,25,alive
1,PIEN,PIEN33,9.5,NA,NA,25,alive
1,PIEN,PIEN34,1.0,699,272.5,10,alive
1,PIEN,PIEN34,1.5,NA,NA,25,alive
1,PIEN,PIEN34,10.0,436,83.7,10,alive
1,PIEN,PIEN34,10.5,NA,NA,10,alive
1,PIEN,PIEN34,11.0,409,94.2,10,alive
1,PIEN,PIEN34,11.5,NA,NA,10,alive
1,PIEN,PIEN34,12.0,392,108.4,10,alive
1,PIEN,PIEN34,12.5,NA,NA,10,alive
1,PIEN,PIEN34,13.0,NA,64.3,NA,alive
1,PIEN,PIEN34,13.5,NA,NA,10,alive
1,PIEN,PIEN34,14.0,368,NA,10,alive
1,PIEN,PIEN34,14.5,NA,NA,10,alive
1,PIEN,PIEN34,15.0,357,NA,10,alive
1,PIEN,PIEN34,15.5,NA,NA,10,alive
1,PIEN,PIEN34,16.0,349,25.4,25,alive
1,PIEN,PIEN34,16.5,NA,NA,10,alive
1,PIEN,PIEN34,17.0,341,68,25,alive
1,PIEN,PIEN34,17.5,NA,NA,25,alive
1,PIEN,PIEN34,18.0,336,64.7,25,alive
1,PIEN,PIEN34,18.5,NA,NA,50,dead
1,PIEN,PIEN34,19.0,328,21.9,50,dead
1,PIEN,PIEN34,19.5,NA,NA,75,dead
1,PIEN,PIEN34,2.0,679,218.5,10,alive
1,PIEN,PIEN34,2.5,NA,NA,10,alive
1,PIEN,PIEN34,20.0,321,NA,90,dead
1,PIEN,PIEN34,20.5,NA,NA,90,dead
1,PIEN,PIEN34,21.0,317,NA,90,dead
1,PIEN,PIEN34,21.5,NA,NA,NA,dead
1,PIEN,PIEN34,22.0,NA,NA,NA,dead
1,PIEN,PIEN34,22.5,NA,NA,NA,dead
1,PIEN,PIEN34,23.0,NA,NA,NA,dead
1,PIEN,PIEN34,23.5,NA,NA,NA,dead
1,PIEN,PIEN34,24.0,NA,NA,NA,dead
1,PIEN,PIEN34,3.0,647,127.4,10,alive
1,PIEN,PIEN34,3.5,NA,NA,10,alive
1,PIEN,PIEN34,4.0,620,116.4,10,alive
1,PIEN,PIEN34,4.5,NA,NA,NA,alive
1,PIEN,PIEN34,5.0,591,132.1,10,alive
1,PIEN,PIEN34,5.5,NA,NA,10,alive
1,PIEN,PIEN34,6.0,572,89.9,10,alive
1,PIEN,PIEN34,6.5,NA,NA,10,alive
1,PIEN,PIEN34,7.0,544,94.5,10,alive
1,PIEN,PIEN34,7.5,NA,NA,10,alive
1,PIEN,PIEN34,8.0,495,106.6,10,alive
1,PIEN,PIEN34,8.5,NA,NA,10,alive
1,PIEN,PIEN34,9.0,461,127.5,10,alive
1,PIEN,PIEN34,9.5,NA,NA,10,alive
1,PIEN,PIEN35,1.0,688,204.8,10,alive
1,PIEN,PIEN35,1.5,NA,NA,10,alive
1,PIEN,PIEN35,10.0,426,75.1,10,alive
1,PIEN,PIEN35,10.5,NA,NA,10,alive
1,PIEN,PIEN35,11.0,405,86.3,10,alive
1,PIEN,PIEN35,11.5,NA,NA,10,alive
1,PIEN,PIEN35,12.0,388,96.5,10,alive
1,PIEN,PIEN35,12.5,NA,NA,10,alive
1,PIEN,PIEN35,13.0,NA,52.2,NA,alive
1,PIEN,PIEN35,13.5,NA,NA,10,alive
1,PIEN,PIEN35,14.0,369,NA,10,alive
1,PIEN,PIEN35,14.5,NA,NA,10,alive
1,PIEN,PIEN35,15.0,361,NA,10,alive
1,PIEN,PIEN35,15.5,NA,NA,10,alive
1,PIEN,PIEN35,16.0,354,27.5,10,alive
1,PIEN,PIEN35,16.5,NA,NA,10,alive
1,PIEN,PIEN35,17.0,346,58.3,10,alive
1,PIEN,PIEN35,17.5,NA,NA,25,dead
1,PIEN,PIEN35,18.0,340,35.2,10,dead
1,PIEN,PIEN35,18.5,NA,NA,75,dead
1,PIEN,PIEN35,19.0,333,21,75,dead
1,PIEN,PIEN35,19.5,NA,NA,90,dead
1,PIEN,PIEN35,2.0,671,223.4,10,alive
1,PIEN,PIEN35,2.5,NA,NA,10,alive
1,PIEN,PIEN35,20.0,328,NA,90,dead
1,PIEN,PIEN35,20.5,NA,NA,NA,dead
1,PIEN,PIEN35,21.0,NA,NA,NA,dead
1,PIEN,PIEN35,21.5,NA,NA,NA,dead
1,PIEN,PIEN35,22.0,NA,NA,NA,dead
1,PIEN,PIEN35,22.5,NA,NA,NA,dead
1,PIEN,PIEN35,23.0,NA,NA,NA,dead
1,PIEN,PIEN35,23.5,NA,NA,NA,dead
1,PIEN,PIEN35,24.0,NA,NA,NA,dead
1,PIEN,PIEN35,3.0,638,133.5,10,alive
1,PIEN,PIEN35,3.5,NA,NA,10,alive
1,PIEN,PIEN35,4.0,609,118.1,10,alive
1,PIEN,PIEN35,4.5,NA,NA,NA,alive
1,PIEN,PIEN35,5.0,585,138.3,10,alive
1,PIEN,PIEN35,5.5,NA,NA,10,alive
1,PIEN,PIEN35,6.0,560,100.7,10,alive
1,PIEN,PIEN35,6.5,NA,NA,10,alive
1,PIEN,PIEN35,7.0,532,80.8,10,alive
1,PIEN,PIEN35,7.5,NA,NA,10,alive
1,PIEN,PIEN35,8.0,485,106.6,10,alive
1,PIEN,PIEN35,8.5,NA,NA,10,alive
1,PIEN,PIEN35,9.0,449,134.4,10,alive
1,PIEN,PIEN35,9.5,NA,NA,10,alive
1,PIEN,PIEN36,1.0,649,327.9,10,alive
1,PIEN,PIEN36,1.5,NA,NA,10,alive
1,PIEN,PIEN36,10.0,386,106.5,10,alive
1,PIEN,PIEN36,10.5,NA,NA,10,alive
1,PIEN,PIEN36,11.0,369,123.5,10,alive
1,PIEN,PIEN36,11.5,NA,NA,10,alive
1,PIEN,PIEN36,12.0,354,139.9,10,alive
1,PIEN,PIEN36,12.5,NA,NA,10,alive
1,PIEN,PIEN36,13.0,NA,71.6,NA,alive
1,PIEN,PIEN36,13.5,NA,NA,10,alive
1,PIEN,PIEN36,14.0,338,NA,10,alive
1,PIEN,PIEN36,14.5,NA,NA,10,alive
1,PIEN,PIEN36,15.0,331,NA,10,alive
1,PIEN,PIEN36,15.5,NA,NA,10,alive
1,PIEN,PIEN36,16.0,326,28.5,10,alive
1,PIEN,PIEN36,16.5,NA,NA,10,alive
1,PIEN,PIEN36,17.0,318,78.2,10,alive
1,PIEN,PIEN36,17.5,NA,NA,25,alive
1,PIEN,PIEN36,18.0,312,38.5,50,dead
1,PIEN,PIEN36,18.5,NA,NA,75,dead
1,PIEN,PIEN36,19.0,306,NA,90,dead
1,PIEN,PIEN36,19.5,NA,NA,90,dead
1,PIEN,PIEN36,2.0,628,339.1,10,alive
1,PIEN,PIEN36,2.5,NA,NA,10,alive
1,PIEN,PIEN36,20.0,302,NA,90,dead
1,PIEN,PIEN36,20.5,NA,NA,NA,dead
1,PIEN,PIEN36,21.0,NA,NA,NA,dead
1,PIEN,PIEN36,21.5,NA,NA,NA,dead
1,PIEN,PIEN36,22.0,NA,NA,NA,dead
1,PIEN,PIEN36,22.5,NA,NA,NA,dead
1,PIEN,PIEN36,23.0,NA,NA,NA,dead
1,PIEN,PIEN36,23.5,NA,NA,NA,dead
1,PIEN,PIEN36,24.0,NA,NA,NA,dead
1,PIEN,PIEN36,3.0,594,227,10,alive
1,PIEN,PIEN36,3.5,NA,NA,10,alive
1,PIEN,PIEN36,4.0,572,224.6,10,alive
1,PIEN,PIEN36,4.5,NA,NA,NA,alive
1,PIEN,PIEN36,5.0,542,270,10,alive
1,PIEN,PIEN36,5.5,NA,NA,10,alive
1,PIEN,PIEN36,6.0,521,108.1,10,alive
1,PIEN,PIEN36,6.5,NA,NA,10,alive
1,PIEN,PIEN36,7.0,494,100.6,10,alive
1,PIEN,PIEN36,7.5,NA,NA,10,alive
1,PIEN,PIEN36,8.0,440,160.1,10,alive
1,PIEN,PIEN36,8.5,NA,NA,10,alive
1,PIEN,PIEN36,9.0,408,125.1,10,alive
1,PIEN,PIEN36,9.5,NA,NA,10,alive
1,PIEN,PIEN37,1.0,670,124.5,10,alive
1,PIEN,PIEN37,1.5,NA,NA,10,alive
1,PIEN,PIEN37,10.0,462,101.9,10,alive
1,PIEN,PIEN37,10.5,NA,NA,10,alive
1,PIEN,PIEN37,11.0,435,88.8,10,alive
1,PIEN,PIEN37,11.5,NA,NA,10,alive
1,PIEN,PIEN37,12.0,414,92,10,alive
1,PIEN,PIEN37,12.5,NA,NA,10,alive
1,PIEN,PIEN37,13.0,NA,67.6,NA,alive
1,PIEN,PIEN37,13.5,NA,NA,10,alive
1,PIEN,PIEN37,14.0,390,NA,10,alive
1,PIEN,PIEN37,14.5,NA,NA,10,alive
1,PIEN,PIEN37,15.0,379,NA,10,alive
1,PIEN,PIEN37,15.5,NA,NA,10,alive
1,PIEN,PIEN37,16.0,367,30.6,10,alive
1,PIEN,PIEN37,16.5,NA,NA,10,alive
1,PIEN,PIEN37,17.0,353,70.8,10,alive
1,PIEN,PIEN37,17.5,NA,NA,10,alive
1,PIEN,PIEN37,18.0,344,46,10,alive
1,PIEN,PIEN37,18.5,NA,NA,10,alive
1,PIEN,PIEN37,19.0,335,23.1,10,alive
1,PIEN,PIEN37,19.5,NA,NA,10,alive
1,PIEN,PIEN37,2.0,655,125.2,10,alive
1,PIEN,PIEN37,2.5,NA,NA,10,alive
1,PIEN,PIEN37,20.0,327,21.4,10,alive
1,PIEN,PIEN37,20.5,NA,NA,25,alive
1,PIEN,PIEN37,21.0,319,51.7,50,dead
1,PIEN,PIEN37,21.5,NA,NA,90,dead
1,PIEN,PIEN37,22.0,315,54.2,90,dead
1,PIEN,PIEN37,22.5,NA,NA,90,dead
1,PIEN,PIEN37,23.0,311,NA,90,dead
1,PIEN,PIEN37,23.5,NA,NA,NA,dead
1,PIEN,PIEN37,24.0,NA,NA,NA,dead
1,PIEN,PIEN37,3.0,634,93,10,alive
1,PIEN,PIEN37,3.5,NA,NA,10,alive
1,PIEN,PIEN37,4.0,620,91.2,10,alive
1,PIEN,PIEN37,4.5,NA,NA,NA,alive
1,PIEN,PIEN37,5.0,595,100.5,10,alive
1,PIEN,PIEN37,5.5,NA,NA,10,alive
1,PIEN,PIEN37,6.0,574,85.4,10,alive
1,PIEN,PIEN37,6.5,NA,NA,10,alive
1,PIEN,PIEN37,7.0,555,82.1,10,alive
1,PIEN,PIEN37,7.5,NA,NA,10,alive
1,PIEN,PIEN37,8.0,516,73.7,10,alive
1,PIEN,PIEN37,8.5,NA,NA,10,alive
1,PIEN,PIEN37,9.0,485,99.6,10,alive
1,PIEN,PIEN37,9.5,NA,NA,10,alive
1,PIEN,PIEN38,1.0,701,169.9,10,alive
1,PIEN,PIEN38,1.5,NA,NA,10,alive
1,PIEN,PIEN38,10.0,492,106.6,10,alive
1,PIEN,PIEN38,10.5,NA,NA,10,alive
1,PIEN,PIEN38,11.0,456,126.1,10,alive
1,PIEN,PIEN38,11.5,NA,NA,10,alive
1,PIEN,PIEN38,12.0,434,163.3,10,alive
1,PIEN,PIEN38,12.5,NA,NA,10,alive
1,PIEN,PIEN38,13.0,NA,56.1,NA,alive
1,PIEN,PIEN38,13.5,NA,NA,10,alive
1,PIEN,PIEN38,14.0,407,NA,10,alive
1,PIEN,PIEN38,14.5,NA,NA,10,alive
1,PIEN,PIEN38,15.0,395,NA,10,alive
1,PIEN,PIEN38,15.5,NA,NA,10,alive
1,PIEN,PIEN38,16.0,381,30.4,10,alive
1,PIEN,PIEN38,16.5,NA,NA,10,alive
1,PIEN,PIEN38,17.0,364,115.9,10,alive
1,PIEN,PIEN38,17.5,NA,NA,25,alive
1,PIEN,PIEN38,18.0,354,58.3,10,alive
1,PIEN,PIEN38,18.5,NA,NA,10,alive
1,PIEN,PIEN38,19.0,345,24.4,10,alive
1,PIEN,PIEN38,19.5,NA,NA,25,alive
1,PIEN,PIEN38,2.0,686,177.9,10,alive
1,PIEN,PIEN38,2.5,NA,NA,10,alive
1,PIEN,PIEN38,20.0,337,39.9,10,alive
1,PIEN,PIEN38,20.5,NA,NA,25,alive
1,PIEN,PIEN38,21.0,330,45.7,50,dead
1,PIEN,PIEN38,21.5,NA,NA,50,dead
1,PIEN,PIEN38,22.0,327,79.9,50,dead
1,PIEN,PIEN38,22.5,NA,NA,75,dead
1,PIEN,PIEN38,23.0,324,40,75,dead
1,PIEN,PIEN38,23.5,NA,NA,NA,dead
1,PIEN,PIEN38,24.0,NA,NA,NA,dead
1,PIEN,PIEN38,3.0,661,70.4,10,alive
1,PIEN,PIEN38,3.5,NA,NA,10,alive
1,PIEN,PIEN38,4.0,645,119,10,alive
1,PIEN,PIEN38,4.5,NA,NA,NA,alive
1,PIEN,PIEN38,5.0,625,60.3,10,alive
1,PIEN,PIEN38,5.5,NA,NA,10,alive
1,PIEN,PIEN38,6.0,606,113.8,10,alive
1,PIEN,PIEN38,6.5,NA,NA,10,alive
1,PIEN,PIEN38,7.0,587,83.9,10,alive
1,PIEN,PIEN38,7.5,NA,NA,10,alive
1,PIEN,PIEN38,8.0,550,94.8,10,alive
1,PIEN,PIEN38,8.5,NA,NA,10,alive
1,PIEN,PIEN38,9.0,515,121.4,10,alive
1,PIEN,PIEN38,9.5,NA,NA,10,alive
1,PIEN,PIEN39,1.0,643,244.2,25,alive
1,PIEN,PIEN39,1.5,NA,NA,25,alive
1,PIEN,PIEN39,10.0,458,81.9,25,alive
1,PIEN,PIEN39,10.5,NA,NA,25,alive
1,PIEN,PIEN39,11.0,423,102.2,25,alive
1,PIEN,PIEN39,11.5,NA,NA,25,alive
1,PIEN,PIEN39,12.0,398,109.6,25,alive
1,PIEN,PIEN39,12.5,NA,NA,10,alive
1,PIEN,PIEN39,13.0,NA,71.6,NA,alive
1,PIEN,PIEN39,13.5,NA,NA,10,alive
1,PIEN,PIEN39,14.0,368,NA,10,alive
1,PIEN,PIEN39,14.5,NA,NA,10,alive
1,PIEN,PIEN39,15.0,352,NA,10,alive
1,PIEN,PIEN39,15.5,NA,NA,25,alive
1,PIEN,PIEN39,16.0,338,26.7,25,alive
1,PIEN,PIEN39,16.5,NA,NA,25,alive
1,PIEN,PIEN39,17.0,324,75.1,25,alive
1,PIEN,PIEN39,17.5,NA,NA,25,alive
1,PIEN,PIEN39,18.0,315,51.2,10,alive
1,PIEN,PIEN39,18.5,NA,NA,25,alive
1,PIEN,PIEN39,19.0,306,23.6,25,alive
1,PIEN,PIEN39,19.5,NA,NA,25,alive
1,PIEN,PIEN39,2.0,625,234.9,10,alive
1,PIEN,PIEN39,2.5,NA,NA,25,alive
1,PIEN,PIEN39,20.0,297,42.6,25,alive
1,PIEN,PIEN39,20.5,NA,NA,50,dead
1,PIEN,PIEN39,21.0,291,48.9,50,dead
1,PIEN,PIEN39,21.5,NA,NA,75,dead
1,PIEN,PIEN39,22.0,288,75.3,75,dead
1,PIEN,PIEN39,22.5,NA,NA,90,dead
1,PIEN,PIEN39,23.0,285,NA,90,dead
1,PIEN,PIEN39,23.5,NA,NA,NA,dead
1,PIEN,PIEN39,24.0,NA,NA,NA,dead
1,PIEN,PIEN39,3.0,600,103.9,25,alive
1,PIEN,PIEN39,3.5,NA,NA,25,alive
1,PIEN,PIEN39,4.0,585,151,25,alive
1,PIEN,PIEN39,4.5,NA,NA,NA,alive
1,PIEN,PIEN39,5.0,566,108.8,10,alive
1,PIEN,PIEN39,5.5,NA,NA,25,alive
1,PIEN,PIEN39,6.0,548,79.7,25,alive
1,PIEN,PIEN39,6.5,NA,NA,25,alive
1,PIEN,PIEN39,7.0,532,78.5,25,alive
1,PIEN,PIEN39,7.5,NA,NA,25,alive
1,PIEN,PIEN39,8.0,505,101.2,25,alive
1,PIEN,PIEN39,8.5,NA,NA,25,alive
1,PIEN,PIEN39,9.0,483,94.2,25,alive
1,PIEN,PIEN39,9.5,NA,NA,25,alive
1,PIEN,PIEN40,1.0,615,218,10,alive
1,PIEN,PIEN40,1.5,NA,NA,25,alive
1,PIEN,PIEN40,10.0,357,98.6,25,alive
1,PIEN,PIEN40,10.5,NA,NA,25,alive
1,PIEN,PIEN40,11.0,337,98.5,25,alive
1,PIEN,PIEN40,11.5,NA,NA,25,alive
1,PIEN,PIEN40,12.0,321,90.1,10,alive
1,PIEN,PIEN40,12.5,NA,NA,10,alive
1,PIEN,PIEN40,13.0,NA,57.8,NA,alive
1,PIEN,PIEN40,13.5,NA,NA,10,alive
1,PIEN,PIEN40,14.0,302,NA,10,alive
1,PIEN,PIEN40,14.5,NA,NA,10,alive
1,PIEN,PIEN40,15.0,294,NA,10,alive
1,PIEN,PIEN40,15.5,NA,NA,10,alive
1,PIEN,PIEN40,16.0,287,26.4,25,alive
1,PIEN,PIEN40,16.5,NA,NA,25,alive
1,PIEN,PIEN40,17.0,277,49.8,25,alive
1,PIEN,PIEN40,17.5,NA,NA,50,dead
1,PIEN,PIEN40,18.0,274,43.1,75,dead
1,PIEN,PIEN40,18.5,NA,NA,90,dead
1,PIEN,PIEN40,19.0,272,NA,90,dead
1,PIEN,PIEN40,19.5,NA,NA,90,dead
1,PIEN,PIEN40,2.0,598,235.4,10,alive
1,PIEN,PIEN40,2.5,NA,NA,10,alive
1,PIEN,PIEN40,20.0,271,NA,90,dead
1,PIEN,PIEN40,20.5,NA,NA,NA,dead
1,PIEN,PIEN40,21.0,NA,NA,NA,dead
1,PIEN,PIEN40,21.5,NA,NA,NA,dead
1,PIEN,PIEN40,22.0,NA,NA,NA,dead
1,PIEN,PIEN40,22.5,NA,NA,NA,dead
1,PIEN,PIEN40,23.0,NA,NA,NA,dead
1,PIEN,PIEN40,23.5,NA,NA,NA,dead
1,PIEN,PIEN40,24.0,NA,NA,NA,dead
1,PIEN,PIEN40,3.0,566,127.9,10,alive
1,PIEN,PIEN40,3.5,NA,NA,10,alive
1,PIEN,PIEN40,4.0,542,131.7,10,alive
1,PIEN,PIEN40,4.5,NA,NA,NA,alive
1,PIEN,PIEN40,5.0,517,153.8,10,alive
1,PIEN,PIEN40,5.5,NA,NA,10,alive
1,PIEN,PIEN40,6.0,493,86.9,10,alive
1,PIEN,PIEN40,6.5,NA,NA,25,alive
1,PIEN,PIEN40,7.0,465,80.3,10,alive
1,PIEN,PIEN40,7.5,NA,NA,10,alive
1,PIEN,PIEN40,8.0,418,84.7,10,alive
1,PIEN,PIEN40,8.5,NA,NA,10,alive
1,PIEN,PIEN40,9.0,382,105.7,25,alive
1,PIEN,PIEN40,9.5,NA,NA,25,alive
1,PIEN,PIEN41,1.0,678,NA,25,alive
1,PIEN,PIEN41,1.5,NA,NA,25,alive
1,PIEN,PIEN41,10.0,440,NA,25,alive
1,PIEN,PIEN41,10.5,NA,NA,25,alive
1,PIEN,PIEN41,11.0,412,NA,25,alive
1,PIEN,PIEN41,11.5,NA,NA,25,alive
1,PIEN,PIEN41,12.0,391,NA,25,alive
1,PIEN,PIEN41,12.5,NA,NA,10,alive
1,PIEN,PIEN41,13.0,NA,NA,NA,alive
1,PIEN,PIEN41,13.5,NA,NA,10,alive
1,PIEN,PIEN41,14.0,368,NA,10,alive
1,PIEN,PIEN41,14.5,NA,NA,10,alive
1,PIEN,PIEN41,15.0,357,NA,10,alive
1,PIEN,PIEN41,15.5,NA,NA,25,alive
1,PIEN,PIEN41,16.0,347,NA,25,alive
1,PIEN,PIEN41,16.5,NA,NA,25,alive
1,PIEN,PIEN41,17.0,338,NA,25,alive
1,PIEN,PIEN41,17.5,NA,NA,25,alive
1,PIEN,PIEN41,18.0,331,NA,25,alive
1,PIEN,PIEN41,18.5,NA,NA,25,alive
1,PIEN,PIEN41,19.0,324,NA,25,dead
1,PIEN,PIEN41,19.5,NA,NA,50,dead
1,PIEN,PIEN41,2.0,662,NA,10,alive
1,PIEN,PIEN41,2.5,NA,NA,10,alive
1,PIEN,PIEN41,20.0,316,NA,75,dead
1,PIEN,PIEN41,20.5,NA,NA,90,dead
1,PIEN,PIEN41,21.0,312,NA,90,dead
1,PIEN,PIEN41,21.5,NA,NA,NA,dead
1,PIEN,PIEN41,22.0,NA,NA,NA,dead
1,PIEN,PIEN41,22.5,NA,NA,NA,dead
1,PIEN,PIEN41,23.0,NA,NA,NA,dead
1,PIEN,PIEN41,23.5,NA,NA,NA,dead
1,PIEN,PIEN41,24.0,NA,NA,NA,dead
1,PIEN,PIEN41,3.0,636,NA,25,alive
1,PIEN,PIEN41,3.5,NA,NA,25,alive
1,PIEN,PIEN41,4.0,620,NA,25,alive
1,PIEN,PIEN41,4.5,NA,NA,NA,alive
1,PIEN,PIEN41,5.0,602,NA,25,alive
1,PIEN,PIEN41,5.5,NA,NA,25,alive
1,PIEN,PIEN41,6.0,583,NA,25,alive
1,PIEN,PIEN41,6.5,NA,NA,25,alive
1,PIEN,PIEN41,7.0,558,NA,25,alive
1,PIEN,PIEN41,7.5,NA,NA,25,alive
1,PIEN,PIEN41,8.0,508,NA,25,alive
1,PIEN,PIEN41,8.5,NA,NA,25,alive
1,PIEN,PIEN41,9.0,469,NA,25,alive
1,PIEN,PIEN41,9.5,NA,NA,25,alive
1,PIEN,PIEN42,1.0,672,NA,10,alive
1,PIEN,PIEN42,1.5,NA,NA,10,alive
1,PIEN,PIEN42,10.0,443,NA,10,alive
1,PIEN,PIEN42,10.5,NA,NA,10,alive
1,PIEN,PIEN42,11.0,416,NA,10,alive
1,PIEN,PIEN42,11.5,NA,NA,10,alive
1,PIEN,PIEN42,12.0,396,NA,10,alive
1,PIEN,PIEN42,12.5,NA,NA,10,alive
1,PIEN,PIEN42,13.0,NA,NA,NA,alive
1,PIEN,PIEN42,13.5,NA,NA,10,alive
1,PIEN,PIEN42,14.0,370,NA,10,alive
1,PIEN,PIEN42,14.5,NA,NA,10,alive
1,PIEN,PIEN42,15.0,356,NA,10,alive
1,PIEN,PIEN42,15.5,NA,NA,10,alive
1,PIEN,PIEN42,16.0,346,NA,10,alive
1,PIEN,PIEN42,16.5,NA,NA,10,alive
1,PIEN,PIEN42,17.0,334,NA,10,alive
1,PIEN,PIEN42,17.5,NA,NA,10,alive
1,PIEN,PIEN42,18.0,327,NA,10,alive
1,PIEN,PIEN42,18.5,NA,NA,10,alive
1,PIEN,PIEN42,19.0,317,NA,10,alive
1,PIEN,PIEN42,19.5,NA,NA,25,alive
1,PIEN,PIEN42,2.0,656,NA,10,alive
1,PIEN,PIEN42,2.5,NA,NA,25,alive
1,PIEN,PIEN42,20.0,310,NA,50,dead
1,PIEN,PIEN42,20.5,NA,NA,75,dead
1,PIEN,PIEN42,21.0,305,NA,90,dead
1,PIEN,PIEN42,21.5,NA,NA,90,dead
1,PIEN,PIEN42,22.0,303,NA,90,dead
1,PIEN,PIEN42,22.5,NA,NA,NA,dead
1,PIEN,PIEN42,23.0,NA,NA,NA,dead
1,PIEN,PIEN42,23.5,NA,NA,NA,dead
1,PIEN,PIEN42,24.0,NA,NA,NA,dead
1,PIEN,PIEN42,3.0,628,NA,10,alive
1,PIEN,PIEN42,3.5,NA,NA,10,alive
1,PIEN,PIEN42,4.0,611,NA,10,alive
1,PIEN,PIEN42,4.5,NA,NA,NA,alive
1,PIEN,PIEN42,5.0,592,NA,10,alive
1,PIEN,PIEN42,5.5,NA,NA,10,alive
1,PIEN,PIEN42,6.0,572,NA,10,alive
1,PIEN,PIEN42,6.5,NA,NA,10,alive
1,PIEN,PIEN42,7.0,547,NA,10,alive
1,PIEN,PIEN42,7.5,NA,NA,10,alive
1,PIEN,PIEN42,8.0,502,NA,10,alive
1,PIEN,PIEN42,8.5,NA,NA,10,alive
1,PIEN,PIEN42,9.0,467,NA,10,alive
1,PIEN,PIEN42,9.5,NA,NA,25,alive
1,PIEN,PIEN43,1.0,577,NA,10,alive
1,PIEN,PIEN43,1.5,NA,NA,10,alive
1,PIEN,PIEN43,10.0,360,NA,10,alive
1,PIEN,PIEN43,10.5,NA,NA,10,alive
1,PIEN,PIEN43,11.0,344,NA,10,alive
1,PIEN,PIEN43,11.5,NA,NA,10,alive
1,PIEN,PIEN43,12.0,330,NA,10,alive
1,PIEN,PIEN43,12.5,NA,NA,10,alive
1,PIEN,PIEN43,13.0,NA,NA,NA,alive
1,PIEN,PIEN43,13.5,NA,NA,10,alive
1,PIEN,PIEN43,14.0,311,NA,10,alive
1,PIEN,PIEN43,14.5,NA,NA,10,alive
1,PIEN,PIEN43,15.0,301,NA,10,alive
1,PIEN,PIEN43,15.5,NA,NA,10,alive
1,PIEN,PIEN43,16.0,294,NA,10,alive
1,PIEN,PIEN43,16.5,NA,NA,10,alive
1,PIEN,PIEN43,17.0,285,NA,10,alive
1,PIEN,PIEN43,17.5,NA,NA,25,alive
1,PIEN,PIEN43,18.0,278,NA,50,dead
1,PIEN,PIEN43,18.5,NA,NA,75,dead
1,PIEN,PIEN43,19.0,270,NA,90,dead
1,PIEN,PIEN43,19.5,NA,NA,90,dead
1,PIEN,PIEN43,2.0,561,NA,10,alive
1,PIEN,PIEN43,2.5,NA,NA,10,alive
1,PIEN,PIEN43,20.0,268,NA,90,dead
1,PIEN,PIEN43,20.5,NA,NA,NA,dead
1,PIEN,PIEN43,21.0,NA,NA,NA,dead
1,PIEN,PIEN43,21.5,NA,NA,NA,dead
1,PIEN,PIEN43,22.0,NA,NA,NA,dead
1,PIEN,PIEN43,22.5,NA,NA,NA,dead
1,PIEN,PIEN43,23.0,NA,NA,NA,dead
1,PIEN,PIEN43,23.5,NA,NA,NA,dead
1,PIEN,PIEN43,24.0,NA,NA,NA,dead
1,PIEN,PIEN43,3.0,532,NA,10,alive
1,PIEN,PIEN43,3.5,NA,NA,10,alive
1,PIEN,PIEN43,4.0,513,NA,10,alive
1,PIEN,PIEN43,4.5,NA,NA,NA,alive
1,PIEN,PIEN43,5.0,484,NA,10,alive
1,PIEN,PIEN43,5.5,NA,NA,10,alive
1,PIEN,PIEN43,6.0,464,NA,10,alive
1,PIEN,PIEN43,6.5,NA,NA,10,alive
1,PIEN,PIEN43,7.0,435,NA,10,alive
1,PIEN,PIEN43,7.5,NA,NA,10,alive
1,PIEN,PIEN43,8.0,399,NA,10,alive
1,PIEN,PIEN43,8.5,NA,NA,10,alive
1,PIEN,PIEN43,9.0,377,NA,10,alive
1,PIEN,PIEN43,9.5,NA,NA,10,alive
1,PIEN,PIEN44,1.0,690,NA,10,alive
1,PIEN,PIEN44,1.5,NA,NA,25,alive
1,PIEN,PIEN44,10.0,412,NA,10,alive
1,PIEN,PIEN44,10.5,NA,NA,10,alive
1,PIEN,PIEN44,11.0,389,NA,10,alive
1,PIEN,PIEN44,11.5,NA,NA,10,alive
1,PIEN,PIEN44,12.0,372,NA,10,alive
1,PIEN,PIEN44,12.5,NA,NA,10,alive
1,PIEN,PIEN44,13.0,NA,NA,NA,alive
1,PIEN,PIEN44,13.5,NA,NA,10,alive
1,PIEN,PIEN44,14.0,355,NA,10,alive
1,PIEN,PIEN44,14.5,NA,NA,10,alive
1,PIEN,PIEN44,15.0,347,NA,10,alive
1,PIEN,PIEN44,15.5,NA,NA,10,alive
1,PIEN,PIEN44,16.0,340,NA,10,alive
1,PIEN,PIEN44,16.5,NA,NA,10,alive
1,PIEN,PIEN44,17.0,333,NA,25,alive
1,PIEN,PIEN44,17.5,NA,NA,50,dead
1,PIEN,PIEN44,18.0,328,NA,75,dead
1,PIEN,PIEN44,18.5,NA,NA,90,dead
1,PIEN,PIEN44,19.0,322,NA,90,dead
1,PIEN,PIEN44,19.5,NA,NA,90,dead
1,PIEN,PIEN44,2.0,674,NA,10,alive
1,PIEN,PIEN44,2.5,NA,NA,10,alive
1,PIEN,PIEN44,20.0,319,NA,90,dead
1,PIEN,PIEN44,20.5,NA,NA,NA,dead
1,PIEN,PIEN44,21.0,NA,NA,NA,dead
1,PIEN,PIEN44,21.5,NA,NA,NA,dead
1,PIEN,PIEN44,22.0,NA,NA,NA,dead
1,PIEN,PIEN44,22.5,NA,NA,NA,dead
1,PIEN,PIEN44,23.0,NA,NA,NA,dead
1,PIEN,PIEN44,23.5,NA,NA,NA,dead
1,PIEN,PIEN44,24.0,NA,NA,NA,dead
1,PIEN,PIEN44,3.0,644,NA,10,alive
1,PIEN,PIEN44,3.5,NA,NA,10,alive
1,PIEN,PIEN44,4.0,619,NA,10,alive
1,PIEN,PIEN44,4.5,NA,NA,NA,alive
1,PIEN,PIEN44,5.0,595,NA,10,alive
1,PIEN,PIEN44,5.5,NA,NA,10,alive
1,PIEN,PIEN44,6.0,569,NA,10,alive
1,PIEN,PIEN44,6.5,NA,NA,10,alive
1,PIEN,PIEN44,7.0,531,NA,10,alive
1,PIEN,PIEN44,7.5,NA,NA,10,alive
1,PIEN,PIEN44,8.0,477,NA,10,alive
1,PIEN,PIEN44,8.5,NA,NA,10,alive
1,PIEN,PIEN44,9.0,440,NA,10,alive
1,PIEN,PIEN44,9.5,NA,NA,10,alive
1,PIEN,PIEN45,1.0,660,NA,10,alive
1,PIEN,PIEN45,1.5,NA,NA,10,alive
1,PIEN,PIEN45,10.0,407,NA,10,alive
1,PIEN,PIEN45,10.5,NA,NA,10,alive
1,PIEN,PIEN45,11.0,389,NA,10,alive
1,PIEN,PIEN45,11.5,NA,NA,10,alive
1,PIEN,PIEN45,12.0,376,NA,10,alive
1,PIEN,PIEN45,12.5,NA,NA,10,alive
1,PIEN,PIEN45,13.0,NA,NA,NA,alive
1,PIEN,PIEN45,13.5,NA,NA,10,alive
1,PIEN,PIEN45,14.0,356,NA,10,alive
1,PIEN,PIEN45,14.5,NA,NA,10,alive
1,PIEN,PIEN45,15.0,347,NA,10,alive
1,PIEN,PIEN45,15.5,NA,NA,10,alive
1,PIEN,PIEN45,16.0,341,NA,10,alive
1,PIEN,PIEN45,16.5,NA,NA,10,alive
1,PIEN,PIEN45,17.0,333,NA,10,alive
1,PIEN,PIEN45,17.5,NA,NA,25,alive
1,PIEN,PIEN45,18.0,327,NA,10,dead
1,PIEN,PIEN45,18.5,NA,NA,50,dead
1,PIEN,PIEN45,19.0,320,NA,75,dead
1,PIEN,PIEN45,19.5,NA,NA,90,dead
1,PIEN,PIEN45,2.0,642,NA,10,alive
1,PIEN,PIEN45,2.5,NA,NA,10,alive
1,PIEN,PIEN45,20.0,315,NA,90,dead
1,PIEN,PIEN45,20.5,NA,NA,NA,dead
1,PIEN,PIEN45,21.0,NA,NA,NA,dead
1,PIEN,PIEN45,21.5,NA,NA,NA,dead
1,PIEN,PIEN45,22.0,NA,NA,NA,dead
1,PIEN,PIEN45,22.5,NA,NA,NA,dead
1,PIEN,PIEN45,23.0,NA,NA,NA,dead
1,PIEN,PIEN45,23.5,NA,NA,NA,dead
1,PIEN,PIEN45,24.0,NA,NA,NA,dead
1,PIEN,PIEN45,3.0,600,NA,10,alive
1,PIEN,PIEN45,3.5,NA,NA,10,alive
1,PIEN,PIEN45,4.0,574,NA,10,alive
1,PIEN,PIEN45,4.5,NA,NA,NA,alive
1,PIEN,PIEN45,5.0,542,NA,10,alive
1,PIEN,PIEN45,5.5,NA,NA,10,alive
1,PIEN,PIEN45,6.0,522,NA,10,alive
1,PIEN,PIEN45,6.5,NA,NA,10,alive
1,PIEN,PIEN45,7.0,496,NA,10,alive
1,PIEN,PIEN45,7.5,NA,NA,10,alive
1,PIEN,PIEN45,8.0,458,NA,10,alive
1,PIEN,PIEN45,8.5,NA,NA,10,alive
1,PIEN,PIEN45,9.0,427,NA,10,alive
1,PIEN,PIEN45,9.5,NA,NA,10,alive
1,PIEN,PIEN46,1.0,674,NA,25,alive
1,PIEN,PIEN46,1.5,NA,NA,25,alive
1,PIEN,PIEN46,10.0,405,NA,25,alive
1,PIEN,PIEN46,10.5,NA,NA,25,alive
1,PIEN,PIEN46,11.0,384,NA,25,alive
1,PIEN,PIEN46,11.5,NA,NA,25,alive
1,PIEN,PIEN46,12.0,369,NA,25,alive
1,PIEN,PIEN46,12.5,NA,NA,10,alive
1,PIEN,PIEN46,13.0,NA,NA,NA,alive
1,PIEN,PIEN46,13.5,NA,NA,10,alive
1,PIEN,PIEN46,14.0,351,NA,10,alive
1,PIEN,PIEN46,14.5,NA,NA,10,alive
1,PIEN,PIEN46,15.0,344,NA,10,alive
1,PIEN,PIEN46,15.5,NA,NA,25,alive
1,PIEN,PIEN46,16.0,337,NA,25,alive
1,PIEN,PIEN46,16.5,NA,NA,25,alive
1,PIEN,PIEN46,17.0,329,NA,25,alive
1,PIEN,PIEN46,17.5,NA,NA,25,alive
1,PIEN,PIEN46,18.0,322,NA,50,dead
1,PIEN,PIEN46,18.5,NA,NA,50,dead
1,PIEN,PIEN46,19.0,316,NA,50,dead
1,PIEN,PIEN46,19.5,NA,NA,90,dead
1,PIEN,PIEN46,2.0,648,NA,10,alive
1,PIEN,PIEN46,2.5,NA,NA,10,alive
1,PIEN,PIEN46,20.0,311,NA,90,dead
1,PIEN,PIEN46,20.5,NA,NA,NA,dead
1,PIEN,PIEN46,21.0,NA,NA,NA,dead
1,PIEN,PIEN46,21.5,NA,NA,NA,dead
1,PIEN,PIEN46,22.0,NA,NA,NA,dead
1,PIEN,PIEN46,22.5,NA,NA,NA,dead
1,PIEN,PIEN46,23.0,NA,NA,NA,dead
1,PIEN,PIEN46,23.5,NA,NA,NA,dead
1,PIEN,PIEN46,24.0,NA,NA,NA,dead
1,PIEN,PIEN46,3.0,618,NA,10,alive
1,PIEN,PIEN46,3.5,NA,NA,10,alive
1,PIEN,PIEN46,4.0,593,NA,10,alive
1,PIEN,PIEN46,4.5,NA,NA,NA,alive
1,PIEN,PIEN46,5.0,563,NA,10,alive
1,PIEN,PIEN46,5.5,NA,NA,25,alive
1,PIEN,PIEN46,6.0,539,NA,10,alive
1,PIEN,PIEN46,6.5,NA,NA,25,alive
1,PIEN,PIEN46,7.0,508,NA,25,alive
1,PIEN,PIEN46,7.5,NA,NA,25,alive
1,PIEN,PIEN46,8.0,459,NA,25,alive
1,PIEN,PIEN46,8.5,NA,NA,25,alive
1,PIEN,PIEN46,9.0,428,NA,25,alive
1,PIEN,PIEN46,9.5,NA,NA,25,alive
1,PIEN,PIEN47,1.0,658,NA,10,alive
1,PIEN,PIEN47,1.5,NA,NA,10,alive
1,PIEN,PIEN47,10.0,403,NA,10,alive
1,PIEN,PIEN47,10.5,NA,NA,10,alive
1,PIEN,PIEN47,11.0,384,NA,10,alive
1,PIEN,PIEN47,11.5,NA,NA,10,alive
1,PIEN,PIEN47,12.0,370,NA,10,alive
1,PIEN,PIEN47,12.5,NA,NA,10,alive
1,PIEN,PIEN47,13.0,NA,NA,NA,alive
1,PIEN,PIEN47,13.5,NA,NA,10,alive
1,PIEN,PIEN47,14.0,NA,NA,10,alive
1,PIEN,PIEN47,14.5,NA,NA,10,alive
1,PIEN,PIEN47,15.0,340,NA,10,alive
1,PIEN,PIEN47,15.5,NA,NA,10,alive
1,PIEN,PIEN47,16.0,332,NA,10,alive
1,PIEN,PIEN47,16.5,NA,NA,10,alive
1,PIEN,PIEN47,17.0,322,NA,10,alive
1,PIEN,PIEN47,17.5,NA,NA,10,alive
1,PIEN,PIEN47,18.0,316,NA,10,alive
1,PIEN,PIEN47,18.5,NA,NA,25,dead
1,PIEN,PIEN47,19.0,303,NA,25,dead
1,PIEN,PIEN47,19.5,NA,NA,75,dead
1,PIEN,PIEN47,2.0,635,NA,10,alive
1,PIEN,PIEN47,2.5,NA,NA,10,alive
1,PIEN,PIEN47,20.0,299,NA,75,dead
1,PIEN,PIEN47,20.5,NA,NA,90,dead
1,PIEN,PIEN47,21.0,298,NA,90,dead
1,PIEN,PIEN47,21.5,NA,NA,NA,dead
1,PIEN,PIEN47,22.0,NA,NA,NA,dead
1,PIEN,PIEN47,22.5,NA,NA,NA,dead
1,PIEN,PIEN47,23.0,NA,NA,NA,dead
1,PIEN,PIEN47,23.5,NA,NA,NA,dead
1,PIEN,PIEN47,24.0,NA,NA,NA,dead
1,PIEN,PIEN47,3.0,601,NA,10,alive
1,PIEN,PIEN47,3.5,NA,NA,10,alive
1,PIEN,PIEN47,4.0,578,NA,10,alive
1,PIEN,PIEN47,4.5,NA,NA,NA,alive
1,PIEN,PIEN47,5.0,555,NA,10,alive
1,PIEN,PIEN47,5.5,NA,NA,10,alive
1,PIEN,PIEN47,6.0,532,NA,10,alive
1,PIEN,PIEN47,6.5,NA,NA,10,alive
1,PIEN,PIEN47,7.0,500,NA,10,alive
1,PIEN,PIEN47,7.5,NA,NA,10,alive
1,PIEN,PIEN47,8.0,457,NA,10,alive
1,PIEN,PIEN47,8.5,NA,NA,10,alive
1,PIEN,PIEN47,9.0,425,NA,10,alive
1,PIEN,PIEN47,9.5,NA,NA,10,alive
1,PIEN,PIEN48,1.0,683,NA,10,alive
1,PIEN,PIEN48,1.5,NA,NA,10,alive
1,PIEN,PIEN48,10.0,398,NA,10,alive
1,PIEN,PIEN48,10.5,NA,NA,10,alive
1,PIEN,PIEN48,11.0,378,NA,10,alive
1,PIEN,PIEN48,11.5,NA,NA,10,alive
1,PIEN,PIEN48,12.0,364,NA,10,alive
1,PIEN,PIEN48,12.5,NA,NA,10,alive
1,PIEN,PIEN48,13.0,NA,NA,NA,alive
1,PIEN,PIEN48,13.5,NA,NA,10,alive
1,PIEN,PIEN48,14.0,348,NA,10,alive
1,PIEN,PIEN48,14.5,NA,NA,10,alive
1,PIEN,PIEN48,15.0,340,NA,10,alive
1,PIEN,PIEN48,15.5,NA,NA,10,alive
1,PIEN,PIEN48,16.0,335,NA,10,alive
1,PIEN,PIEN48,16.5,NA,NA,10,alive
1,PIEN,PIEN48,17.0,328,NA,25,alive
1,PIEN,PIEN48,17.5,NA,NA,25,alive
1,PIEN,PIEN48,18.0,324,NA,50,dead
1,PIEN,PIEN48,18.5,NA,NA,50,dead
1,PIEN,PIEN48,19.0,317,NA,75,dead
1,PIEN,PIEN48,19.5,NA,NA,90,dead
1,PIEN,PIEN48,2.0,661,NA,10,alive
1,PIEN,PIEN48,2.5,NA,NA,10,alive
1,PIEN,PIEN48,20.0,313,NA,90,dead
1,PIEN,PIEN48,20.5,NA,NA,NA,dead
1,PIEN,PIEN48,21.0,NA,NA,NA,dead
1,PIEN,PIEN48,21.5,NA,NA,NA,dead
1,PIEN,PIEN48,22.0,NA,NA,NA,dead
1,PIEN,PIEN48,22.5,NA,NA,NA,dead
1,PIEN,PIEN48,23.0,NA,NA,NA,dead
1,PIEN,PIEN48,23.5,NA,NA,NA,dead
1,PIEN,PIEN48,24.0,NA,NA,NA,dead
1,PIEN,PIEN48,3.0,625,NA,10,alive
1,PIEN,PIEN48,3.5,NA,NA,10,alive
1,PIEN,PIEN48,4.0,600,NA,10,alive
1,PIEN,PIEN48,4.5,NA,NA,NA,alive
1,PIEN,PIEN48,5.0,567,NA,10,alive
1,PIEN,PIEN48,5.5,NA,NA,10,alive
1,PIEN,PIEN48,6.0,539,NA,10,alive
1,PIEN,PIEN48,6.5,NA,NA,10,alive
1,PIEN,PIEN48,7.0,498,NA,10,alive
1,PIEN,PIEN48,7.5,NA,NA,10,alive
1,PIEN,PIEN48,8.0,446,NA,10,alive
1,PIEN,PIEN48,8.5,NA,NA,10,alive
1,PIEN,PIEN48,9.0,417,NA,10,alive
1,PIEN,PIEN48,9.5,NA,NA,10,alive
1,PIEN,PIEN49,1.0,841,NA,10,alive
1,PIEN,PIEN49,1.5,NA,NA,10,alive
1,PIEN,PIEN49,10.0,592,NA,10,alive
1,PIEN,PIEN49,10.5,NA,NA,10,alive
1,PIEN,PIEN49,11.0,561,NA,10,alive
1,PIEN,PIEN49,11.5,NA,NA,10,alive
1,PIEN,PIEN49,12.0,541,NA,10,alive
1,PIEN,PIEN49,12.5,NA,NA,10,alive
1,PIEN,PIEN49,13.0,NA,NA,NA,alive
1,PIEN,PIEN49,13.5,NA,NA,10,alive
1,PIEN,PIEN49,14.0,515,NA,10,alive
1,PIEN,PIEN49,14.5,NA,NA,10,alive
1,PIEN,PIEN49,15.0,502,NA,10,alive
1,PIEN,PIEN49,15.5,NA,NA,10,alive
1,PIEN,PIEN49,16.0,489,NA,10,alive
1,PIEN,PIEN49,16.5,NA,NA,10,alive
1,PIEN,PIEN49,17.0,479,NA,10,alive
1,PIEN,PIEN49,17.5,NA,NA,10,alive
1,PIEN,PIEN49,18.0,471,NA,10,alive
1,PIEN,PIEN49,18.5,NA,NA,10,alive
1,PIEN,PIEN49,19.0,460,NA,10,alive
1,PIEN,PIEN49,19.5,NA,NA,10,alive
1,PIEN,PIEN49,2.0,826,NA,10,alive
1,PIEN,PIEN49,2.5,NA,NA,10,alive
1,PIEN,PIEN49,20.0,453,NA,10,alive
1,PIEN,PIEN49,20.5,NA,NA,10,alive
1,PIEN,PIEN49,21.0,446,NA,10,alive
1,PIEN,PIEN49,21.5,NA,NA,10,alive
1,PIEN,PIEN49,22.0,443,NA,10,alive
1,PIEN,PIEN49,22.5,NA,NA,50,dead
1,PIEN,PIEN49,23.0,437,NA,50,dead
1,PIEN,PIEN49,23.5,NA,NA,NA,dead
1,PIEN,PIEN49,24.0,432,NA,75,dead
1,PIEN,PIEN49,3.0,799,NA,10,alive
1,PIEN,PIEN49,3.5,NA,NA,10,alive
1,PIEN,PIEN49,4.0,778,NA,10,alive
1,PIEN,PIEN49,4.5,NA,NA,NA,alive
1,PIEN,PIEN49,5.0,754,NA,10,alive
1,PIEN,PIEN49,5.5,NA,NA,10,alive
1,PIEN,PIEN49,6.0,733,NA,10,alive
1,PIEN,PIEN49,6.5,NA,NA,10,alive
1,PIEN,PIEN49,7.0,705,NA,10,alive
1,PIEN,PIEN49,7.5,NA,NA,10,alive
1,PIEN,PIEN49,8.0,661,NA,10,alive
1,PIEN,PIEN49,8.5,NA,NA,10,alive
1,PIEN,PIEN49,9.0,624,NA,10,alive
1,PIEN,PIEN49,9.5,NA,NA,10,alive
1,PIEN,PIEN50,1.0,619,NA,10,alive
1,PIEN,PIEN50,1.5,NA,NA,10,alive
1,PIEN,PIEN50,10.0,416,NA,10,alive
1,PIEN,PIEN50,10.5,NA,NA,10,alive
1,PIEN,PIEN50,11.0,396,NA,10,alive
1,PIEN,PIEN50,11.5,NA,NA,10,alive
1,PIEN,PIEN50,12.0,382,NA,10,alive
1,PIEN,PIEN50,12.5,NA,NA,10,alive
1,PIEN,PIEN50,13.0,NA,NA,NA,alive
1,PIEN,PIEN50,13.5,NA,NA,10,alive
1,PIEN,PIEN50,14.0,361,NA,10,alive
1,PIEN,PIEN50,14.5,NA,NA,10,alive
1,PIEN,PIEN50,15.0,352,NA,10,alive
1,PIEN,PIEN50,15.5,NA,NA,10,alive
1,PIEN,PIEN50,16.0,342,NA,10,alive
1,PIEN,PIEN50,16.5,NA,NA,10,alive
1,PIEN,PIEN50,17.0,334,NA,10,alive
1,PIEN,PIEN50,17.5,NA,NA,10,alive
1,PIEN,PIEN50,18.0,327,NA,10,alive
1,PIEN,PIEN50,18.5,NA,NA,10,alive
1,PIEN,PIEN50,19.0,318,NA,10,alive
1,PIEN,PIEN50,19.5,NA,NA,10,alive
1,PIEN,PIEN50,2.0,604,NA,10,alive
1,PIEN,PIEN50,2.5,NA,NA,10,alive
1,PIEN,PIEN50,20.0,311,NA,10,alive
1,PIEN,PIEN50,20.5,NA,NA,10,alive
1,PIEN,PIEN50,21.0,446,NA,10,alive
1,PIEN,PIEN50,21.5,NA,NA,25,dead
1,PIEN,PIEN50,22.0,297,NA,25,dead
1,PIEN,PIEN50,22.5,NA,NA,75,dead
1,PIEN,PIEN50,23.0,293,NA,90,dead
1,PIEN,PIEN50,23.5,NA,NA,NA,dead
1,PIEN,PIEN50,24.0,291,NA,90,dead
1,PIEN,PIEN50,3.0,582,NA,10,alive
1,PIEN,PIEN50,3.5,NA,NA,10,alive
1,PIEN,PIEN50,4.0,567,NA,10,alive
1,PIEN,PIEN50,4.5,NA,NA,NA,alive
1,PIEN,PIEN50,5.0,551,NA,10,alive
1,PIEN,PIEN50,5.5,NA,NA,10,alive
1,PIEN,PIEN50,6.0,528,NA,10,alive
1,PIEN,PIEN50,6.5,NA,NA,10,alive
1,PIEN,PIEN50,7.0,504,NA,10,alive
1,PIEN,PIEN50,7.5,NA,NA,10,alive
1,PIEN,PIEN50,8.0,469,NA,10,alive
1,PIEN,PIEN50,8.5,NA,NA,10,alive
1,PIEN,PIEN50,9.0,440,NA,10,alive
1,PIEN,PIEN50,9.5,NA,NA,10,alive
2,PIEN,PIEN100,1,689,NA,10,alive
2,PIEN,PIEN100,10,534,NA,10,alive
2,PIEN,PIEN100,11,527,NA,10,alive
2,PIEN,PIEN100,12,517,NA,10,alive
2,PIEN,PIEN100,13,503,NA,10,alive
2,PIEN,PIEN100,14,491,NA,10,alive
2,PIEN,PIEN100,15,473,NA,10,alive
2,PIEN,PIEN100,16,457,NA,10,alive
2,PIEN,PIEN100,17,443,NA,25,alive
2,PIEN,PIEN100,18,426,NA,25,alive
2,PIEN,PIEN100,19,413,NA,25,alive
2,PIEN,PIEN100,2,655,NA,10,alive
2,PIEN,PIEN100,20,397,NA,25,alive
2,PIEN,PIEN100,21,388,NA,50,alive
2,PIEN,PIEN100,22,383,NA,75,dead
2,PIEN,PIEN100,23,NA,NA,90,dead
2,PIEN,PIEN100,24,NA,NA,90,dead
2,PIEN,PIEN100,25,NA,NA,90,dead
2,PIEN,PIEN100,26,NA,NA,90,dead
2,PIEN,PIEN100,27,NA,NA,90,dead
2,PIEN,PIEN100,28,NA,NA,90,dead
2,PIEN,PIEN100,3,634,NA,25,alive
2,PIEN,PIEN100,4,618,NA,10,alive
2,PIEN,PIEN100,5,595,NA,10,alive
2,PIEN,PIEN100,6,577,NA,10,alive
2,PIEN,PIEN100,7,567,NA,10,alive
2,PIEN,PIEN100,8,552,NA,10,alive
2,PIEN,PIEN100,9,542,NA,10,alive
2,PIEN,PIEN51,1,802,NA,10,alive
2,PIEN,PIEN51,10,741,NA,10,alive
2,PIEN,PIEN51,11,770,NA,10,alive
2,PIEN,PIEN51,12,756,NA,10,alive
2,PIEN,PIEN51,13,759,NA,10,alive
2,PIEN,PIEN51,14,743,NA,10,alive
2,PIEN,PIEN51,15,755,NA,10,alive
2,PIEN,PIEN51,16,721,NA,10,alive
2,PIEN,PIEN51,17,747,NA,10,alive
2,PIEN,PIEN51,18,690,NA,10,alive
2,PIEN,PIEN51,19,706,NA,25,alive
2,PIEN,PIEN51,2,825,NA,10,alive
2,PIEN,PIEN51,20,634,NA,25,alive
2,PIEN,PIEN51,21,631,NA,25,alive
2,PIEN,PIEN51,22,575,NA,25,alive
2,PIEN,PIEN51,23,616,NA,25,alive
2,PIEN,PIEN51,24,556,NA,25,alive
2,PIEN,PIEN51,25,589,NA,25,alive
2,PIEN,PIEN51,26,NA,NA,25,alive
2,PIEN,PIEN51,27,NA,NA,25,alive
2,PIEN,PIEN51,28,NA,NA,25,alive
2,PIEN,PIEN51,3,799,NA,10,alive
2,PIEN,PIEN51,4,777,NA,10,alive
2,PIEN,PIEN51,5,791,NA,10,alive
2,PIEN,PIEN51,6,775,NA,10,alive
2,PIEN,PIEN51,7,801,NA,10,alive
2,PIEN,PIEN51,8,668,NA,10,alive
2,PIEN,PIEN51,9,752,NA,10,alive
2,PIEN,PIEN52,1,756,NA,10,alive
2,PIEN,PIEN52,10,740,NA,25,alive
2,PIEN,PIEN52,11,781,NA,25,alive
2,PIEN,PIEN52,12,769,NA,25,alive
2,PIEN,PIEN52,13,780,NA,25,alive
2,PIEN,PIEN52,14,764,NA,25,alive
2,PIEN,PIEN52,15,776,NA,25,alive
2,PIEN,PIEN52,16,738,NA,25,alive
2,PIEN,PIEN52,17,739,NA,25,alive
2,PIEN,PIEN52,18,661,NA,25,alive
2,PIEN,PIEN52,19,699,NA,25,alive
2,PIEN,PIEN52,2,785,NA,10,alive
2,PIEN,PIEN52,20,614,NA,25,alive
2,PIEN,PIEN52,21,623,NA,25,alive
2,PIEN,PIEN52,22,546,NA,25,alive
2,PIEN,PIEN52,23,603,NA,25,alive
2,PIEN,PIEN52,24,541,NA,25,alive
2,PIEN,PIEN52,25,537,NA,25,alive
2,PIEN,PIEN52,26,NA,NA,25,alive
2,PIEN,PIEN52,27,NA,NA,25,alive
2,PIEN,PIEN52,28,NA,NA,25,alive
2,PIEN,PIEN52,3,757,NA,10,alive
2,PIEN,PIEN52,4,736,NA,10,alive
2,PIEN,PIEN52,5,760,NA,25,alive
2,PIEN,PIEN52,6,740,NA,25,alive
2,PIEN,PIEN52,7,779,NA,25,alive
2,PIEN,PIEN52,8,658,NA,25,alive
2,PIEN,PIEN52,9,752,NA,25,alive
2,PIEN,PIEN53,1,705,99.3,10,alive
2,PIEN,PIEN53,10,641,153.7,10,alive
2,PIEN,PIEN53,11,669,179.2,10,alive
2,PIEN,PIEN53,12,658,119.9,10,alive
2,PIEN,PIEN53,13,686,133.5,10,alive
2,PIEN,PIEN53,14,678,106.3,10,alive
2,PIEN,PIEN53,15,694,142.3,10,alive
2,PIEN,PIEN53,16,673,107.3,10,alive
2,PIEN,PIEN53,17,686,129.7,10,alive
2,PIEN,PIEN53,18,646,72.6,10,alive
2,PIEN,PIEN53,19,676,102.1,10,alive
2,PIEN,PIEN53,2,726,145.3,10,alive
2,PIEN,PIEN53,20,625,93.7,10,alive
2,PIEN,PIEN53,21,637,84.2,10,alive
2,PIEN,PIEN53,22,584,106.9,10,alive
2,PIEN,PIEN53,23,599,69.3,25,alive
2,PIEN,PIEN53,24,554,96.1,25,alive
2,PIEN,PIEN53,25,566,NA,25,alive
2,PIEN,PIEN53,26,NA,NA,25,alive
2,PIEN,PIEN53,27,NA,NA,25,alive
2,PIEN,PIEN53,28,NA,NA,25,alive
2,PIEN,PIEN53,3,707,139.1,10,alive
2,PIEN,PIEN53,4,689,78.6,10,alive
2,PIEN,PIEN53,5,706,162.8,10,alive
2,PIEN,PIEN53,6,687,138.1,10,alive
2,PIEN,PIEN53,7,714,120.2,10,alive
2,PIEN,PIEN53,8,609,112.9,10,alive
2,PIEN,PIEN53,9,653,196.2,10,alive
2,PIEN,PIEN54,1,786,57.6,10,alive
2,PIEN,PIEN54,10,682,120.5,50,alive
2,PIEN,PIEN54,11,755,132.6,50,alive
2,PIEN,PIEN54,12,730,128.9,50,alive
2,PIEN,PIEN54,13,751,72,50,alive
2,PIEN,PIEN54,14,730,96.1,50,alive
2,PIEN,PIEN54,15,750,120.8,50,alive
2,PIEN,PIEN54,16,708,93.2,50,alive
2,PIEN,PIEN54,17,715,106.4,50,alive
2,PIEN,PIEN54,18,647,83.1,50,alive
2,PIEN,PIEN54,19,735,92.4,75,alive
2,PIEN,PIEN54,2,783,119.7,10,alive
2,PIEN,PIEN54,20,654,108.3,75,alive
2,PIEN,PIEN54,21,646,75,75,alive
2,PIEN,PIEN54,22,574,68.3,75,alive
2,PIEN,PIEN54,23,651,74.9,75,alive
2,PIEN,PIEN54,24,590,67.7,75,alive
2,PIEN,PIEN54,25,615,NA,75,alive
2,PIEN,PIEN54,26,NA,NA,75,alive
2,PIEN,PIEN54,27,NA,NA,75,alive
2,PIEN,PIEN54,28,NA,NA,75,alive
2,PIEN,PIEN54,3,744,149.5,10,alive
2,PIEN,PIEN54,4,711,132.3,10,alive
2,PIEN,PIEN54,5,711,108.7,25,alive
2,PIEN,PIEN54,6,684,83.3,50,alive
2,PIEN,PIEN54,7,728,98.1,50,alive
2,PIEN,PIEN54,8,579,98.3,50,alive
2,PIEN,PIEN54,9,700,94,50,alive
2,PIEN,PIEN55,1,718,112.7,10,alive
2,PIEN,PIEN55,10,649,132.2,10,alive
2,PIEN,PIEN55,11,715,94.4,10,alive
2,PIEN,PIEN55,12,706,126.1,10,alive
2,PIEN,PIEN55,13,722,63.2,10,alive
2,PIEN,PIEN55,14,708,89.4,10,alive
2,PIEN,PIEN55,15,730,95.1,10,alive
2,PIEN,PIEN55,16,701,96,10,alive
2,PIEN,PIEN55,17,723,118.1,10,alive
2,PIEN,PIEN55,18,669,82.5,10,alive
2,PIEN,PIEN55,19,692,86.7,10,alive
2,PIEN,PIEN55,2,740,110.5,10,alive
2,PIEN,PIEN55,20,623,110.5,10,alive
2,PIEN,PIEN55,21,616,87.6,10,alive
2,PIEN,PIEN55,22,555,99.7,10,alive
2,PIEN,PIEN55,23,591,75.4,10,alive
2,PIEN,PIEN55,24,528,102.6,10,alive
2,PIEN,PIEN55,25,550,NA,10,alive
2,PIEN,PIEN55,26,NA,NA,10,alive
2,PIEN,PIEN55,27,NA,NA,10,alive
2,PIEN,PIEN55,28,NA,NA,10,alive
2,PIEN,PIEN55,3,705,121.8,10,alive
2,PIEN,PIEN55,4,672,134.5,10,alive
2,PIEN,PIEN55,5,712,111.8,10,alive
2,PIEN,PIEN55,6,693,64.4,10,alive
2,PIEN,PIEN55,7,733,92.4,10,alive
2,PIEN,PIEN55,8,604,90.3,10,alive
2,PIEN,PIEN55,9,660,120.8,10,alive
2,PIEN,PIEN56,1,744,71.5,10,alive
2,PIEN,PIEN56,10,556,73.2,10,alive
2,PIEN,PIEN56,11,550,76.4,10,alive
2,PIEN,PIEN56,12,542,59.1,10,alive
2,PIEN,PIEN56,13,529,55.3,10,alive
2,PIEN,PIEN56,14,519,55.5,10,alive
2,PIEN,PIEN56,15,507,97.7,10,alive
2,PIEN,PIEN56,16,494,69.1,10,alive
2,PIEN,PIEN56,17,480,98.1,10,alive
2,PIEN,PIEN56,18,459,70.9,10,alive
2,PIEN,PIEN56,19,442,57.8,10,alive
2,PIEN,PIEN56,2,736,77.2,10,alive
2,PIEN,PIEN56,20,426,68.5,10,alive
2,PIEN,PIEN56,21,412,49.4,10,alive
2,PIEN,PIEN56,22,404,51.1,10,alive
2,PIEN,PIEN56,23,395,36.1,25,alive
2,PIEN,PIEN56,24,395,NA,90,dead
2,PIEN,PIEN56,25,NA,NA,90,dead
2,PIEN,PIEN56,26,NA,NA,90,dead
2,PIEN,PIEN56,27,NA,NA,90,dead
2,PIEN,PIEN56,28,NA,NA,90,dead
2,PIEN,PIEN56,3,727,115,10,alive
2,PIEN,PIEN56,4,712,121.8,10,alive
2,PIEN,PIEN56,5,696,107.2,10,alive
2,PIEN,PIEN56,6,684,51.1,10,alive
2,PIEN,PIEN56,7,677,54,10,alive
2,PIEN,PIEN56,8,576,59.9,10,alive
2,PIEN,PIEN56,9,566,83,10,alive
2,PIEN,PIEN57,1,809,72.1,10,alive
2,PIEN,PIEN57,10,526,83.2,50,alive
2,PIEN,PIEN57,11,514,77.4,50,alive
2,PIEN,PIEN57,12,504,91.1,50,alive
2,PIEN,PIEN57,13,492,47.1,50,alive
2,PIEN,PIEN57,14,490,59.3,50,alive
2,PIEN,PIEN57,15,485,65.2,50,alive
2,PIEN,PIEN57,16,478,57.2,50,alive
2,PIEN,PIEN57,17,473,81.2,50,alive
2,PIEN,PIEN57,18,465,52.1,50,alive
2,PIEN,PIEN57,19,457,55,75,alive
2,PIEN,PIEN57,2,777,70.5,25,alive
2,PIEN,PIEN57,20,448,NA,75,dead
2,PIEN,PIEN57,21,NA,NA,75,dead
2,PIEN,PIEN57,22,NA,NA,90,dead
2,PIEN,PIEN57,23,NA,NA,90,dead
2,PIEN,PIEN57,24,NA,NA,90,dead
2,PIEN,PIEN57,25,NA,NA,90,dead
2,PIEN,PIEN57,26,NA,NA,90,dead
2,PIEN,PIEN57,27,NA,NA,90,dead
2,PIEN,PIEN57,28,NA,NA,90,dead
2,PIEN,PIEN57,3,755,94.1,10,alive
2,PIEN,PIEN57,4,736,96.1,50,alive
2,PIEN,PIEN57,5,711,104.2,50,alive
2,PIEN,PIEN57,6,693,76.3,50,alive
2,PIEN,PIEN57,7,682,100.8,50,alive
2,PIEN,PIEN57,8,553,64.4,50,alive
2,PIEN,PIEN57,9,540,124.9,50,alive
2,PIEN,PIEN58,1,706,94.9,10,alive
2,PIEN,PIEN58,10,439,71.2,10,alive
2,PIEN,PIEN58,11,436,86.3,10,alive
2,PIEN,PIEN58,12,433,74.2,10,alive
2,PIEN,PIEN58,13,429,46.7,10,alive
2,PIEN,PIEN58,14,426,60.6,25,alive
2,PIEN,PIEN58,15,422,72.5,50,alive
2,PIEN,PIEN58,16,415,60.2,50,alive
2,PIEN,PIEN58,17,412,79.6,50,alive
2,PIEN,PIEN58,18,405,50.2,50,alive
2,PIEN,PIEN58,19,399,52.6,50,alive
2,PIEN,PIEN58,2,663,131.7,10,alive
2,PIEN,PIEN58,20,389,NA,90,dead
2,PIEN,PIEN58,21,NA,NA,90,dead
2,PIEN,PIEN58,22,NA,NA,90,dead
2,PIEN,PIEN58,23,NA,NA,90,dead
2,PIEN,PIEN58,24,NA,NA,90,dead
2,PIEN,PIEN58,25,NA,NA,90,dead
2,PIEN,PIEN58,26,NA,NA,90,dead
2,PIEN,PIEN58,27,NA,NA,90,dead
2,PIEN,PIEN58,28,NA,NA,90,dead
2,PIEN,PIEN58,3,635,109.6,10,alive
2,PIEN,PIEN58,4,605,117.6,10,alive
2,PIEN,PIEN58,5,579,123,10,alive
2,PIEN,PIEN58,6,557,84.6,10,alive
2,PIEN,PIEN58,7,541,98.7,10,alive
2,PIEN,PIEN58,8,450,81,10,alive
2,PIEN,PIEN58,9,443,97.9,10,alive
2,PIEN,PIEN59,1,698,79.3,10,alive
2,PIEN,PIEN59,10,469,125.2,50,alive
2,PIEN,PIEN59,11,459,101.1,50,alive
2,PIEN,PIEN59,12,450,91.8,50,alive
2,PIEN,PIEN59,13,437,56.2,50,alive
2,PIEN,PIEN59,14,431,96.1,50,alive
2,PIEN,PIEN59,15,425,81.7,50,alive
2,PIEN,PIEN59,16,417,66.9,50,alive
2,PIEN,PIEN59,17,413,74.7,50,alive
2,PIEN,PIEN59,18,407,46.5,50,alive
2,PIEN,PIEN59,19,400,55.7,50,alive
2,PIEN,PIEN59,2,668,106.8,10,alive
2,PIEN,PIEN59,20,391,NA,75,dead
2,PIEN,PIEN59,21,NA,NA,90,dead
2,PIEN,PIEN59,22,NA,NA,90,dead
2,PIEN,PIEN59,23,NA,NA,90,dead
2,PIEN,PIEN59,24,NA,NA,90,dead
2,PIEN,PIEN59,25,NA,NA,90,dead
2,PIEN,PIEN59,26,NA,NA,90,dead
2,PIEN,PIEN59,27,NA,NA,90,dead
2,PIEN,PIEN59,28,NA,NA,90,dead
2,PIEN,PIEN59,3,642,108.8,10,alive
2,PIEN,PIEN59,4,622,177,10,alive
2,PIEN,PIEN59,5,597,142.6,25,alive
2,PIEN,PIEN59,6,586,104.6,25,alive
2,PIEN,PIEN59,7,NA,83.5,25,alive
2,PIEN,PIEN59,8,488,88.2,50,alive
2,PIEN,PIEN59,9,477,110.8,50,alive
2,PIEN,PIEN60,1,750,45.7,10,alive
2,PIEN,PIEN60,10,477,89.2,10,alive
2,PIEN,PIEN60,11,470,81.7,10,alive
2,PIEN,PIEN60,12,463,83.2,10,alive
2,PIEN,PIEN60,13,456,56,10,alive
2,PIEN,PIEN60,14,451,59.8,10,alive
2,PIEN,PIEN60,15,446,69.1,10,alive
2,PIEN,PIEN60,16,441,59.2,10,alive
2,PIEN,PIEN60,17,436,61.6,10,alive
2,PIEN,PIEN60,18,429,44.3,10,alive
2,PIEN,PIEN60,19,424,47,25,alive
2,PIEN,PIEN60,2,708,71.7,10,alive
2,PIEN,PIEN60,20,414,NA,90,dead
2,PIEN,PIEN60,21,NA,NA,90,dead
2,PIEN,PIEN60,22,NA,NA,90,dead
2,PIEN,PIEN60,23,NA,NA,90,dead
2,PIEN,PIEN60,24,NA,NA,90,dead
2,PIEN,PIEN60,25,NA,NA,90,dead
2,PIEN,PIEN60,26,NA,NA,90,dead
2,PIEN,PIEN60,27,NA,NA,90,dead
2,PIEN,PIEN60,28,NA,NA,90,dead
2,PIEN,PIEN60,3,681,69.6,10,alive
2,PIEN,PIEN60,4,657,82.4,10,alive
2,PIEN,PIEN60,5,630,64.4,10,alive
2,PIEN,PIEN60,6,611,54.9,10,alive
2,PIEN,PIEN60,7,598,62.8,10,alive
2,PIEN,PIEN60,8,490,60,10,alive
2,PIEN,PIEN60,9,483,82,10,alive
2,PIEN,PIEN61,1,753,56.7,10,alive
2,PIEN,PIEN61,10,521,67.2,10,alive
2,PIEN,PIEN61,11,509,78.7,10,alive
2,PIEN,PIEN61,12,495,63.9,10,alive
2,PIEN,PIEN61,13,479,56.3,10,alive
2,PIEN,PIEN61,14,466,77.1,10,alive
2,PIEN,PIEN61,15,449,74.3,10,alive
2,PIEN,PIEN61,16,433,66.7,10,alive
2,PIEN,PIEN61,17,423,74.7,10,alive
2,PIEN,PIEN61,18,412,49.5,10,alive
2,PIEN,PIEN61,19,404,44.3,10,alive
2,PIEN,PIEN61,2,723,71.4,10,alive
2,PIEN,PIEN61,20,396,48.4,10,alive
2,PIEN,PIEN61,21,389,46.9,25,alive
2,PIEN,PIEN61,22,380,47.9,75,alive
2,PIEN,PIEN61,23,412,NA,90,dead
2,PIEN,PIEN61,24,NA,NA,90,dead
2,PIEN,PIEN61,25,NA,NA,90,dead
2,PIEN,PIEN61,26,NA,NA,90,dead
2,PIEN,PIEN61,27,NA,NA,90,dead
2,PIEN,PIEN61,28,NA,NA,90,dead
2,PIEN,PIEN61,3,703,93.9,10,alive
2,PIEN,PIEN61,4,679,72.2,10,alive
2,PIEN,PIEN61,5,644,74.4,10,alive
2,PIEN,PIEN61,6,623,51.6,10,alive
2,PIEN,PIEN61,7,612,72.3,10,alive
2,PIEN,PIEN61,8,545,52.5,10,alive
2,PIEN,PIEN61,9,532,75.6,10,alive
2,PIEN,PIEN62,1,677,68.2,10,alive
2,PIEN,PIEN62,10,510,86.9,10,alive
2,PIEN,PIEN62,11,504,99.4,10,alive
2,PIEN,PIEN62,12,501,85,10,alive
2,PIEN,PIEN62,13,492,61.4,10,alive
2,PIEN,PIEN62,14,481,87.2,10,alive
2,PIEN,PIEN62,15,469,116.5,10,alive
2,PIEN,PIEN62,16,458,82.4,10,alive
2,PIEN,PIEN62,17,448,93.1,10,alive
2,PIEN,PIEN62,18,431,61.1,10,alive
2,PIEN,PIEN62,19,427,67.8,10,alive
2,PIEN,PIEN62,2,668,94.3,10,alive
2,PIEN,PIEN62,20,415,63.2,10,alive
2,PIEN,PIEN62,21,405,56.5,10,alive
2,PIEN,PIEN62,22,398,53.1,10,alive
2,PIEN,PIEN62,23,388,34.2,75,alive
2,PIEN,PIEN62,24,NA,NA,90,dead
2,PIEN,PIEN62,25,NA,NA,90,dead
2,PIEN,PIEN62,26,NA,NA,90,dead
2,PIEN,PIEN62,27,NA,NA,90,dead
2,PIEN,PIEN62,28,NA,NA,90,dead
2,PIEN,PIEN62,3,660,113.8,10,alive
2,PIEN,PIEN62,4,642,119.8,10,alive
2,PIEN,PIEN62,5,622,110.8,10,alive
2,PIEN,PIEN62,6,615,48,10,alive
2,PIEN,PIEN62,7,613,91,10,alive
2,PIEN,PIEN62,8,530,96.5,10,alive
2,PIEN,PIEN62,9,519,99.4,10,alive
2,PIEN,PIEN63,1,781,88.6,10,alive
2,PIEN,PIEN63,10,494,108.8,25,alive
2,PIEN,PIEN63,11,481,98.2,25,alive
2,PIEN,PIEN63,12,467,92.4,25,alive
2,PIEN,PIEN63,13,452,83.7,25,alive
2,PIEN,PIEN63,14,440,84.9,25,alive
2,PIEN,PIEN63,15,433,82.6,25,alive
2,PIEN,PIEN63,16,425,72.7,25,alive
2,PIEN,PIEN63,17,420,85.8,25,alive
2,PIEN,PIEN63,18,415,55.3,25,alive
2,PIEN,PIEN63,19,410,50,25,alive
2,PIEN,PIEN63,2,750,146.1,10,alive
2,PIEN,PIEN63,20,403,65.5,25,alive
2,PIEN,PIEN63,21,396,47.5,50,alive
2,PIEN,PIEN63,22,389,NA,75,alive
2,PIEN,PIEN63,23,384,NA,90,dead
2,PIEN,PIEN63,24,NA,NA,90,dead
2,PIEN,PIEN63,25,NA,NA,90,dead
2,PIEN,PIEN63,26,NA,NA,90,dead
2,PIEN,PIEN63,27,NA,NA,90,dead
2,PIEN,PIEN63,28,NA,NA,90,dead
2,PIEN,PIEN63,3,723,164.1,25,alive
2,PIEN,PIEN63,4,702,132,25,alive
2,PIEN,PIEN63,5,676,120.5,25,alive
2,PIEN,PIEN63,6,658,76.5,25,alive
2,PIEN,PIEN63,7,642,136.3,25,alive
2,PIEN,PIEN63,8,521,102.5,25,alive
2,PIEN,PIEN63,9,509,105.9,25,alive
2,PIEN,PIEN64,1,787,77.3,10,alive
2,PIEN,PIEN64,10,548,90.8,10,alive
2,PIEN,PIEN64,11,535,190,10,alive
2,PIEN,PIEN64,12,523,71.9,10,alive
2,PIEN,PIEN64,13,510,51.9,10,alive
2,PIEN,PIEN64,14,501,65.2,10,alive
2,PIEN,PIEN64,15,492,87.2,10,alive
2,PIEN,PIEN64,16,481,65.5,10,alive
2,PIEN,PIEN64,17,473,85.9,10,alive
2,PIEN,PIEN64,18,465,56.7,10,alive
2,PIEN,PIEN64,19,457,40.9,10,alive
2,PIEN,PIEN64,2,760,96.4,10,alive
2,PIEN,PIEN64,20,449,57,10,alive
2,PIEN,PIEN64,21,442,46.5,25,alive
2,PIEN,PIEN64,22,436,NA,50,alive
2,PIEN,PIEN64,23,429,NA,90,dead
2,PIEN,PIEN64,24,NA,NA,90,dead
2,PIEN,PIEN64,25,NA,NA,90,dead
2,PIEN,PIEN64,26,NA,NA,90,dead
2,PIEN,PIEN64,27,NA,NA,90,dead
2,PIEN,PIEN64,28,NA,NA,90,dead
2,PIEN,PIEN64,3,734,163.8,10,alive
2,PIEN,PIEN64,4,712,113.3,10,alive
2,PIEN,PIEN64,5,689,91.2,10,alive
2,PIEN,PIEN64,6,672,106.6,10,alive
2,PIEN,PIEN64,7,659,137.7,10,alive
2,PIEN,PIEN64,8,574,66.8,10,alive
2,PIEN,PIEN64,9,561,119.9,10,alive
2,PIEN,PIEN65,1,858,146.1,10,alive
2,PIEN,PIEN65,10,606,108.6,10,alive
2,PIEN,PIEN65,11,595,90.4,10,alive
2,PIEN,PIEN65,12,584,101.2,10,alive
2,PIEN,PIEN65,13,567,95.7,10,alive
2,PIEN,PIEN65,14,551,118.1,10,alive
2,PIEN,PIEN65,15,534,105.3,10,alive
2,PIEN,PIEN65,16,518,77.4,10,alive
2,PIEN,PIEN65,17,509,72.7,10,alive
2,PIEN,PIEN65,18,500,48.9,10,alive
2,PIEN,PIEN65,19,493,48.8,10,alive
2,PIEN,PIEN65,2,821,108.2,10,alive
2,PIEN,PIEN65,20,487,64.3,10,alive
2,PIEN,PIEN65,21,480,60.3,10,alive
2,PIEN,PIEN65,22,476,41.4,10,alive
2,PIEN,PIEN65,23,470,NA,90,dead
2,PIEN,PIEN65,24,467,NA,90,dead
2,PIEN,PIEN65,25,NA,NA,90,dead
2,PIEN,PIEN65,26,NA,NA,90,dead
2,PIEN,PIEN65,27,NA,NA,90,dead
2,PIEN,PIEN65,28,NA,NA,90,dead
2,PIEN,PIEN65,3,796,228,10,alive
2,PIEN,PIEN65,4,786,152.4,10,alive
2,PIEN,PIEN65,5,753,126.5,10,alive
2,PIEN,PIEN65,6,736,48.5,10,alive
2,PIEN,PIEN65,7,728,68.5,10,alive
2,PIEN,PIEN65,8,639,80.8,10,alive
2,PIEN,PIEN65,9,622,82.2,10,alive
2,PIEN,PIEN66,1,653,NA,10,alive
2,PIEN,PIEN66,10,395,NA,50,alive
2,PIEN,PIEN66,11,387,NA,50,alive
2,PIEN,PIEN66,12,379,NA,50,alive
2,PIEN,PIEN66,13,371,NA,50,alive
2,PIEN,PIEN66,14,365,NA,50,alive
2,PIEN,PIEN66,15,360,NA,50,alive
2,PIEN,PIEN66,16,354,NA,50,alive
2,PIEN,PIEN66,17,351,NA,50,alive
2,PIEN,PIEN66,18,346,NA,50,alive
2,PIEN,PIEN66,19,340,NA,50,alive
2,PIEN,PIEN66,2,617,NA,10,alive
2,PIEN,PIEN66,20,332,NA,75,dead
2,PIEN,PIEN66,21,NA,NA,90,dead
2,PIEN,PIEN66,22,NA,NA,90,dead
2,PIEN,PIEN66,23,NA,NA,90,dead
2,PIEN,PIEN66,24,NA,NA,90,dead
2,PIEN,PIEN66,25,NA,NA,90,dead
2,PIEN,PIEN66,26,NA,NA,90,dead
2,PIEN,PIEN66,27,NA,NA,90,dead
2,PIEN,PIEN66,28,NA,NA,90,dead
2,PIEN,PIEN66,3,588,NA,10,alive
2,PIEN,PIEN66,4,559,NA,50,alive
2,PIEN,PIEN66,5,527,NA,50,alive
2,PIEN,PIEN66,6,506,NA,50,alive
2,PIEN,PIEN66,7,495,NA,50,alive
2,PIEN,PIEN66,8,409,NA,50,alive
2,PIEN,PIEN66,9,402,NA,50,alive
2,PIEN,PIEN67,1,641,NA,10,alive
2,PIEN,PIEN67,10,359,NA,10,alive
2,PIEN,PIEN67,11,355,NA,10,alive
2,PIEN,PIEN67,12,352,NA,10,alive
2,PIEN,PIEN67,13,349,NA,10,alive
2,PIEN,PIEN67,14,346,NA,10,alive
2,PIEN,PIEN67,15,343,NA,10,alive
2,PIEN,PIEN67,16,338,NA,10,alive
2,PIEN,PIEN67,17,335,NA,10,alive
2,PIEN,PIEN67,18,330,NA,10,alive
2,PIEN,PIEN67,19,324,NA,90,dead
2,PIEN,PIEN67,2,588,NA,10,alive
2,PIEN,PIEN67,20,NA,NA,90,dead
2,PIEN,PIEN67,21,NA,NA,90,dead
2,PIEN,PIEN67,22,NA,NA,90,dead
2,PIEN,PIEN67,23,NA,NA,90,dead
2,PIEN,PIEN67,24,NA,NA,90,dead
2,PIEN,PIEN67,25,NA,NA,90,dead
2,PIEN,PIEN67,26,NA,NA,90,dead
2,PIEN,PIEN67,27,NA,NA,90,dead
2,PIEN,PIEN67,28,NA,NA,90,dead
2,PIEN,PIEN67,3,554,NA,10,alive
2,PIEN,PIEN67,4,526,NA,10,alive
2,PIEN,PIEN67,5,494,NA,10,alive
2,PIEN,PIEN67,6,473,NA,10,alive
2,PIEN,PIEN67,7,462,NA,10,alive
2,PIEN,PIEN67,8,371,NA,10,alive
2,PIEN,PIEN67,9,363,NA,10,alive
2,PIEN,PIEN68,1,644,NA,10,alive
2,PIEN,PIEN68,10,421,NA,25,alive
2,PIEN,PIEN68,11,414,NA,25,alive
2,PIEN,PIEN68,12,408,NA,25,alive
2,PIEN,PIEN68,13,402,NA,25,alive
2,PIEN,PIEN68,14,398,NA,25,alive
2,PIEN,PIEN68,15,393,NA,25,alive
2,PIEN,PIEN68,16,388,NA,25,alive
2,PIEN,PIEN68,17,385,NA,25,alive
2,PIEN,PIEN68,18,381,NA,25,alive
2,PIEN,PIEN68,19,376,NA,25,alive
2,PIEN,PIEN68,2,606,NA,10,alive
2,PIEN,PIEN68,20,367,NA,90,dead
2,PIEN,PIEN68,21,NA,NA,90,dead
2,PIEN,PIEN68,22,NA,NA,90,dead
2,PIEN,PIEN68,23,NA,NA,90,dead
2,PIEN,PIEN68,24,NA,NA,90,dead
2,PIEN,PIEN68,25,NA,NA,90,dead
2,PIEN,PIEN68,26,NA,NA,90,dead
2,PIEN,PIEN68,27,NA,NA,90,dead
2,PIEN,PIEN68,28,NA,NA,90,dead
2,PIEN,PIEN68,3,575,NA,10,alive
2,PIEN,PIEN68,4,554,NA,10,alive
2,PIEN,PIEN68,5,525,NA,25,alive
2,PIEN,PIEN68,6,507,NA,25,alive
2,PIEN,PIEN68,7,499,NA,25,alive
2,PIEN,PIEN68,8,435,NA,25,alive
2,PIEN,PIEN68,9,426,NA,25,alive
2,PIEN,PIEN69,1,732,NA,10,alive
2,PIEN,PIEN69,10,510,NA,10,alive
2,PIEN,PIEN69,11,500,NA,10,alive
2,PIEN,PIEN69,12,490,NA,10,alive
2,PIEN,PIEN69,13,480,NA,10,alive
2,PIEN,PIEN69,14,471,NA,10,alive
2,PIEN,PIEN69,15,462,NA,10,alive
2,PIEN,PIEN69,16,454,NA,10,alive
2,PIEN,PIEN69,17,450,NA,10,alive
2,PIEN,PIEN69,18,443,NA,10,alive
2,PIEN,PIEN69,19,437,NA,10,alive
2,PIEN,PIEN69,2,707,NA,10,alive
2,PIEN,PIEN69,20,430,NA,10,alive
2,PIEN,PIEN69,21,423,NA,25,alive
2,PIEN,PIEN69,22,417,NA,90,dead
2,PIEN,PIEN69,23,NA,NA,90,dead
2,PIEN,PIEN69,24,NA,NA,90,dead
2,PIEN,PIEN69,25,NA,NA,90,dead
2,PIEN,PIEN69,26,NA,NA,90,dead
2,PIEN,PIEN69,27,NA,NA,90,dead
2,PIEN,PIEN69,28,NA,NA,90,dead
2,PIEN,PIEN69,3,684,NA,10,alive
2,PIEN,PIEN69,4,672,NA,10,alive
2,PIEN,PIEN69,5,655,NA,10,alive
2,PIEN,PIEN69,6,646,NA,10,alive
2,PIEN,PIEN69,7,639,NA,10,alive
2,PIEN,PIEN69,8,530,NA,10,alive
2,PIEN,PIEN69,9,519,NA,10,alive
2,PIEN,PIEN70,1,706,NA,10,alive
2,PIEN,PIEN70,10,519,NA,75,alive
2,PIEN,PIEN70,11,505,NA,75,alive
2,PIEN,PIEN70,12,492,NA,75,alive
2,PIEN,PIEN70,13,478,NA,75,alive
2,PIEN,PIEN70,14,466,NA,75,alive
2,PIEN,PIEN70,15,456,NA,75,alive
2,PIEN,PIEN70,16,443,NA,75,alive
2,PIEN,PIEN70,17,433,NA,75,alive
2,PIEN,PIEN70,18,420,NA,75,alive
2,PIEN,PIEN70,19,408,NA,75,alive
2,PIEN,PIEN70,2,685,NA,25,alive
2,PIEN,PIEN70,20,394,NA,75,alive
2,PIEN,PIEN70,21,381,NA,75,alive
2,PIEN,PIEN70,22,368,NA,75,alive
2,PIEN,PIEN70,23,353,NA,90,dead
2,PIEN,PIEN70,24,350,NA,90,dead
2,PIEN,PIEN70,25,NA,NA,90,dead
2,PIEN,PIEN70,26,NA,NA,90,dead
2,PIEN,PIEN70,27,NA,NA,90,dead
2,PIEN,PIEN70,28,NA,NA,90,dead
2,PIEN,PIEN70,3,668,NA,75,alive
2,PIEN,PIEN70,4,651,NA,75,alive
2,PIEN,PIEN70,5,625,NA,75,alive
2,PIEN,PIEN70,6,609,NA,75,alive
2,PIEN,PIEN70,7,600,NA,75,alive
2,PIEN,PIEN70,8,541,NA,75,alive
2,PIEN,PIEN70,9,530,NA,75,alive
2,PIEN,PIEN71,1,703,NA,10,alive
2,PIEN,PIEN71,10,436,NA,25,alive
2,PIEN,PIEN71,11,434,NA,25,alive
2,PIEN,PIEN71,12,432,NA,25,alive
2,PIEN,PIEN71,13,427,NA,25,alive
2,PIEN,PIEN71,14,427,NA,50,alive
2,PIEN,PIEN71,15,425,NA,50,alive
2,PIEN,PIEN71,16,421,NA,50,alive
2,PIEN,PIEN71,17,418,NA,75,alive
2,PIEN,PIEN71,18,415,NA,75,dead
2,PIEN,PIEN71,19,411,NA,90,dead
2,PIEN,PIEN71,2,648,NA,10,alive
2,PIEN,PIEN71,20,NA,NA,90,dead
2,PIEN,PIEN71,21,NA,NA,90,dead
2,PIEN,PIEN71,22,NA,NA,90,dead
2,PIEN,PIEN71,23,NA,NA,90,dead
2,PIEN,PIEN71,24,NA,NA,90,dead
2,PIEN,PIEN71,25,NA,NA,90,dead
2,PIEN,PIEN71,26,NA,NA,90,dead
2,PIEN,PIEN71,27,NA,NA,90,dead
2,PIEN,PIEN71,28,NA,NA,90,dead
2,PIEN,PIEN71,3,600,NA,10,alive
2,PIEN,PIEN71,4,561,NA,25,alive
2,PIEN,PIEN71,5,518,NA,25,alive
2,PIEN,PIEN71,6,498,NA,25,alive
2,PIEN,PIEN71,7,488,NA,25,alive
2,PIEN,PIEN71,8,438,NA,25,alive
2,PIEN,PIEN71,9,436,NA,25,alive
2,PIEN,PIEN72,1,586,NA,10,alive
2,PIEN,PIEN72,10,340,NA,25,alive
2,PIEN,PIEN72,11,333,NA,25,alive
2,PIEN,PIEN72,12,327,NA,25,alive
2,PIEN,PIEN72,13,321,NA,25,alive
2,PIEN,PIEN72,14,317,NA,25,alive
2,PIEN,PIEN72,15,313,NA,25,alive
2,PIEN,PIEN72,16,307,NA,25,alive
2,PIEN,PIEN72,17,302,NA,25,alive
2,PIEN,PIEN72,18,295,NA,25,alive
2,PIEN,PIEN72,19,288,NA,90,dead
2,PIEN,PIEN72,2,537,NA,10,alive
2,PIEN,PIEN72,20,NA,NA,90,dead
2,PIEN,PIEN72,21,NA,NA,90,dead
2,PIEN,PIEN72,22,NA,NA,90,dead
2,PIEN,PIEN72,23,NA,NA,90,dead
2,PIEN,PIEN72,24,NA,NA,90,dead
2,PIEN,PIEN72,25,NA,NA,90,dead
2,PIEN,PIEN72,26,NA,NA,90,dead
2,PIEN,PIEN72,27,NA,NA,90,dead
2,PIEN,PIEN72,28,NA,NA,90,dead
2,PIEN,PIEN72,3,502,NA,10,alive
2,PIEN,PIEN72,4,473,NA,10,alive
2,PIEN,PIEN72,5,439,NA,25,alive
2,PIEN,PIEN72,6,424,NA,25,alive
2,PIEN,PIEN72,7,415,NA,25,alive
2,PIEN,PIEN72,8,351,NA,25,alive
2,PIEN,PIEN72,9,344,NA,25,alive
2,PIEN,PIEN73,1,813,NA,10,alive
2,PIEN,PIEN73,10,580,NA,10,alive
2,PIEN,PIEN73,11,571,NA,10,alive
2,PIEN,PIEN73,12,562,NA,10,alive
2,PIEN,PIEN73,13,549,NA,10,alive
2,PIEN,PIEN73,14,537,NA,10,alive
2,PIEN,PIEN73,15,526,NA,10,alive
2,PIEN,PIEN73,16,512,NA,10,alive
2,PIEN,PIEN73,17,500,NA,25,alive
2,PIEN,PIEN73,18,487,NA,25,alive
2,PIEN,PIEN73,19,474,NA,25,alive
2,PIEN,PIEN73,2,776,NA,10,alive
2,PIEN,PIEN73,20,460,NA,25,alive
2,PIEN,PIEN73,21,449,NA,25,alive
2,PIEN,PIEN73,22,443,NA,25,alive
2,PIEN,PIEN73,23,434,NA,25,alive
2,PIEN,PIEN73,24,427,NA,90,dead
2,PIEN,PIEN73,25,NA,NA,90,dead
2,PIEN,PIEN73,26,NA,NA,90,dead
2,PIEN,PIEN73,27,NA,NA,90,dead
2,PIEN,PIEN73,28,NA,NA,90,dead
2,PIEN,PIEN73,3,744,NA,10,alive
2,PIEN,PIEN73,4,720,NA,10,alive
2,PIEN,PIEN73,5,695,NA,10,alive
2,PIEN,PIEN73,6,672,NA,10,alive
2,PIEN,PIEN73,7,663,NA,10,alive
2,PIEN,PIEN73,8,602,NA,10,alive
2,PIEN,PIEN73,9,588,NA,10,alive
2,PIEN,PIEN74,1,691,NA,10,alive
2,PIEN,PIEN74,10,442,NA,10,alive
2,PIEN,PIEN74,11,432,NA,10,alive
2,PIEN,PIEN74,12,423,NA,10,alive
2,PIEN,PIEN74,13,414,NA,10,alive
2,PIEN,PIEN74,14,406,NA,10,alive
2,PIEN,PIEN74,15,400,NA,10,alive
2,PIEN,PIEN74,16,394,NA,10,alive
2,PIEN,PIEN74,17,391,NA,10,alive
2,PIEN,PIEN74,18,385,NA,10,alive
2,PIEN,PIEN74,19,379,NA,25,alive
2,PIEN,PIEN74,2,652,NA,10,alive
2,PIEN,PIEN74,20,372,NA,75,alive
2,PIEN,PIEN74,21,365,NA,100,dead
2,PIEN,PIEN74,22,NA,NA,100,dead
2,PIEN,PIEN74,23,NA,NA,100,dead
2,PIEN,PIEN74,24,NA,NA,100,dead
2,PIEN,PIEN74,25,NA,NA,100,dead
2,PIEN,PIEN74,26,NA,NA,100,dead
2,PIEN,PIEN74,27,NA,NA,100,dead
2,PIEN,PIEN74,28,NA,NA,100,dead
2,PIEN,PIEN74,3,617,NA,10,alive
2,PIEN,PIEN74,4,588,NA,10,alive
2,PIEN,PIEN74,5,560,NA,10,alive
2,PIEN,PIEN74,6,544,NA,10,alive
2,PIEN,PIEN74,7,537,NA,10,alive
2,PIEN,PIEN74,8,460,NA,10,alive
2,PIEN,PIEN74,9,450,NA,10,alive
2,PIEN,PIEN75,1,624,NA,10,alive
2,PIEN,PIEN75,10,344,NA,50,alive
2,PIEN,PIEN75,11,341,NA,50,alive
2,PIEN,PIEN75,12,339,NA,50,alive
2,PIEN,PIEN75,13,335,NA,50,alive
2,PIEN,PIEN75,14,333,NA,50,alive
2,PIEN,PIEN75,15,329,NA,75,alive
2,PIEN,PIEN75,16,323,NA,75,alive
2,PIEN,PIEN75,17,319,NA,90,dead
2,PIEN,PIEN75,18,316,NA,90,dead
2,PIEN,PIEN75,19,312,NA,100,dead
2,PIEN,PIEN75,2,574,NA,10,alive
2,PIEN,PIEN75,20,NA,NA,100,dead
2,PIEN,PIEN75,21,NA,NA,100,dead
2,PIEN,PIEN75,22,NA,NA,100,dead
2,PIEN,PIEN75,23,NA,NA,100,dead
2,PIEN,PIEN75,24,NA,NA,100,dead
2,PIEN,PIEN75,25,NA,NA,100,dead
2,PIEN,PIEN75,26,NA,NA,100,dead
2,PIEN,PIEN75,27,NA,NA,100,dead
2,PIEN,PIEN75,28,NA,NA,100,dead
2,PIEN,PIEN75,3,529,NA,10,alive
2,PIEN,PIEN75,4,493,NA,25,alive
2,PIEN,PIEN75,5,454,NA,50,alive
2,PIEN,PIEN75,6,434,NA,50,alive
2,PIEN,PIEN75,7,419,NA,50,alive
2,PIEN,PIEN75,8,348,NA,50,alive
2,PIEN,PIEN75,9,346,NA,50,alive
2,PIEN,PIEN76,1,673,NA,10,alive
2,PIEN,PIEN76,10,697,NA,10,alive
2,PIEN,PIEN76,11,716,NA,10,alive
2,PIEN,PIEN76,12,708,NA,10,alive
2,PIEN,PIEN76,13,703,NA,10,alive
2,PIEN,PIEN76,14,694,NA,10,alive
2,PIEN,PIEN76,15,707,NA,10,alive
2,PIEN,PIEN76,16,686,NA,10,alive
2,PIEN,PIEN76,17,699,NA,10,alive
2,PIEN,PIEN76,18,668,NA,10,alive
2,PIEN,PIEN76,19,677,NA,10,alive
2,PIEN,PIEN76,2,681,NA,10,alive
2,PIEN,PIEN76,20,620,NA,10,alive
2,PIEN,PIEN76,21,620,NA,25,alive
2,PIEN,PIEN76,22,575,NA,25,alive
2,PIEN,PIEN76,23,610,NA,25,alive
2,PIEN,PIEN76,24,566,NA,25,alive
2,PIEN,PIEN76,25,595,NA,25,alive
2,PIEN,PIEN76,26,563,NA,25,alive
2,PIEN,PIEN76,27,627,NA,25,alive
2,PIEN,PIEN76,28,627,NA,25,alive
2,PIEN,PIEN76,3,660,NA,10,alive
2,PIEN,PIEN76,4,638,NA,10,alive
2,PIEN,PIEN76,5,658,NA,10,alive
2,PIEN,PIEN76,6,643,NA,10,alive
2,PIEN,PIEN76,7,683,NA,10,alive
2,PIEN,PIEN76,8,672,NA,10,alive
2,PIEN,PIEN76,9,702,NA,10,alive
2,PIEN,PIEN77,1,660,NA,10,alive
2,PIEN,PIEN77,10,692,NA,10,alive
2,PIEN,PIEN77,11,713,NA,25,alive
2,PIEN,PIEN77,12,708,NA,25,alive
2,PIEN,PIEN77,13,707,NA,25,alive
2,PIEN,PIEN77,14,693,NA,25,alive
2,PIEN,PIEN77,15,701,NA,25,alive
2,PIEN,PIEN77,16,672,NA,25,alive
2,PIEN,PIEN77,17,690,NA,25,alive
2,PIEN,PIEN77,18,648,NA,25,alive
2,PIEN,PIEN77,19,664,NA,25,alive
2,PIEN,PIEN77,2,682,NA,10,alive
2,PIEN,PIEN77,20,604,NA,25,alive
2,PIEN,PIEN77,21,620,NA,50,alive
2,PIEN,PIEN77,22,572,NA,50,alive
2,PIEN,PIEN77,23,601,NA,50,alive
2,PIEN,PIEN77,24,551,NA,50,alive
2,PIEN,PIEN77,25,595,NA,50,alive
2,PIEN,PIEN77,26,548,NA,50,alive
2,PIEN,PIEN77,27,600,NA,50,alive
2,PIEN,PIEN77,28,600,NA,50,alive
2,PIEN,PIEN77,3,659,NA,10,alive
2,PIEN,PIEN77,4,636,NA,10,alive
2,PIEN,PIEN77,5,665,NA,10,alive
2,PIEN,PIEN77,6,645,NA,10,alive
2,PIEN,PIEN77,7,683,NA,10,alive
2,PIEN,PIEN77,8,672,NA,10,alive
2,PIEN,PIEN77,9,702,NA,10,alive
2,PIEN,PIEN78,1,677,41.3,10,alive
2,PIEN,PIEN78,10,656,122,25,alive
2,PIEN,PIEN78,11,669,97,25,alive
2,PIEN,PIEN78,12,653,89.2,25,alive
2,PIEN,PIEN78,13,650,67.4,25,alive
2,PIEN,PIEN78,14,631,110,25,alive
2,PIEN,PIEN78,15,644,125.9,25,alive
2,PIEN,PIEN78,16,608,103.6,25,alive
2,PIEN,PIEN78,17,631,123.8,25,alive
2,PIEN,PIEN78,18,581,89.6,25,alive
2,PIEN,PIEN78,19,600,79.4,25,alive
2,PIEN,PIEN78,2,688,91.7,10,alive
2,PIEN,PIEN78,20,519,111.2,25,alive
2,PIEN,PIEN78,21,517,88.4,25,alive
2,PIEN,PIEN78,22,463,86.5,25,alive
2,PIEN,PIEN78,23,510,74.6,25,alive
2,PIEN,PIEN78,24,461,65.9,25,alive
2,PIEN,PIEN78,25,496,78.3,25,alive
2,PIEN,PIEN78,26,450,91.8,25,alive
2,PIEN,PIEN78,27,521,92.8,25,alive
2,PIEN,PIEN78,28,521,NA,25,alive
2,PIEN,PIEN78,3,667,88.3,10,alive
2,PIEN,PIEN78,4,647,115.6,10,alive
2,PIEN,PIEN78,5,662,98.5,25,alive
2,PIEN,PIEN78,6,644,79,25,alive
2,PIEN,PIEN78,7,669,97.3,25,alive
2,PIEN,PIEN78,8,660,103.7,25,alive
2,PIEN,PIEN78,9,670,151.7,25,alive
2,PIEN,PIEN79,1,760,93.6,10,alive
2,PIEN,PIEN79,10,783,83.4,25,alive
2,PIEN,PIEN79,11,795,114.5,25,alive
2,PIEN,PIEN79,12,784,137.2,25,alive
2,PIEN,PIEN79,13,789,41.8,25,alive
2,PIEN,PIEN79,14,778,84.3,25,alive
2,PIEN,PIEN79,15,785,117.3,25,alive
2,PIEN,PIEN79,16,756,89.7,25,alive
2,PIEN,PIEN79,17,768,127.8,25,alive
2,PIEN,PIEN79,18,727,72.5,25,alive
2,PIEN,PIEN79,19,734,56.7,25,alive
2,PIEN,PIEN79,2,777,108.6,10,alive
2,PIEN,PIEN79,20,672,58.2,25,alive
2,PIEN,PIEN79,21,679,100.9,25,alive
2,PIEN,PIEN79,22,629,78.1,25,alive
2,PIEN,PIEN79,23,643,80.1,25,alive
2,PIEN,PIEN79,24,592,78.2,25,alive
2,PIEN,PIEN79,25,624,44.4,25,alive
2,PIEN,PIEN79,26,572,72.3,25,alive
2,PIEN,PIEN79,27,632,100.6,25,alive
2,PIEN,PIEN79,28,632,NA,25,alive
2,PIEN,PIEN79,3,748,126.6,10,alive
2,PIEN,PIEN79,4,719,163.4,10,alive
2,PIEN,PIEN79,5,758,38.8,25,alive
2,PIEN,PIEN79,6,741,45.8,25,alive
2,PIEN,PIEN79,7,NA,94.2,25,alive
2,PIEN,PIEN79,8,775,112.9,25,alive
2,PIEN,PIEN79,9,790,118.7,25,alive
2,PIEN,PIEN80,1,724,77.7,10,alive
2,PIEN,PIEN80,10,748,105.1,10,alive
2,PIEN,PIEN80,11,763,90.5,10,alive
2,PIEN,PIEN80,12,748,82.2,10,alive
2,PIEN,PIEN80,13,745,75.9,10,alive
2,PIEN,PIEN80,14,730,77.6,10,alive
2,PIEN,PIEN80,15,737,104.8,10,alive
2,PIEN,PIEN80,16,704,97.9,10,alive
2,PIEN,PIEN80,17,721,135.3,10,alive
2,PIEN,PIEN80,18,676,76.7,10,alive
2,PIEN,PIEN80,19,697,112.1,10,alive
2,PIEN,PIEN80,2,742,137.1,10,alive
2,PIEN,PIEN80,20,625,99.4,10,alive
2,PIEN,PIEN80,21,643,79.2,10,alive
2,PIEN,PIEN80,22,580,86.1,10,alive
2,PIEN,PIEN80,23,606,71.1,10,alive
2,PIEN,PIEN80,24,548,58.5,10,alive
2,PIEN,PIEN80,25,579,74.8,10,alive
2,PIEN,PIEN80,26,530,139.1,10,alive
2,PIEN,PIEN80,27,593,89.9,10,alive
2,PIEN,PIEN80,28,593,NA,10,alive
2,PIEN,PIEN80,3,714,128.6,10,alive
2,PIEN,PIEN80,4,687,148.5,10,alive
2,PIEN,PIEN80,5,711,108.8,10,alive
2,PIEN,PIEN80,6,695,56.4,10,alive
2,PIEN,PIEN80,7,738,80.2,10,alive
2,PIEN,PIEN80,8,726,83.9,10,alive
2,PIEN,PIEN80,9,758,98.8,10,alive
2,PIEN,PIEN81,1,735,105.6,10,alive
2,PIEN,PIEN81,10,534,153.1,10,alive
2,PIEN,PIEN81,11,525,138.3,10,alive
2,PIEN,PIEN81,12,512,81.3,10,alive
2,PIEN,PIEN81,13,495,115.1,10,alive
2,PIEN,PIEN81,14,479,68.3,10,alive
2,PIEN,PIEN81,15,464,96.7,10,alive
2,PIEN,PIEN81,16,449,71.8,10,alive
2,PIEN,PIEN81,17,440,86.1,10,alive
2,PIEN,PIEN81,18,427,53.4,10,alive
2,PIEN,PIEN81,19,422,53.4,10,alive
2,PIEN,PIEN81,2,692,107.6,10,alive
2,PIEN,PIEN81,20,413,54.9,10,alive
2,PIEN,PIEN81,21,404,42.2,75,alive
2,PIEN,PIEN81,22,400,NA,90,dead
2,PIEN,PIEN81,23,NA,NA,90,dead
2,PIEN,PIEN81,24,NA,NA,90,dead
2,PIEN,PIEN81,25,NA,NA,90,dead
2,PIEN,PIEN81,26,NA,NA,90,dead
2,PIEN,PIEN81,27,NA,NA,90,dead
2,PIEN,PIEN81,28,NA,NA,90,dead
2,PIEN,PIEN81,3,668,92.2,10,alive
2,PIEN,PIEN81,4,640,121.1,10,alive
2,PIEN,PIEN81,5,608,119.7,10,alive
2,PIEN,PIEN81,6,591,88.3,10,alive
2,PIEN,PIEN81,7,578,129.1,10,alive
2,PIEN,PIEN81,8,564,111.8,10,alive
2,PIEN,PIEN81,9,549,154.8,10,alive
2,PIEN,PIEN82,1,781,59.8,10,alive
2,PIEN,PIEN82,10,665,107.5,10,alive
2,PIEN,PIEN82,11,662,71.6,10,alive
2,PIEN,PIEN82,12,657,88.9,10,alive
2,PIEN,PIEN82,13,646,66.5,10,alive
2,PIEN,PIEN82,14,640,70.8,10,alive
2,PIEN,PIEN82,15,627,87.8,10,alive
2,PIEN,PIEN82,16,604,86.6,10,alive
2,PIEN,PIEN82,17,587,96,10,alive
2,PIEN,PIEN82,18,559,75.1,10,alive
2,PIEN,PIEN82,19,528,64.8,10,alive
2,PIEN,PIEN82,2,756,79.7,10,alive
2,PIEN,PIEN82,20,492,108.3,10,alive
2,PIEN,PIEN82,21,464,63.3,10,alive
2,PIEN,PIEN82,22,448,62.2,10,alive
2,PIEN,PIEN82,23,426,43.7,10,alive
2,PIEN,PIEN82,24,417,45.2,10,alive
2,PIEN,PIEN82,25,404,50.1,10,alive
2,PIEN,PIEN82,26,399,52.9,25,alive
2,PIEN,PIEN82,27,392,NA,100,dead
2,PIEN,PIEN82,28,392,NA,100,dead
2,PIEN,PIEN82,3,746,115.3,10,alive
2,PIEN,PIEN82,4,734,59.4,10,alive
2,PIEN,PIEN82,5,709,146.8,10,alive
2,PIEN,PIEN82,6,696,51.8,10,alive
2,PIEN,PIEN82,7,689,68.4,10,alive
2,PIEN,PIEN82,8,678,79.8,10,alive
2,PIEN,PIEN82,9,670,87.1,10,alive
2,PIEN,PIEN83,1,812,106.3,10,alive
2,PIEN,PIEN83,10,645,121.8,25,alive
2,PIEN,PIEN83,11,631,92.4,25,alive
2,PIEN,PIEN83,12,615,92.7,25,alive
2,PIEN,PIEN83,13,601,66.3,25,alive
2,PIEN,PIEN83,14,578,85.9,25,alive
2,PIEN,PIEN83,15,549,121.9,25,alive
2,PIEN,PIEN83,16,521,102.3,25,alive
2,PIEN,PIEN83,17,498,114,25,alive
2,PIEN,PIEN83,18,475,60,25,alive
2,PIEN,PIEN83,19,458,59.5,25,alive
2,PIEN,PIEN83,2,790,99.6,10,alive
2,PIEN,PIEN83,20,440,87,25,alive
2,PIEN,PIEN83,21,426,51.4,50,alive
2,PIEN,PIEN83,22,416,54.4,50,alive
2,PIEN,PIEN83,23,407,NA,90,dead
2,PIEN,PIEN83,24,407,NA,90,dead
2,PIEN,PIEN83,25,NA,NA,90,dead
2,PIEN,PIEN83,26,NA,NA,90,dead
2,PIEN,PIEN83,27,NA,NA,90,dead
2,PIEN,PIEN83,28,NA,NA,90,dead
2,PIEN,PIEN83,3,774,71.1,10,alive
2,PIEN,PIEN83,4,749,115,10,alive
2,PIEN,PIEN83,5,712,120,25,alive
2,PIEN,PIEN83,6,701,59.8,25,alive
2,PIEN,PIEN83,7,688,79,25,alive
2,PIEN,PIEN83,8,673,84.1,25,alive
2,PIEN,PIEN83,9,661,100.9,25,alive
2,PIEN,PIEN84,1,649,128.9,10,alive
2,PIEN,PIEN84,10,422,89.3,75,alive
2,PIEN,PIEN84,11,420,78.7,75,alive
2,PIEN,PIEN84,12,419,80.7,75,alive
2,PIEN,PIEN84,13,416,58.5,75,alive
2,PIEN,PIEN84,14,413,87.3,75,alive
2,PIEN,PIEN84,15,410,85.3,75,alive
2,PIEN,PIEN84,16,405,73.7,75,alive
2,PIEN,PIEN84,17,402,62.8,75,alive
2,PIEN,PIEN84,18,395,45,75,alive
2,PIEN,PIEN84,19,388,50.9,90,dead
2,PIEN,PIEN84,2,574,156,10,alive
2,PIEN,PIEN84,20,NA,NA,90,dead
2,PIEN,PIEN84,21,NA,NA,90,dead
2,PIEN,PIEN84,22,NA,NA,90,dead
2,PIEN,PIEN84,23,NA,NA,90,dead
2,PIEN,PIEN84,24,NA,NA,90,dead
2,PIEN,PIEN84,25,NA,NA,90,dead
2,PIEN,PIEN84,26,NA,NA,90,dead
2,PIEN,PIEN84,27,NA,NA,90,dead
2,PIEN,PIEN84,28,NA,NA,90,dead
2,PIEN,PIEN84,3,519,125.1,50,alive
2,PIEN,PIEN84,4,468,154.4,50,alive
2,PIEN,PIEN84,5,441,65,75,alive
2,PIEN,PIEN84,6,435,58.1,75,alive
2,PIEN,PIEN84,7,431,78.5,75,alive
2,PIEN,PIEN84,8,427,61.8,75,alive
2,PIEN,PIEN84,9,424,80.3,75,alive
2,PIEN,PIEN85,1,690,50.4,10,alive
2,PIEN,PIEN85,10,498,124.2,10,alive
2,PIEN,PIEN85,11,491,65.4,10,alive
2,PIEN,PIEN85,12,481,52.6,10,alive
2,PIEN,PIEN85,13,472,42.2,10,alive
2,PIEN,PIEN85,14,460,71.6,10,alive
2,PIEN,PIEN85,15,447,89.8,25,alive
2,PIEN,PIEN85,16,435,58.3,25,alive
2,PIEN,PIEN85,17,427,84.5,25,alive
2,PIEN,PIEN85,18,416,52.8,25,alive
2,PIEN,PIEN85,19,409,51.3,25,alive
2,PIEN,PIEN85,2,645,88.5,10,alive
2,PIEN,PIEN85,20,398,62.2,25,alive
2,PIEN,PIEN85,21,390,55.1,50,alive
2,PIEN,PIEN85,22,381,NA,90,dead
2,PIEN,PIEN85,23,NA,NA,90,dead
2,PIEN,PIEN85,24,NA,NA,90,dead
2,PIEN,PIEN85,25,NA,NA,90,dead
2,PIEN,PIEN85,26,NA,NA,90,dead
2,PIEN,PIEN85,27,NA,NA,90,dead
2,PIEN,PIEN85,28,NA,NA,90,dead
2,PIEN,PIEN85,3,615,93.7,10,alive
2,PIEN,PIEN85,4,592,84.9,10,alive
2,PIEN,PIEN85,5,559,127.1,10,alive
2,PIEN,PIEN85,6,543,55.9,10,alive
2,PIEN,PIEN85,7,529,48.9,10,alive
2,PIEN,PIEN85,8,521,70.2,10,alive
2,PIEN,PIEN85,9,511,94.2,10,alive
2,PIEN,PIEN86,1,657,130.2,10,alive
2,PIEN,PIEN86,10,442,214.4,25,alive
2,PIEN,PIEN86,11,428,116.2,25,alive
2,PIEN,PIEN86,12,414,91.6,25,alive
2,PIEN,PIEN86,13,400,62.8,25,alive
2,PIEN,PIEN86,14,389,71.3,25,alive
2,PIEN,PIEN86,15,381,107.8,25,alive
2,PIEN,PIEN86,16,372,77.3,25,alive
2,PIEN,PIEN86,17,366,92.7,25,alive
2,PIEN,PIEN86,18,360,60.9,25,alive
2,PIEN,PIEN86,19,354,50,25,alive
2,PIEN,PIEN86,2,612,137.3,10,alive
2,PIEN,PIEN86,20,345,57.6,50,alive
2,PIEN,PIEN86,21,334,50.3,90,dead
2,PIEN,PIEN86,22,NA,NA,90,dead
2,PIEN,PIEN86,23,NA,NA,90,dead
2,PIEN,PIEN86,24,NA,NA,90,dead
2,PIEN,PIEN86,25,NA,NA,90,dead
2,PIEN,PIEN86,26,NA,NA,90,dead
2,PIEN,PIEN86,27,NA,NA,90,dead
2,PIEN,PIEN86,28,NA,NA,90,dead
2,PIEN,PIEN86,3,580,161.9,10,alive
2,PIEN,PIEN86,4,549,200.4,10,alive
2,PIEN,PIEN86,5,521,181.3,25,alive
2,PIEN,PIEN86,6,504,126.8,25,alive
2,PIEN,PIEN86,7,491,112.1,25,alive
2,PIEN,PIEN86,8,473,80.3,25,alive
2,PIEN,PIEN86,9,459,98.6,25,alive
2,PIEN,PIEN87,1,788,101.9,10,alive
2,PIEN,PIEN87,10,671,108,10,alive
2,PIEN,PIEN87,11,667,122.4,10,alive
2,PIEN,PIEN87,12,660,102.9,10,alive
2,PIEN,PIEN87,13,651,83.8,10,alive
2,PIEN,PIEN87,14,636,73.8,10,alive
2,PIEN,PIEN87,15,618,87.8,10,alive
2,PIEN,PIEN87,16,598,93.6,10,alive
2,PIEN,PIEN87,17,582,100.5,25,alive
2,PIEN,PIEN87,18,557,72.6,25,alive
2,PIEN,PIEN87,19,528,80.1,25,alive
2,PIEN,PIEN87,2,758,139.5,10,alive
2,PIEN,PIEN87,20,494,105.2,25,alive
2,PIEN,PIEN87,21,463,64.6,25,alive
2,PIEN,PIEN87,22,443,72.8,25,alive
2,PIEN,PIEN87,23,430,40.9,25,alive
2,PIEN,PIEN87,24,422,38.2,25,alive
2,PIEN,PIEN87,25,411,48,25,alive
2,PIEN,PIEN87,26,400,NA,90,dead
2,PIEN,PIEN87,27,395,NA,90,dead
2,PIEN,PIEN87,28,395,NA,90,dead
2,PIEN,PIEN87,3,749,129.7,10,alive
2,PIEN,PIEN87,4,736,97.3,10,alive
2,PIEN,PIEN87,5,710,188.9,10,alive
2,PIEN,PIEN87,6,697,93.4,10,alive
2,PIEN,PIEN87,7,695,80,10,alive
2,PIEN,PIEN87,8,692,84.8,10,alive
2,PIEN,PIEN87,9,686,99.3,10,alive
2,PIEN,PIEN88,1,762,104.9,10,alive
2,PIEN,PIEN88,10,605,116,10,alive
2,PIEN,PIEN88,11,597,96.8,10,alive
2,PIEN,PIEN88,12,591,102.4,10,alive
2,PIEN,PIEN88,13,577,64.8,10,alive
2,PIEN,PIEN88,14,557,88.6,10,alive
2,PIEN,PIEN88,15,534,109.6,10,alive
2,PIEN,PIEN88,16,507,117.2,10,alive
2,PIEN,PIEN88,17,486,123.5,10,alive
2,PIEN,PIEN88,18,463,68,10,alive
2,PIEN,PIEN88,19,442,49.8,10,alive
2,PIEN,PIEN88,2,729,155.8,10,alive
2,PIEN,PIEN88,20,424,58.2,25,alive
2,PIEN,PIEN88,21,408,53.4,25,alive
2,PIEN,PIEN88,22,400,48.4,25,alive
2,PIEN,PIEN88,23,385,35.2,90,dead
2,PIEN,PIEN88,24,385,NA,90,dead
2,PIEN,PIEN88,25,NA,35.2,90,dead
2,PIEN,PIEN88,26,NA,NA,90,dead
2,PIEN,PIEN88,27,NA,NA,90,dead
2,PIEN,PIEN88,28,NA,NA,90,dead
2,PIEN,PIEN88,3,712,157.6,10,alive
2,PIEN,PIEN88,4,680,173.5,10,alive
2,PIEN,PIEN88,5,651,161.4,10,alive
2,PIEN,PIEN88,6,640,53.3,10,alive
2,PIEN,PIEN88,7,630,73.6,10,alive
2,PIEN,PIEN88,8,623,74,10,alive
2,PIEN,PIEN88,9,616,100.5,10,alive
2,PIEN,PIEN89,1,792,89.9,10,alive
2,PIEN,PIEN89,10,654,143.6,10,alive
2,PIEN,PIEN89,11,645,123.7,10,alive
2,PIEN,PIEN89,12,638,129.8,10,alive
2,PIEN,PIEN89,13,619,84.3,10,alive
2,PIEN,PIEN89,14,602,87,10,alive
2,PIEN,PIEN89,15,575,126.7,10,alive
2,PIEN,PIEN89,16,549,122.9,10,alive
2,PIEN,PIEN89,17,526,135.3,10,alive
2,PIEN,PIEN89,18,493,108,10,alive
2,PIEN,PIEN89,19,467,94.4,10,alive
2,PIEN,PIEN89,2,762,161.3,10,alive
2,PIEN,PIEN89,20,448,53.8,10,alive
2,PIEN,PIEN89,21,435,54.1,25,alive
2,PIEN,PIEN89,22,427,53.5,25,alive
2,PIEN,PIEN89,23,416,40.3,25,alive
2,PIEN,PIEN89,24,410,38.2,50,alive
2,PIEN,PIEN89,25,401,NA,100,dead
2,PIEN,PIEN89,26,NA,NA,100,dead
2,PIEN,PIEN89,27,NA,NA,100,dead
2,PIEN,PIEN89,28,NA,NA,100,dead
2,PIEN,PIEN89,3,747,112.1,10,alive
2,PIEN,PIEN89,4,731,96.7,10,alive
2,PIEN,PIEN89,5,706,86.5,10,alive
2,PIEN,PIEN89,6,691,59.2,10,alive
2,PIEN,PIEN89,7,685,105.9,10,alive
2,PIEN,PIEN89,8,676,85.3,10,alive
2,PIEN,PIEN89,9,664,122.4,10,alive
2,PIEN,PIEN90,1,715,86.6,10,alive
2,PIEN,PIEN90,10,579,133,10,alive
2,PIEN,PIEN90,11,573,98.9,10,alive
2,PIEN,PIEN90,12,568,109.3,10,alive
2,PIEN,PIEN90,13,556,92.6,10,alive
2,PIEN,PIEN90,14,540,108.8,10,alive
2,PIEN,PIEN90,15,519,104.6,10,alive
2,PIEN,PIEN90,16,496,132.5,10,alive
2,PIEN,PIEN90,17,479,159.4,10,alive
2,PIEN,PIEN90,18,458,100.6,10,alive
2,PIEN,PIEN90,19,437,72.2,25,alive
2,PIEN,PIEN90,2,675,122.1,10,alive
2,PIEN,PIEN90,20,422,58.2,25,alive
2,PIEN,PIEN90,21,411,54.9,25,alive
2,PIEN,PIEN90,22,403,47.3,25,alive
2,PIEN,PIEN90,23,394,36.8,75,alive
2,PIEN,PIEN90,24,394,NA,90,dead
2,PIEN,PIEN90,25,NA,35.2,90,dead
2,PIEN,PIEN90,26,NA,NA,90,dead
2,PIEN,PIEN90,27,NA,NA,90,dead
2,PIEN,PIEN90,28,NA,NA,90,dead
2,PIEN,PIEN90,3,651,133.1,10,alive
2,PIEN,PIEN90,4,636,130.6,10,alive
2,PIEN,PIEN90,5,615,133.2,10,alive
2,PIEN,PIEN90,6,606,52.8,10,alive
2,PIEN,PIEN90,7,599,80.4,10,alive
2,PIEN,PIEN90,8,591,93.7,10,alive
2,PIEN,PIEN90,9,586,117.1,10,alive
2,PIEN,PIEN91,1,786,NA,10,alive
2,PIEN,PIEN91,10,614,NA,25,alive
2,PIEN,PIEN91,11,599,NA,25,alive
2,PIEN,PIEN91,12,582,NA,25,alive
2,PIEN,PIEN91,13,560,NA,25,alive
2,PIEN,PIEN91,14,548,NA,25,alive
2,PIEN,PIEN91,15,529,NA,25,alive
2,PIEN,PIEN91,16,511,NA,25,alive
2,PIEN,PIEN91,17,497,NA,25,alive
2,PIEN,PIEN91,18,479,NA,25,alive
2,PIEN,PIEN91,19,467,NA,25,alive
2,PIEN,PIEN91,2,743,NA,10,alive
2,PIEN,PIEN91,20,454,NA,50,alive
2,PIEN,PIEN91,21,443,NA,50,alive
2,PIEN,PIEN91,22,435,NA,50,alive
2,PIEN,PIEN91,23,425,NA,75,alive
2,PIEN,PIEN91,24,425,NA,75,alive
2,PIEN,PIEN91,25,NA,NA,75,alive
2,PIEN,PIEN91,26,NA,NA,75,alive
2,PIEN,PIEN91,27,NA,NA,75,alive
2,PIEN,PIEN91,28,NA,NA,90,dead
2,PIEN,PIEN91,3,720,NA,10,alive
2,PIEN,PIEN91,4,697,NA,25,alive
2,PIEN,PIEN91,5,670,NA,25,alive
2,PIEN,PIEN91,6,651,NA,25,alive
2,PIEN,PIEN91,7,641,NA,25,alive
2,PIEN,PIEN91,8,630,NA,25,alive
2,PIEN,PIEN91,9,620,NA,25,alive
2,PIEN,PIEN92,1,699,NA,10,alive
2,PIEN,PIEN92,10,480,NA,10,alive
2,PIEN,PIEN92,11,456,NA,10,alive
2,PIEN,PIEN92,12,428,NA,10,alive
2,PIEN,PIEN92,13,405,NA,10,alive
2,PIEN,PIEN92,14,394,NA,10,alive
2,PIEN,PIEN92,15,387,NA,10,alive
2,PIEN,PIEN92,16,380,NA,10,alive
2,PIEN,PIEN92,17,375,NA,10,alive
2,PIEN,PIEN92,18,369,NA,10,alive
2,PIEN,PIEN92,19,363,NA,25,alive
2,PIEN,PIEN92,2,652,NA,10,alive
2,PIEN,PIEN92,20,353,NA,90,dead
2,PIEN,PIEN92,21,NA,NA,90,dead
2,PIEN,PIEN92,22,NA,NA,90,dead
2,PIEN,PIEN92,23,NA,NA,90,dead
2,PIEN,PIEN92,24,NA,NA,90,dead
2,PIEN,PIEN92,25,NA,NA,90,dead
2,PIEN,PIEN92,26,NA,NA,90,dead
2,PIEN,PIEN92,27,NA,NA,90,dead
2,PIEN,PIEN92,28,NA,NA,90,dead
2,PIEN,PIEN92,3,625,NA,10,alive
2,PIEN,PIEN92,4,597,NA,10,alive
2,PIEN,PIEN92,5,562,NA,10,alive
2,PIEN,PIEN92,6,548,NA,10,alive
2,PIEN,PIEN92,7,535,NA,10,alive
2,PIEN,PIEN92,8,521,NA,10,alive
2,PIEN,PIEN92,9,499,NA,10,alive
2,PIEN,PIEN93,1,734,NA,10,alive
2,PIEN,PIEN93,10,562,NA,50,alive
2,PIEN,PIEN93,11,548,NA,50,alive
2,PIEN,PIEN93,12,530,NA,50,alive
2,PIEN,PIEN93,13,508,NA,50,alive
2,PIEN,PIEN93,14,493,NA,50,alive
2,PIEN,PIEN93,15,470,NA,50,alive
2,PIEN,PIEN93,16,449,NA,50,alive
2,PIEN,PIEN93,17,434,NA,50,alive
2,PIEN,PIEN93,18,420,NA,50,alive
2,PIEN,PIEN93,19,410,NA,50,alive
2,PIEN,PIEN93,2,704,NA,10,alive
2,PIEN,PIEN93,20,398,NA,50,alive
2,PIEN,PIEN93,21,388,NA,50,alive
2,PIEN,PIEN93,22,381,NA,50,alive
2,PIEN,PIEN93,23,371,NA,90,dead
2,PIEN,PIEN93,24,371,NA,90,dead
2,PIEN,PIEN93,25,NA,NA,90,dead
2,PIEN,PIEN93,26,NA,NA,90,dead
2,PIEN,PIEN93,27,NA,NA,90,dead
2,PIEN,PIEN93,28,NA,NA,90,dead
2,PIEN,PIEN93,3,686,NA,10,alive
2,PIEN,PIEN93,4,651,NA,10,alive
2,PIEN,PIEN93,5,617,NA,50,alive
2,PIEN,PIEN93,6,602,NA,50,alive
2,PIEN,PIEN93,7,595,NA,50,alive
2,PIEN,PIEN93,8,586,NA,50,alive
2,PIEN,PIEN93,9,574,NA,50,alive
2,PIEN,PIEN94,1,724,NA,10,alive
2,PIEN,PIEN94,10,544,NA,10,alive
2,PIEN,PIEN94,11,532,NA,10,alive
2,PIEN,PIEN94,12,516,NA,10,alive
2,PIEN,PIEN94,13,493,NA,10,alive
2,PIEN,PIEN94,14,477,NA,10,alive
2,PIEN,PIEN94,15,453,NA,10,alive
2,PIEN,PIEN94,16,429,NA,10,alive
2,PIEN,PIEN94,17,411,NA,10,alive
2,PIEN,PIEN94,18,395,NA,10,alive
2,PIEN,PIEN94,19,385,NA,10,alive
2,PIEN,PIEN94,2,689,NA,10,alive
2,PIEN,PIEN94,20,373,NA,25,alive
2,PIEN,PIEN94,21,361,NA,25,alive
2,PIEN,PIEN94,22,353,NA,90,dead
2,PIEN,PIEN94,23,NA,NA,90,dead
2,PIEN,PIEN94,24,NA,NA,90,dead
2,PIEN,PIEN94,25,NA,NA,90,dead
2,PIEN,PIEN94,26,NA,NA,90,dead
2,PIEN,PIEN94,27,NA,NA,90,dead
2,PIEN,PIEN94,28,NA,NA,90,dead
2,PIEN,PIEN94,3,666,NA,10,alive
2,PIEN,PIEN94,4,647,NA,10,alive
2,PIEN,PIEN94,5,616,NA,10,alive
2,PIEN,PIEN94,6,601,NA,10,alive
2,PIEN,PIEN94,7,585,NA,10,alive
2,PIEN,PIEN94,8,567,NA,10,alive
2,PIEN,PIEN94,9,554,NA,10,alive
2,PIEN,PIEN95,1,686,NA,10,alive
2,PIEN,PIEN95,10,582,NA,10,alive
2,PIEN,PIEN95,11,582,NA,10,alive
2,PIEN,PIEN95,12,582,NA,10,alive
2,PIEN,PIEN95,13,575,NA,10,alive
2,PIEN,PIEN95,14,568,NA,10,alive
2,PIEN,PIEN95,15,548,NA,10,alive
2,PIEN,PIEN95,16,525,NA,10,alive
2,PIEN,PIEN95,17,505,NA,10,alive
2,PIEN,PIEN95,18,490,NA,10,alive
2,PIEN,PIEN95,19,470,NA,10,alive
2,PIEN,PIEN95,2,658,NA,10,alive
2,PIEN,PIEN95,20,445,NA,10,alive
2,PIEN,PIEN95,21,425,NA,10,alive
2,PIEN,PIEN95,22,413,NA,10,alive
2,PIEN,PIEN95,23,396,NA,10,alive
2,PIEN,PIEN95,24,386,NA,10,alive
2,PIEN,PIEN95,25,374,NA,10,alive
2,PIEN,PIEN95,26,370,NA,25,alive
2,PIEN,PIEN95,27,362,NA,50,alive
2,PIEN,PIEN95,28,362,NA,90,dead
2,PIEN,PIEN95,3,643,NA,10,alive
2,PIEN,PIEN95,4,634,NA,10,alive
2,PIEN,PIEN95,5,614,NA,10,alive
2,PIEN,PIEN95,6,606,NA,10,alive
2,PIEN,PIEN95,7,598,NA,10,alive
2,PIEN,PIEN95,8,591,NA,10,alive
2,PIEN,PIEN95,9,587,NA,10,alive
2,PIEN,PIEN96,1,669,NA,10,alive
2,PIEN,PIEN96,10,431,NA,50,alive
2,PIEN,PIEN96,11,422,NA,50,alive
2,PIEN,PIEN96,12,415,NA,50,alive
2,PIEN,PIEN96,13,409,NA,50,alive
2,PIEN,PIEN96,14,403,NA,50,alive
2,PIEN,PIEN96,15,398,NA,50,alive
2,PIEN,PIEN96,16,392,NA,50,alive
2,PIEN,PIEN96,17,387,NA,50,alive
2,PIEN,PIEN96,18,380,NA,50,alive
2,PIEN,PIEN96,19,373,NA,50,alive
2,PIEN,PIEN96,2,612,NA,10,alive
2,PIEN,PIEN96,20,365,NA,75,dead
2,PIEN,PIEN96,21,358,NA,75,dead
2,PIEN,PIEN96,22,354,NA,90,dead
2,PIEN,PIEN96,23,NA,NA,90,dead
2,PIEN,PIEN96,24,NA,NA,90,dead
2,PIEN,PIEN96,25,NA,NA,90,dead
2,PIEN,PIEN96,26,NA,NA,90,dead
2,PIEN,PIEN96,27,NA,NA,90,dead
2,PIEN,PIEN96,28,NA,NA,90,dead
2,PIEN,PIEN96,3,569,NA,25,alive
2,PIEN,PIEN96,4,533,NA,25,alive
2,PIEN,PIEN96,5,488,NA,50,alive
2,PIEN,PIEN96,6,474,NA,50,alive
2,PIEN,PIEN96,7,461,NA,50,alive
2,PIEN,PIEN96,8,450,NA,50,alive
2,PIEN,PIEN96,9,439,NA,50,alive
2,PIEN,PIEN97,1,753,NA,10,alive
2,PIEN,PIEN97,10,575,NA,10,alive
2,PIEN,PIEN97,11,562,NA,10,alive
2,PIEN,PIEN97,12,552,NA,10,alive
2,PIEN,PIEN97,13,530,NA,10,alive
2,PIEN,PIEN97,14,525,NA,10,alive
2,PIEN,PIEN97,15,503,NA,10,alive
2,PIEN,PIEN97,16,485,NA,10,alive
2,PIEN,PIEN97,17,470,NA,25,alive
2,PIEN,PIEN97,18,454,NA,25,alive
2,PIEN,PIEN97,19,440,NA,25,alive
2,PIEN,PIEN97,2,717,NA,10,alive
2,PIEN,PIEN97,20,426,NA,25,alive
2,PIEN,PIEN97,21,415,NA,25,alive
2,PIEN,PIEN97,22,409,NA,25,alive
2,PIEN,PIEN97,23,396,NA,75,alive
2,PIEN,PIEN97,24,390,NA,90,dead
2,PIEN,PIEN97,25,NA,NA,90,dead
2,PIEN,PIEN97,26,NA,NA,90,dead
2,PIEN,PIEN97,27,NA,NA,90,dead
2,PIEN,PIEN97,28,NA,NA,90,dead
2,PIEN,PIEN97,3,690,NA,10,alive
2,PIEN,PIEN97,4,668,NA,10,alive
2,PIEN,PIEN97,5,638,NA,10,alive
2,PIEN,PIEN97,6,621,NA,10,alive
2,PIEN,PIEN97,7,609,NA,10,alive
2,PIEN,PIEN97,8,593,NA,10,alive
2,PIEN,PIEN97,9,583,NA,10,alive
2,PIEN,PIEN98,1,640,NA,10,alive
2,PIEN,PIEN98,10,506,NA,10,alive
2,PIEN,PIEN98,11,492,NA,10,alive
2,PIEN,PIEN98,12,479,NA,10,alive
2,PIEN,PIEN98,13,460,NA,10,alive
2,PIEN,PIEN98,14,449,NA,10,alive
2,PIEN,PIEN98,15,433,NA,25,alive
2,PIEN,PIEN98,16,417,NA,25,alive
2,PIEN,PIEN98,17,405,NA,25,alive
2,PIEN,PIEN98,18,391,NA,25,alive
2,PIEN,PIEN98,19,377,NA,25,alive
2,PIEN,PIEN98,2,617,NA,10,alive
2,PIEN,PIEN98,20,362,NA,25,alive
2,PIEN,PIEN98,21,350,NA,25,alive
2,PIEN,PIEN98,22,344,NA,50,alive
2,PIEN,PIEN98,23,335,NA,90,dead
2,PIEN,PIEN98,24,335,NA,90,dead
2,PIEN,PIEN98,25,NA,NA,90,dead
2,PIEN,PIEN98,26,NA,NA,90,dead
2,PIEN,PIEN98,27,NA,NA,90,dead
2,PIEN,PIEN98,28,NA,NA,90,dead
2,PIEN,PIEN98,3,598,NA,10,alive
2,PIEN,PIEN98,4,582,NA,10,alive
2,PIEN,PIEN98,5,558,NA,10,alive
2,PIEN,PIEN98,6,542,NA,10,alive
2,PIEN,PIEN98,7,531,NA,10,alive
2,PIEN,PIEN98,8,520,NA,10,alive
2,PIEN,PIEN98,9,512,NA,10,alive
2,PIEN,PIEN99,1,695,NA,10,alive
2,PIEN,PIEN99,10,459,NA,50,alive
2,PIEN,PIEN99,11,449,NA,50,alive
2,PIEN,PIEN99,12,439,NA,50,alive
2,PIEN,PIEN99,13,430,NA,50,alive
2,PIEN,PIEN99,14,424,NA,50,alive
2,PIEN,PIEN99,15,418,NA,50,alive
2,PIEN,PIEN99,16,411,NA,50,alive
2,PIEN,PIEN99,17,407,NA,50,alive
2,PIEN,PIEN99,18,400,NA,50,alive
2,PIEN,PIEN99,19,394,NA,50,alive
2,PIEN,PIEN99,2,645,NA,10,alive
2,PIEN,PIEN99,20,385,NA,50,alive
2,PIEN,PIEN99,21,376,NA,75,alive
2,PIEN,PIEN99,22,366,NA,90,dead
2,PIEN,PIEN99,23,NA,NA,90,dead
2,PIEN,PIEN99,24,NA,NA,90,dead
2,PIEN,PIEN99,25,NA,NA,90,dead
2,PIEN,PIEN99,26,NA,NA,90,dead
2,PIEN,PIEN99,27,NA,NA,90,dead
2,PIEN,PIEN99,28,NA,NA,90,dead
2,PIEN,PIEN99,3,605,NA,10,alive
2,PIEN,PIEN99,4,571,NA,10,alive
2,PIEN,PIEN99,5,523,NA,50,alive
2,PIEN,PIEN99,6,506,NA,50,alive
2,PIEN,PIEN99,7,494,NA,50,alive
2,PIEN,PIEN99,8,480,NA,50,alive
2,PIEN,PIEN99,9,469,NA,50,alive
