Phase,Species,SpeciesID,Week,Weight_g,Porometer,PercentBrown,Dead
1,PIFL,PIFL01,1.0,609,NA,10,alive
1,PIFL,PIFL01,1.5,NA,NA,10,alive
1,PIFL,PIFL01,10.0,497,NA,10,alive
1,PIFL,PIFL01,10.5,NA,NA,10,alive
1,PIFL,PIFL01,11.0,495,NA,10,alive
1,PIFL,PIFL01,11.5,NA,NA,10,alive
1,PIFL,PIFL01,12.0,457,NA,10,alive
1,PIFL,PIFL01,12.5,NA,NA,10,alive
1,PIFL,PIFL01,13.0,468,NA,10,alive
1,PIFL,PIFL01,13.5,NA,NA,10,alive
1,PIFL,PIFL01,14.0,428,NA,10,alive
1,PIFL,PIFL01,14.5,NA,NA,10,alive
1,PIFL,PIFL01,15.0,478,NA,10,alive
1,PIFL,PIFL01,15.5,NA,NA,10,alive
1,PIFL,PIFL01,16.0,NA,NA,NA,alive
1,PIFL,PIFL01,16.5,NA,NA,10,alive
1,PIFL,PIFL01,17.0,541,NA,10,alive
1,PIFL,PIFL01,17.5,NA,NA,10,alive
1,PIFL,PIFL01,18.0,495,NA,10,alive
1,PIFL,PIFL01,18.5,NA,NA,10,alive
1,PIFL,PIFL01,19.0,550,NA,10,alive
1,PIFL,PIFL01,19.5,NA,NA,10,alive
1,PIFL,PIFL01,2.0,594,NA,10,alive
1,PIFL,PIFL01,2.5,NA,NA,10,alive
1,PIFL,PIFL01,20.0,484,NA,10,alive
1,PIFL,PIFL01,20.5,NA,NA,10,alive
1,PIFL,PIFL01,21.0,539,NA,10,alive
1,PIFL,PIFL01,21.5,NA,NA,10,alive
1,PIFL,PIFL01,22.0,484,NA,10,alive
1,PIFL,PIFL01,22.5,NA,NA,10,alive
1,PIFL,PIFL01,23.0,527,NA,10,alive
1,PIFL,PIFL01,23.5,NA,NA,10,alive
1,PIFL,PIFL01,24.0,474,NA,10,alive
1,PIFL,PIFL01,24.5,NA,NA,10,alive
1,PIFL,PIFL01,25.0,536,NA,10,alive
1,PIFL,PIFL01,25.5,NA,NA,10,alive
1,PIFL,PIFL01,26.0,488,NA,10,alive
1,PIFL,PIFL01,26.5,NA,NA,10,alive
1,PIFL,PIFL01,27.0,534,NA,10,alive
1,PIFL,PIFL01,27.5,NA,NA,10,alive
1,PIFL,PIFL01,28.0,477,NA,10,alive
1,PIFL,PIFL01,28.5,NA,NA,10,alive
1,PIFL,PIFL01,29.0,551,NA,10,alive
1,PIFL,PIFL01,29.5,NA,NA,25,alive
1,PIFL,PIFL01,3.0,617,NA,10,alive
1,PIFL,PIFL01,3.5,NA,NA,10,alive
1,PIFL,PIFL01,30.0,496,NA,10,alive
1,PIFL,PIFL01,30.5,NA,NA,10,alive
1,PIFL,PIFL01,31.0,548,NA,10,alive
1,PIFL,PIFL01,31.5,NA,NA,10,alive
1,PIFL,PIFL01,32.0,486,NA,10,alive
1,PIFL,PIFL01,32.5,NA,NA,10,alive
1,PIFL,PIFL01,33.0,535,NA,10,alive
1,PIFL,PIFL01,33.5,NA,NA,10,alive
1,PIFL,PIFL01,34.0,474,NA,10,alive
1,PIFL,PIFL01,34.5,NA,NA,10,alive
1,PIFL,PIFL01,35.0,531,NA,10,alive
1,PIFL,PIFL01,35.5,NA,NA,10,alive
1,PIFL,PIFL01,36.0,558,NA,10,alive
1,PIFL,PIFL01,4.0,601,NA,10,alive
1,PIFL,PIFL01,4.5,NA,NA,10,alive
1,PIFL,PIFL01,5.0,615,NA,10,alive
1,PIFL,PIFL01,5.5,NA,NA,10,alive
1,PIFL,PIFL01,6.0,601,NA,10,alive
1,PIFL,PIFL01,6.5,NA,NA,10,alive
1,PIFL,PIFL01,7.0,620,NA,10,alive
1,PIFL,PIFL01,7.5,NA,NA,NA,alive
1,PIFL,PIFL01,8.0,545,NA,10,alive
1,PIFL,PIFL01,8.5,NA,NA,10,alive
1,PIFL,PIFL01,9.0,523,NA,10,alive
1,PIFL,PIFL01,9.5,NA,NA,10,alive
1,PIFL,PIFL02,1.0,692,NA,10,alive
1,PIFL,PIFL02,1.5,NA,NA,10,alive
1,PIFL,PIFL02,10.0,586,NA,10,alive
1,PIFL,PIFL02,10.5,NA,NA,10,alive
1,PIFL,PIFL02,11.0,602,NA,10,alive
1,PIFL,PIFL02,11.5,NA,NA,10,alive
1,PIFL,PIFL02,12.0,570,NA,10,alive
1,PIFL,PIFL02,12.5,NA,NA,10,alive
1,PIFL,PIFL02,13.0,590,NA,10,alive
1,PIFL,PIFL02,13.5,NA,NA,10,alive
1,PIFL,PIFL02,14.0,557,NA,10,alive
1,PIFL,PIFL02,14.5,NA,NA,10,alive
1,PIFL,PIFL02,15.0,615,NA,10,alive
1,PIFL,PIFL02,15.5,NA,NA,10,alive
1,PIFL,PIFL02,16.0,NA,NA,NA,alive
1,PIFL,PIFL02,16.5,NA,NA,10,alive
1,PIFL,PIFL02,17.0,635,NA,10,alive
1,PIFL,PIFL02,17.5,NA,NA,10,alive
1,PIFL,PIFL02,18.0,600,NA,10,alive
1,PIFL,PIFL02,18.5,NA,NA,10,alive
1,PIFL,PIFL02,19.0,623,NA,10,alive
1,PIFL,PIFL02,19.5,NA,NA,10,alive
1,PIFL,PIFL02,2.0,690,NA,10,alive
1,PIFL,PIFL02,2.5,NA,NA,10,alive
1,PIFL,PIFL02,20.0,557,NA,10,alive
1,PIFL,PIFL02,20.5,NA,NA,10,alive
1,PIFL,PIFL02,21.0,623,NA,10,alive
1,PIFL,PIFL02,21.5,NA,NA,10,alive
1,PIFL,PIFL02,22.0,582,NA,10,alive
1,PIFL,PIFL02,22.5,NA,NA,10,alive
1,PIFL,PIFL02,23.0,626,NA,10,alive
1,PIFL,PIFL02,23.5,NA,NA,10,alive
1,PIFL,PIFL02,24.0,584,NA,10,alive
1,PIFL,PIFL02,24.5,NA,NA,10,alive
1,PIFL,PIFL02,25.0,636,NA,10,alive
1,PIFL,PIFL02,25.5,NA,NA,25,alive
1,PIFL,PIFL02,26.0,600,NA,10,alive
1,PIFL,PIFL02,26.5,NA,NA,10,alive
1,PIFL,PIFL02,27.0,621,NA,10,alive
1,PIFL,PIFL02,27.5,NA,NA,10,alive
1,PIFL,PIFL02,28.0,577,NA,10,alive
1,PIFL,PIFL02,28.5,NA,NA,10,alive
1,PIFL,PIFL02,29.0,632,NA,10,alive
1,PIFL,PIFL02,29.5,NA,NA,10,alive
1,PIFL,PIFL02,3.0,699,NA,10,alive
1,PIFL,PIFL02,3.5,NA,NA,10,alive
1,PIFL,PIFL02,30.0,591,NA,10,alive
1,PIFL,PIFL02,30.5,NA,NA,10,alive
1,PIFL,PIFL02,31.0,640,NA,10,alive
1,PIFL,PIFL02,31.5,NA,NA,10,alive
1,PIFL,PIFL02,32.0,589,NA,10,alive
1,PIFL,PIFL02,32.5,NA,NA,10,alive
1,PIFL,PIFL02,33.0,617,NA,25,alive
1,PIFL,PIFL02,33.5,NA,NA,10,alive
1,PIFL,PIFL02,34.0,564,NA,10,alive
1,PIFL,PIFL02,34.5,NA,NA,10,alive
1,PIFL,PIFL02,35.0,616,NA,10,alive
1,PIFL,PIFL02,35.5,NA,NA,10,alive
1,PIFL,PIFL02,36.0,629,NA,10,alive
1,PIFL,PIFL02,4.0,691,NA,10,alive
1,PIFL,PIFL02,4.5,NA,NA,10,alive
1,PIFL,PIFL02,5.0,693,NA,10,alive
1,PIFL,PIFL02,5.5,NA,NA,10,alive
1,PIFL,PIFL02,6.0,682,NA,10,alive
1,PIFL,PIFL02,6.5,NA,NA,10,alive
1,PIFL,PIFL02,7.0,681,NA,10,alive
1,PIFL,PIFL02,7.5,NA,NA,NA,alive
1,PIFL,PIFL02,8.0,618,NA,10,alive
1,PIFL,PIFL02,8.5,NA,NA,10,alive
1,PIFL,PIFL02,9.0,603,NA,10,alive
1,PIFL,PIFL02,9.5,NA,NA,10,alive
1,PIFL,PIFL03,1.0,666,172.9,10,alive
1,PIFL,PIFL03,1.5,NA,NA,10,alive
1,PIFL,PIFL03,10.0,552,128.2,10,alive
1,PIFL,PIFL03,10.5,NA,NA,10,alive
1,PIFL,PIFL03,11.0,553,139.6,10,alive
1,PIFL,PIFL03,11.5,NA,NA,10,alive
1,PIFL,PIFL03,12.0,516,155.6,10,alive
1,PIFL,PIFL03,12.5,NA,NA,10,alive
1,PIFL,PIFL03,13.0,550,96,10,alive
1,PIFL,PIFL03,13.5,NA,NA,10,alive
1,PIFL,PIFL03,14.0,510,143.6,10,alive
1,PIFL,PIFL03,14.5,NA,NA,10,alive
1,PIFL,PIFL03,15.0,543,160.6,10,alive
1,PIFL,PIFL03,15.5,NA,NA,10,alive
1,PIFL,PIFL03,16.0,NA,110.2,NA,alive
1,PIFL,PIFL03,16.5,NA,NA,10,alive
1,PIFL,PIFL03,17.0,558,NA,10,alive
1,PIFL,PIFL03,17.5,NA,NA,10,alive
1,PIFL,PIFL03,18.0,521,NA,10,alive
1,PIFL,PIFL03,18.5,NA,NA,10,alive
1,PIFL,PIFL03,19.0,568,56.4,10,alive
1,PIFL,PIFL03,19.5,NA,NA,10,alive
1,PIFL,PIFL03,2.0,660,NA,10,alive
1,PIFL,PIFL03,2.5,NA,NA,10,alive
1,PIFL,PIFL03,20.0,518,132.5,10,alive
1,PIFL,PIFL03,20.5,NA,NA,10,alive
1,PIFL,PIFL03,21.0,570,168,10,alive
1,PIFL,PIFL03,21.5,NA,NA,10,alive
1,PIFL,PIFL03,22.0,527,84.2,10,alive
1,PIFL,PIFL03,22.5,NA,NA,10,alive
1,PIFL,PIFL03,23.0,568,111.7,10,alive
1,PIFL,PIFL03,23.5,NA,NA,10,alive
1,PIFL,PIFL03,24.0,524,143.7,10,alive
1,PIFL,PIFL03,24.5,NA,NA,10,alive
1,PIFL,PIFL03,25.0,572,173.9,10,alive
1,PIFL,PIFL03,25.5,NA,NA,10,alive
1,PIFL,PIFL03,26.0,534,161.2,10,alive
1,PIFL,PIFL03,26.5,NA,NA,10,alive
1,PIFL,PIFL03,27.0,562,185.2,10,alive
1,PIFL,PIFL03,27.5,NA,NA,10,alive
1,PIFL,PIFL03,28.0,516,132.1,10,alive
1,PIFL,PIFL03,28.5,NA,NA,10,alive
1,PIFL,PIFL03,29.0,561,122.4,10,alive
1,PIFL,PIFL03,29.5,NA,NA,10,alive
1,PIFL,PIFL03,3.0,667,264.2,10,alive
1,PIFL,PIFL03,3.5,NA,NA,10,alive
1,PIFL,PIFL03,30.0,516,176,10,alive
1,PIFL,PIFL03,30.5,NA,NA,10,alive
1,PIFL,PIFL03,31.0,571,203.7,10,alive
1,PIFL,PIFL03,31.5,NA,NA,10,alive
1,PIFL,PIFL03,32.0,521,107.2,10,alive
1,PIFL,PIFL03,32.5,NA,NA,10,alive
1,PIFL,PIFL03,33.0,556,173.1,10,alive
1,PIFL,PIFL03,33.5,NA,NA,10,alive
1,PIFL,PIFL03,34.0,504,172.8,10,alive
1,PIFL,PIFL03,34.5,NA,NA,10,alive
1,PIFL,PIFL03,35.0,548,167.4,10,alive
1,PIFL,PIFL03,35.5,NA,NA,10,alive
1,PIFL,PIFL03,36.0,575,107.1,10,alive
1,PIFL,PIFL03,4.0,660,389,10,alive
1,PIFL,PIFL03,4.5,NA,NA,10,alive
1,PIFL,PIFL03,5.0,662,125.5,10,alive
1,PIFL,PIFL03,5.5,NA,NA,10,alive
1,PIFL,PIFL03,6.0,648,102.9,10,alive
1,PIFL,PIFL03,6.5,NA,NA,10,alive
1,PIFL,PIFL03,7.0,648,74.5,10,alive
1,PIFL,PIFL03,7.5,NA,NA,NA,alive
1,PIFL,PIFL03,8.0,590,282.2,10,alive
1,PIFL,PIFL03,8.5,NA,NA,10,alive
1,PIFL,PIFL03,9.0,573,128.7,10,alive
1,PIFL,PIFL03,9.5,NA,NA,10,alive
1,PIFL,PIFL04,1.0,664,243.7,10,alive
1,PIFL,PIFL04,1.5,NA,NA,10,alive
1,PIFL,PIFL04,10.0,568,204.6,10,alive
1,PIFL,PIFL04,10.5,NA,NA,10,alive
1,PIFL,PIFL04,11.0,565,167.1,10,alive
1,PIFL,PIFL04,11.5,NA,NA,10,alive
1,PIFL,PIFL04,12.0,526,200.6,10,alive
1,PIFL,PIFL04,12.5,NA,NA,10,alive
1,PIFL,PIFL04,13.0,565,130,10,alive
1,PIFL,PIFL04,13.5,NA,NA,10,alive
1,PIFL,PIFL04,14.0,529,214.7,10,alive
1,PIFL,PIFL04,14.5,NA,NA,10,alive
1,PIFL,PIFL04,15.0,577,192.9,10,alive
1,PIFL,PIFL04,15.5,NA,NA,10,alive
1,PIFL,PIFL04,16.0,NA,138.6,NA,alive
1,PIFL,PIFL04,16.5,NA,NA,10,alive
1,PIFL,PIFL04,17.0,610,NA,10,alive
1,PIFL,PIFL04,17.5,NA,NA,10,alive
1,PIFL,PIFL04,18.0,571,NA,10,alive
1,PIFL,PIFL04,18.5,NA,NA,10,alive
1,PIFL,PIFL04,19.0,593,79.1,10,alive
1,PIFL,PIFL04,19.5,NA,NA,10,alive
1,PIFL,PIFL04,2.0,658,NA,10,alive
1,PIFL,PIFL04,2.5,NA,NA,10,alive
1,PIFL,PIFL04,20.0,519,168.5,10,alive
1,PIFL,PIFL04,20.5,NA,NA,10,alive
1,PIFL,PIFL04,21.0,578,194.2,10,alive
1,PIFL,PIFL04,21.5,NA,NA,10,alive
1,PIFL,PIFL04,22.0,534,107.1,10,alive
1,PIFL,PIFL04,22.5,NA,NA,10,alive
1,PIFL,PIFL04,23.0,573,131.8,10,alive
1,PIFL,PIFL04,23.5,NA,NA,10,alive
1,PIFL,PIFL04,24.0,530,212.4,10,alive
1,PIFL,PIFL04,24.5,NA,NA,10,alive
1,PIFL,PIFL04,25.0,591,197.7,10,alive
1,PIFL,PIFL04,25.5,NA,NA,10,alive
1,PIFL,PIFL04,26.0,553,201.3,10,alive
1,PIFL,PIFL04,26.5,NA,NA,10,alive
1,PIFL,PIFL04,27.0,581,223,10,alive
1,PIFL,PIFL04,27.5,NA,NA,10,alive
1,PIFL,PIFL04,28.0,532,150.3,10,alive
1,PIFL,PIFL04,28.5,NA,NA,10,alive
1,PIFL,PIFL04,29.0,588,161.9,10,alive
1,PIFL,PIFL04,29.5,NA,NA,10,alive
1,PIFL,PIFL04,3.0,673,437.7,10,alive
1,PIFL,PIFL04,3.5,NA,NA,10,alive
1,PIFL,PIFL04,30.0,547,219.6,10,alive
1,PIFL,PIFL04,30.5,NA,NA,10,alive
1,PIFL,PIFL04,31.0,588,193.8,10,alive
1,PIFL,PIFL04,31.5,NA,NA,10,alive
1,PIFL,PIFL04,32.0,540,99.6,10,alive
1,PIFL,PIFL04,32.5,NA,NA,10,alive
1,PIFL,PIFL04,33.0,586,195.6,10,alive
1,PIFL,PIFL04,33.5,NA,NA,10,alive
1,PIFL,PIFL04,34.0,538,189.8,10,alive
1,PIFL,PIFL04,34.5,NA,NA,10,alive
1,PIFL,PIFL04,35.0,584,225.7,10,alive
1,PIFL,PIFL04,35.5,NA,NA,10,alive
1,PIFL,PIFL04,36.0,600,125.8,10,alive
1,PIFL,PIFL04,4.0,664,259.5,10,alive
1,PIFL,PIFL04,4.5,NA,NA,10,alive
1,PIFL,PIFL04,5.0,671,177.7,10,alive
1,PIFL,PIFL04,5.5,NA,NA,10,alive
1,PIFL,PIFL04,6.0,659,167,10,alive
1,PIFL,PIFL04,6.5,NA,NA,10,alive
1,PIFL,PIFL04,7.0,660,126,10,alive
1,PIFL,PIFL04,7.5,NA,NA,NA,alive
1,PIFL,PIFL04,8.0,604,280.8,10,alive
1,PIFL,PIFL04,8.5,NA,NA,10,alive
1,PIFL,PIFL04,9.0,591,187.1,10,alive
1,PIFL,PIFL04,9.5,NA,NA,10,alive
1,PIFL,PIFL05,1.0,758,286.3,10,alive
1,PIFL,PIFL05,1.5,NA,NA,10,alive
1,PIFL,PIFL05,10.0,635,311.5,10,alive
1,PIFL,PIFL05,10.5,NA,NA,10,alive
1,PIFL,PIFL05,11.0,624,293.4,10,alive
1,PIFL,PIFL05,11.5,NA,NA,10,alive
1,PIFL,PIFL05,12.0,575,319.1,10,alive
1,PIFL,PIFL05,12.5,NA,NA,10,alive
1,PIFL,PIFL05,13.0,600,234.7,10,alive
1,PIFL,PIFL05,13.5,NA,NA,10,alive
1,PIFL,PIFL05,14.0,555,296.2,10,alive
1,PIFL,PIFL05,14.5,NA,NA,10,alive
1,PIFL,PIFL05,15.0,596,316.6,10,alive
1,PIFL,PIFL05,15.5,NA,NA,10,alive
1,PIFL,PIFL05,16.0,NA,153.4,NA,alive
1,PIFL,PIFL05,16.5,NA,NA,10,alive
1,PIFL,PIFL05,17.0,634,NA,10,alive
1,PIFL,PIFL05,17.5,NA,NA,10,alive
1,PIFL,PIFL05,18.0,586,NA,10,alive
1,PIFL,PIFL05,18.5,NA,NA,10,alive
1,PIFL,PIFL05,19.0,657,181.8,10,alive
1,PIFL,PIFL05,19.5,NA,NA,10,alive
1,PIFL,PIFL05,2.0,749,NA,10,alive
1,PIFL,PIFL05,2.5,NA,NA,10,alive
1,PIFL,PIFL05,20.0,592,307,10,alive
1,PIFL,PIFL05,20.5,NA,NA,10,alive
1,PIFL,PIFL05,21.0,652,257.1,10,alive
1,PIFL,PIFL05,21.5,NA,NA,10,alive
1,PIFL,PIFL05,22.0,601,172.6,10,alive
1,PIFL,PIFL05,22.5,NA,NA,10,alive
1,PIFL,PIFL05,23.0,634,173.9,10,alive
1,PIFL,PIFL05,23.5,NA,NA,10,alive
1,PIFL,PIFL05,24.0,581,261.1,10,alive
1,PIFL,PIFL05,24.5,NA,NA,10,alive
1,PIFL,PIFL05,25.0,652,253.9,10,alive
1,PIFL,PIFL05,25.5,NA,NA,10,alive
1,PIFL,PIFL05,26.0,608,328.4,25,alive
1,PIFL,PIFL05,26.5,NA,NA,10,alive
1,PIFL,PIFL05,27.0,641,238.3,25,alive
1,PIFL,PIFL05,27.5,NA,NA,10,alive
1,PIFL,PIFL05,28.0,583,183.2,10,alive
1,PIFL,PIFL05,28.5,NA,NA,10,alive
1,PIFL,PIFL05,29.0,644,222.1,10,alive
1,PIFL,PIFL05,29.5,NA,NA,10,alive
1,PIFL,PIFL05,3.0,761,347.9,10,alive
1,PIFL,PIFL05,3.5,NA,NA,10,alive
1,PIFL,PIFL05,30.0,593,300.6,10,alive
1,PIFL,PIFL05,30.5,NA,NA,10,alive
1,PIFL,PIFL05,31.0,662,287.1,10,alive
1,PIFL,PIFL05,31.5,NA,NA,10,alive
1,PIFL,PIFL05,32.0,600,156.5,10,alive
1,PIFL,PIFL05,32.5,NA,NA,10,alive
1,PIFL,PIFL05,33.0,651,212,10,alive
1,PIFL,PIFL05,33.5,NA,NA,10,alive
1,PIFL,PIFL05,34.0,592,232.8,10,alive
1,PIFL,PIFL05,34.5,NA,NA,10,alive
1,PIFL,PIFL05,35.0,651,210.3,10,alive
1,PIFL,PIFL05,35.5,NA,NA,10,alive
1,PIFL,PIFL05,36.0,671,164.8,10,alive
1,PIFL,PIFL05,4.0,749,356.2,10,alive
1,PIFL,PIFL05,4.5,NA,NA,10,alive
1,PIFL,PIFL05,5.0,756,317.2,10,alive
1,PIFL,PIFL05,5.5,NA,NA,10,alive
1,PIFL,PIFL05,6.0,743,248.2,10,alive
1,PIFL,PIFL05,6.5,NA,NA,10,alive
1,PIFL,PIFL05,7.0,757,104.6,10,alive
1,PIFL,PIFL05,7.5,NA,NA,NA,alive
1,PIFL,PIFL05,8.0,683,256.2,10,alive
1,PIFL,PIFL05,8.5,NA,NA,10,alive
1,PIFL,PIFL05,9.0,661,324.5,10,alive
1,PIFL,PIFL05,9.5,NA,NA,10,alive
1,PIFL,PIFL06,1.0,755,205.2,10,alive
1,PIFL,PIFL06,1.5,NA,NA,10,alive
1,PIFL,PIFL06,10.0,600,121.2,10,alive
1,PIFL,PIFL06,10.5,NA,NA,10,alive
1,PIFL,PIFL06,11.0,571,137.2,10,alive
1,PIFL,PIFL06,11.5,NA,NA,10,alive
1,PIFL,PIFL06,12.0,546,124.6,10,alive
1,PIFL,PIFL06,12.5,NA,NA,10,alive
1,PIFL,PIFL06,13.0,522,80.4,10,alive
1,PIFL,PIFL06,13.5,NA,NA,10,alive
1,PIFL,PIFL06,14.0,500,118.4,10,alive
1,PIFL,PIFL06,14.5,NA,NA,10,alive
1,PIFL,PIFL06,15.0,483,128.6,10,alive
1,PIFL,PIFL06,15.5,NA,NA,10,alive
1,PIFL,PIFL06,16.0,NA,60.8,NA,alive
1,PIFL,PIFL06,16.5,NA,NA,10,alive
1,PIFL,PIFL06,17.0,467,NA,10,alive
1,PIFL,PIFL06,17.5,NA,NA,10,alive
1,PIFL,PIFL06,18.0,451,NA,10,alive
1,PIFL,PIFL06,18.5,NA,NA,10,alive
1,PIFL,PIFL06,19.0,442,48.6,10,alive
1,PIFL,PIFL06,19.5,NA,NA,10,alive
1,PIFL,PIFL06,2.0,750,340.2,10,alive
1,PIFL,PIFL06,2.5,NA,NA,10,alive
1,PIFL,PIFL06,20.0,428,129.3,10,alive
1,PIFL,PIFL06,20.5,NA,NA,10,alive
1,PIFL,PIFL06,21.0,417,86.6,10,alive
1,PIFL,PIFL06,21.5,NA,NA,10,alive
1,PIFL,PIFL06,22.0,405,41,10,alive
1,PIFL,PIFL06,22.5,NA,NA,10,alive
1,PIFL,PIFL06,23.0,394,59.9,10,alive
1,PIFL,PIFL06,23.5,NA,NA,10,alive
1,PIFL,PIFL06,24.0,385,62.1,10,alive
1,PIFL,PIFL06,24.5,NA,NA,10,alive
1,PIFL,PIFL06,25.0,381,77.4,10,alive
1,PIFL,PIFL06,25.5,NA,NA,10,alive
1,PIFL,PIFL06,26.0,375,55,10,alive
1,PIFL,PIFL06,26.5,NA,NA,10,alive
1,PIFL,PIFL06,27.0,369,48.6,10,alive
1,PIFL,PIFL06,27.5,NA,NA,25,alive
1,PIFL,PIFL06,28.0,364,25.4,25,alive
1,PIFL,PIFL06,28.5,NA,NA,25,alive
1,PIFL,PIFL06,29.0,362,42.9,25,alive
1,PIFL,PIFL06,29.5,NA,NA,25,alive
1,PIFL,PIFL06,3.0,744,304.1,10,alive
1,PIFL,PIFL06,3.5,NA,NA,10,alive
1,PIFL,PIFL06,30.0,360,69.9,25,alive
1,PIFL,PIFL06,30.5,NA,NA,50,alive
1,PIFL,PIFL06,31.0,358,53.9,50,alive
1,PIFL,PIFL06,31.5,NA,NA,75,alive
1,PIFL,PIFL06,32.0,355,30.8,75,dead
1,PIFL,PIFL06,32.5,NA,NA,75,dead
1,PIFL,PIFL06,33.0,355,57.8,75,dead
1,PIFL,PIFL06,33.5,NA,NA,75,dead
1,PIFL,PIFL06,34.0,354,52.2,75,dead
1,PIFL,PIFL06,34.5,NA,NA,90,dead
1,PIFL,PIFL06,35.0,353,76.2,90,dead
1,PIFL,PIFL06,35.5,NA,NA,NA,dead
1,PIFL,PIFL06,36.0,NA,NA,NA,dead
1,PIFL,PIFL06,4.0,742,320.9,10,alive
1,PIFL,PIFL06,4.5,NA,NA,10,alive
1,PIFL,PIFL06,5.0,740,99.1,10,alive
1,PIFL,PIFL06,5.5,NA,NA,10,alive
1,PIFL,PIFL06,6.0,725,84.8,10,alive
1,PIFL,PIFL06,6.5,NA,NA,10,alive
1,PIFL,PIFL06,7.0,714,64.7,10,alive
1,PIFL,PIFL06,7.5,NA,NA,NA,alive
1,PIFL,PIFL06,8.0,639,109.3,10,alive
1,PIFL,PIFL06,8.5,NA,NA,10,alive
1,PIFL,PIFL06,9.0,616,100.3,10,alive
1,PIFL,PIFL06,9.5,NA,NA,10,alive
1,PIFL,PIFL07,1.0,782,298.5,10,alive
1,PIFL,PIFL07,1.5,NA,NA,10,alive
1,PIFL,PIFL07,10.0,594,210,10,alive
1,PIFL,PIFL07,10.5,NA,NA,10,alive
1,PIFL,PIFL07,11.0,559,266.5,10,alive
1,PIFL,PIFL07,11.5,NA,NA,10,alive
1,PIFL,PIFL07,12.0,524,260.3,10,alive
1,PIFL,PIFL07,12.5,NA,NA,10,alive
1,PIFL,PIFL07,13.0,497,79.4,10,alive
1,PIFL,PIFL07,13.5,NA,NA,10,alive
1,PIFL,PIFL07,14.0,473,177.3,10,alive
1,PIFL,PIFL07,14.5,NA,NA,10,alive
1,PIFL,PIFL07,15.0,455,231,10,alive
1,PIFL,PIFL07,15.5,NA,NA,10,alive
1,PIFL,PIFL07,16.0,NA,65.1,NA,alive
1,PIFL,PIFL07,16.5,NA,NA,10,alive
1,PIFL,PIFL07,17.0,440,NA,10,alive
1,PIFL,PIFL07,17.5,NA,NA,10,alive
1,PIFL,PIFL07,18.0,431,NA,10,alive
1,PIFL,PIFL07,18.5,NA,NA,10,alive
1,PIFL,PIFL07,19.0,427,24,10,alive
1,PIFL,PIFL07,19.5,NA,NA,10,alive
1,PIFL,PIFL07,2.0,774,358.5,10,alive
1,PIFL,PIFL07,2.5,NA,NA,10,alive
1,PIFL,PIFL07,20.0,420,54.9,10,alive
1,PIFL,PIFL07,20.5,NA,NA,10,alive
1,PIFL,PIFL07,21.0,413,44.5,10,alive
1,PIFL,PIFL07,21.5,NA,NA,10,alive
1,PIFL,PIFL07,22.0,406,21.2,10,alive
1,PIFL,PIFL07,22.5,NA,NA,10,alive
1,PIFL,PIFL07,23.0,401,22.8,10,alive
1,PIFL,PIFL07,23.5,NA,NA,25,alive
1,PIFL,PIFL07,24.0,394,44.2,25,alive
1,PIFL,PIFL07,24.5,NA,NA,25,alive
1,PIFL,PIFL07,25.0,391,58.7,25,alive
1,PIFL,PIFL07,25.5,NA,NA,25,alive
1,PIFL,PIFL07,26.0,388,45.2,25,alive
1,PIFL,PIFL07,26.5,NA,NA,25,alive
1,PIFL,PIFL07,27.0,386,46.9,25,alive
1,PIFL,PIFL07,27.5,NA,NA,25,alive
1,PIFL,PIFL07,28.0,384,26,25,alive
1,PIFL,PIFL07,28.5,NA,NA,50,alive
1,PIFL,PIFL07,29.0,384,34.6,50,alive
1,PIFL,PIFL07,29.5,NA,NA,75,alive
1,PIFL,PIFL07,3.0,770,335.2,10,alive
1,PIFL,PIFL07,3.5,NA,NA,10,alive
1,PIFL,PIFL07,30.0,384,64.8,75,alive
1,PIFL,PIFL07,30.5,NA,NA,75,dead
1,PIFL,PIFL07,31.0,384,62.2,90,dead
1,PIFL,PIFL07,31.5,NA,NA,90,dead
1,PIFL,PIFL07,32.0,383,33.3,90,dead
1,PIFL,PIFL07,32.5,NA,NA,90,dead
1,PIFL,PIFL07,33.0,382,44.9,90,dead
1,PIFL,PIFL07,33.5,NA,NA,NA,dead
1,PIFL,PIFL07,34.0,NA,NA,NA,dead
1,PIFL,PIFL07,34.5,NA,NA,NA,dead
1,PIFL,PIFL07,35.0,NA,NA,NA,dead
1,PIFL,PIFL07,35.5,NA,NA,NA,dead
1,PIFL,PIFL07,36.0,NA,NA,NA,dead
1,PIFL,PIFL07,4.0,766,367.9,10,alive
1,PIFL,PIFL07,4.5,NA,NA,10,alive
1,PIFL,PIFL07,5.0,768,210.4,10,alive
1,PIFL,PIFL07,5.5,NA,NA,10,alive
1,PIFL,PIFL07,6.0,756,128.5,10,alive
1,PIFL,PIFL07,6.5,NA,NA,10,alive
1,PIFL,PIFL07,7.0,747,92.4,10,alive
1,PIFL,PIFL07,7.5,NA,NA,NA,alive
1,PIFL,PIFL07,8.0,642,262.1,10,alive
1,PIFL,PIFL07,8.5,NA,NA,10,alive
1,PIFL,PIFL07,9.0,617,219.1,10,alive
1,PIFL,PIFL07,9.5,NA,NA,10,alive
1,PIFL,PIFL08,1.0,664,224.4,10,alive
1,PIFL,PIFL08,1.5,NA,NA,10,alive
1,PIFL,PIFL08,10.0,512,163.2,10,alive
1,PIFL,PIFL08,10.5,NA,NA,10,alive
1,PIFL,PIFL08,11.0,480,192.1,10,alive
1,PIFL,PIFL08,11.5,NA,NA,10,alive
1,PIFL,PIFL08,12.0,456,200,10,alive
1,PIFL,PIFL08,12.5,NA,NA,10,alive
1,PIFL,PIFL08,13.0,435,77.2,10,alive
1,PIFL,PIFL08,13.5,NA,NA,10,alive
1,PIFL,PIFL08,14.0,413,155.7,10,alive
1,PIFL,PIFL08,14.5,NA,NA,10,alive
1,PIFL,PIFL08,15.0,398,163.4,10,alive
1,PIFL,PIFL08,15.5,NA,NA,10,alive
1,PIFL,PIFL08,16.0,NA,104.3,NA,alive
1,PIFL,PIFL08,16.5,NA,NA,10,alive
1,PIFL,PIFL08,17.0,379,NA,10,alive
1,PIFL,PIFL08,17.5,NA,NA,10,alive
1,PIFL,PIFL08,18.0,363,NA,10,alive
1,PIFL,PIFL08,18.5,NA,NA,10,alive
1,PIFL,PIFL08,19.0,354,31.8,10,alive
1,PIFL,PIFL08,19.5,NA,NA,10,alive
1,PIFL,PIFL08,2.0,660,240.8,10,alive
1,PIFL,PIFL08,2.5,NA,NA,10,alive
1,PIFL,PIFL08,20.0,346,70,10,alive
1,PIFL,PIFL08,20.5,NA,NA,10,alive
1,PIFL,PIFL08,21.0,334,47.7,10,alive
1,PIFL,PIFL08,21.5,NA,NA,10,alive
1,PIFL,PIFL08,22.0,324,22.4,10,alive
1,PIFL,PIFL08,22.5,NA,NA,10,alive
1,PIFL,PIFL08,23.0,318,27,10,alive
1,PIFL,PIFL08,23.5,NA,NA,25,alive
1,PIFL,PIFL08,24.0,316,51.7,25,alive
1,PIFL,PIFL08,24.5,NA,NA,50,alive
1,PIFL,PIFL08,25.0,316,68.2,25,alive
1,PIFL,PIFL08,25.5,NA,NA,50,alive
1,PIFL,PIFL08,26.0,316,44.4,50,alive
1,PIFL,PIFL08,26.5,NA,NA,75,alive
1,PIFL,PIFL08,27.0,314,49.8,75,dead
1,PIFL,PIFL08,27.5,NA,NA,75,dead
1,PIFL,PIFL08,28.0,313,35.4,75,dead
1,PIFL,PIFL08,28.5,NA,NA,75,dead
1,PIFL,PIFL08,29.0,314,43.2,90,dead
1,PIFL,PIFL08,29.5,NA,NA,75,dead
1,PIFL,PIFL08,3.0,657,277.8,10,alive
1,PIFL,PIFL08,3.5,NA,NA,10,alive
1,PIFL,PIFL08,30.0,314,79.7,90,dead
1,PIFL,PIFL08,30.5,NA,NA,NA,dead
1,PIFL,PIFL08,31.0,NA,NA,NA,dead
1,PIFL,PIFL08,31.5,NA,NA,NA,dead
1,PIFL,PIFL08,32.0,NA,NA,NA,dead
1,PIFL,PIFL08,32.5,NA,NA,NA,dead
1,PIFL,PIFL08,33.0,NA,NA,NA,dead
1,PIFL,PIFL08,33.5,NA,NA,NA,dead
1,PIFL,PIFL08,34.0,NA,NA,NA,dead
1,PIFL,PIFL08,34.5,NA,NA,NA,dead
1,PIFL,PIFL08,35.0,NA,NA,NA,dead
1,PIFL,PIFL08,35.5,NA,NA,NA,dead
1,PIFL,PIFL08,36.0,NA,NA,NA,dead
1,PIFL,PIFL08,4.0,655,293.1,10,alive
1,PIFL,PIFL08,4.5,NA,NA,10,alive
1,PIFL,PIFL08,5.0,654,128.8,10,alive
1,PIFL,PIFL08,5.5,NA,NA,10,alive
1,PIFL,PIFL08,6.0,643,114.6,10,alive
1,PIFL,PIFL08,6.5,NA,NA,10,alive
1,PIFL,PIFL08,7.0,637,88.6,10,alive
1,PIFL,PIFL08,7.5,NA,NA,NA,alive
1,PIFL,PIFL08,8.0,551,292,10,alive
1,PIFL,PIFL08,8.5,NA,NA,10,alive
1,PIFL,PIFL08,9.0,530,180.8,10,alive
1,PIFL,PIFL08,9.5,NA,NA,10,alive
1,PIFL,PIFL09,1.0,760,208.3,10,alive
1,PIFL,PIFL09,1.5,NA,NA,10,alive
1,PIFL,PIFL09,10.0,634,112.8,10,alive
1,PIFL,PIFL09,10.5,NA,NA,10,alive
1,PIFL,PIFL09,11.0,604,126,10,alive
1,PIFL,PIFL09,11.5,NA,NA,10,alive
1,PIFL,PIFL09,12.0,580,225.8,10,alive
1,PIFL,PIFL09,12.5,NA,NA,10,alive
1,PIFL,PIFL09,13.0,554,84.7,10,alive
1,PIFL,PIFL09,13.5,NA,NA,10,alive
1,PIFL,PIFL09,14.0,530,123.6,10,alive
1,PIFL,PIFL09,14.5,NA,NA,10,alive
1,PIFL,PIFL09,15.0,507,128.8,10,alive
1,PIFL,PIFL09,15.5,NA,NA,10,alive
1,PIFL,PIFL09,16.0,NA,67.9,NA,alive
1,PIFL,PIFL09,16.5,NA,NA,10,alive
1,PIFL,PIFL09,17.0,481,NA,10,alive
1,PIFL,PIFL09,17.5,NA,NA,10,alive
1,PIFL,PIFL09,18.0,463,NA,10,alive
1,PIFL,PIFL09,18.5,NA,NA,10,alive
1,PIFL,PIFL09,19.0,449,41,10,alive
1,PIFL,PIFL09,19.5,NA,NA,10,alive
1,PIFL,PIFL09,2.0,754,220.3,10,alive
1,PIFL,PIFL09,2.5,NA,NA,10,alive
1,PIFL,PIFL09,20.0,433,99.9,10,alive
1,PIFL,PIFL09,20.5,NA,NA,10,alive
1,PIFL,PIFL09,21.0,417,59,10,alive
1,PIFL,PIFL09,21.5,NA,NA,10,alive
1,PIFL,PIFL09,22.0,405,20.7,10,alive
1,PIFL,PIFL09,22.5,NA,NA,10,alive
1,PIFL,PIFL09,23.0,392,20.3,10,alive
1,PIFL,PIFL09,23.5,NA,NA,10,alive
1,PIFL,PIFL09,24.0,385,45,25,alive
1,PIFL,PIFL09,24.5,NA,NA,25,alive
1,PIFL,PIFL09,25.0,385,60,25,alive
1,PIFL,PIFL09,25.5,NA,NA,50,alive
1,PIFL,PIFL09,26.0,384,36.8,50,alive
1,PIFL,PIFL09,26.5,NA,NA,50,alive
1,PIFL,PIFL09,27.0,383,37.7,75,alive
1,PIFL,PIFL09,27.5,NA,NA,50,alive
1,PIFL,PIFL09,28.0,381,20.2,75,alive
1,PIFL,PIFL09,28.5,NA,NA,50,alive
1,PIFL,PIFL09,29.0,381,31.4,75,alive
1,PIFL,PIFL09,29.5,NA,NA,75,dead
1,PIFL,PIFL09,3.0,754,244.8,10,alive
1,PIFL,PIFL09,3.5,NA,NA,10,alive
1,PIFL,PIFL09,30.0,382,62.9,75,dead
1,PIFL,PIFL09,30.5,NA,NA,90,dead
1,PIFL,PIFL09,31.0,382,44.4,90,dead
1,PIFL,PIFL09,31.5,NA,NA,90,dead
1,PIFL,PIFL09,32.0,381,26.2,90,dead
1,PIFL,PIFL09,32.5,NA,NA,NA,dead
1,PIFL,PIFL09,33.0,NA,NA,NA,dead
1,PIFL,PIFL09,33.5,NA,NA,NA,dead
1,PIFL,PIFL09,34.0,NA,NA,NA,dead
1,PIFL,PIFL09,34.5,NA,NA,NA,dead
1,PIFL,PIFL09,35.0,NA,NA,NA,dead
1,PIFL,PIFL09,35.5,NA,NA,NA,dead
1,PIFL,PIFL09,36.0,NA,NA,NA,dead
1,PIFL,PIFL09,4.0,749,266.6,10,alive
1,PIFL,PIFL09,4.5,NA,NA,10,alive
1,PIFL,PIFL09,5.0,751,118.4,10,alive
1,PIFL,PIFL09,5.5,NA,NA,10,alive
1,PIFL,PIFL09,6.0,744,87.8,10,alive
1,PIFL,PIFL09,6.5,NA,NA,10,alive
1,PIFL,PIFL09,7.0,738,79.4,10,alive
1,PIFL,PIFL09,7.5,NA,NA,NA,alive
1,PIFL,PIFL09,8.0,672,119.8,10,alive
1,PIFL,PIFL09,8.5,NA,NA,10,alive
1,PIFL,PIFL09,9.0,652,113.2,10,alive
1,PIFL,PIFL09,9.5,NA,NA,10,alive
1,PIFL,PIFL10,1.0,697,154.5,10,alive
1,PIFL,PIFL10,1.5,NA,NA,10,alive
1,PIFL,PIFL10,10.0,509,150.5,10,alive
1,PIFL,PIFL10,10.5,NA,NA,10,alive
1,PIFL,PIFL10,11.0,473,174.5,10,alive
1,PIFL,PIFL10,11.5,NA,NA,10,alive
1,PIFL,PIFL10,12.0,446,179.4,10,alive
1,PIFL,PIFL10,12.5,NA,NA,10,alive
1,PIFL,PIFL10,13.0,425,113.1,10,alive
1,PIFL,PIFL10,13.5,NA,NA,10,alive
1,PIFL,PIFL10,14.0,402,140.6,10,alive
1,PIFL,PIFL10,14.5,NA,NA,10,alive
1,PIFL,PIFL10,15.0,386,149.7,10,alive
1,PIFL,PIFL10,15.5,NA,NA,10,alive
1,PIFL,PIFL10,16.0,NA,77,NA,alive
1,PIFL,PIFL10,16.5,NA,NA,10,alive
1,PIFL,PIFL10,17.0,373,NA,10,alive
1,PIFL,PIFL10,17.5,NA,NA,10,alive
1,PIFL,PIFL10,18.0,366,NA,10,alive
1,PIFL,PIFL10,18.5,NA,NA,10,alive
1,PIFL,PIFL10,19.0,362,21.5,10,alive
1,PIFL,PIFL10,19.5,NA,NA,10,alive
1,PIFL,PIFL10,2.0,690,220.6,10,alive
1,PIFL,PIFL10,2.5,NA,NA,10,alive
1,PIFL,PIFL10,20.0,355,57.6,10,alive
1,PIFL,PIFL10,20.5,NA,NA,10,alive
1,PIFL,PIFL10,21.0,348,46.1,10,alive
1,PIFL,PIFL10,21.5,NA,NA,10,alive
1,PIFL,PIFL10,22.0,343,23.3,10,alive
1,PIFL,PIFL10,22.5,NA,NA,10,alive
1,PIFL,PIFL10,23.0,339,24.4,10,alive
1,PIFL,PIFL10,23.5,NA,NA,10,alive
1,PIFL,PIFL10,24.0,337,47.7,25,alive
1,PIFL,PIFL10,24.5,NA,NA,25,alive
1,PIFL,PIFL10,25.0,337,59.4,25,alive
1,PIFL,PIFL10,25.5,NA,NA,50,alive
1,PIFL,PIFL10,26.0,337,37.7,25,alive
1,PIFL,PIFL10,26.5,NA,NA,25,alive
1,PIFL,PIFL10,27.0,336,46.4,50,alive
1,PIFL,PIFL10,27.5,NA,NA,50,alive
1,PIFL,PIFL10,28.0,335,25.7,50,dead
1,PIFL,PIFL10,28.5,NA,NA,50,dead
1,PIFL,PIFL10,29.0,335,35.3,50,dead
1,PIFL,PIFL10,29.5,NA,NA,75,dead
1,PIFL,PIFL10,3.0,684,194.7,10,alive
1,PIFL,PIFL10,3.5,NA,NA,10,alive
1,PIFL,PIFL10,30.0,335,71.6,75,dead
1,PIFL,PIFL10,30.5,NA,NA,NA,dead
1,PIFL,PIFL10,31.0,NA,NA,NA,dead
1,PIFL,PIFL10,31.5,NA,NA,NA,dead
1,PIFL,PIFL10,32.0,NA,NA,NA,dead
1,PIFL,PIFL10,32.5,NA,NA,NA,dead
1,PIFL,PIFL10,33.0,NA,NA,NA,dead
1,PIFL,PIFL10,33.5,NA,NA,NA,dead
1,PIFL,PIFL10,34.0,NA,NA,NA,dead
1,PIFL,PIFL10,34.5,NA,NA,NA,dead
1,PIFL,PIFL10,35.0,NA,NA,NA,dead
1,PIFL,PIFL10,35.5,NA,NA,NA,dead
1,PIFL,PIFL10,36.0,NA,NA,NA,dead
1,PIFL,PIFL10,4.0,677,217,10,alive
1,PIFL,PIFL10,4.5,NA,NA,10,alive
1,PIFL,PIFL10,5.0,672,115.5,10,alive
1,PIFL,PIFL10,5.5,NA,NA,10,alive
1,PIFL,PIFL10,6.0,661,127,10,alive
1,PIFL,PIFL10,6.5,NA,NA,10,alive
1,PIFL,PIFL10,7.0,650,67.6,10,alive
1,PIFL,PIFL10,7.5,NA,NA,NA,alive
1,PIFL,PIFL10,8.0,557,120.8,10,alive
1,PIFL,PIFL10,8.5,NA,NA,10,alive
1,PIFL,PIFL10,9.0,531,126,10,alive
1,PIFL,PIFL10,9.5,NA,NA,10,alive
1,PIFL,PIFL11,1.0,674,357.4,10,alive
1,PIFL,PIFL11,1.5,NA,NA,10,alive
1,PIFL,PIFL11,10.0,462,141.8,10,alive
1,PIFL,PIFL11,10.5,NA,NA,10,alive
1,PIFL,PIFL11,11.0,424,204.7,10,alive
1,PIFL,PIFL11,11.5,NA,NA,10,alive
1,PIFL,PIFL11,12.0,401,185.2,10,alive
1,PIFL,PIFL11,12.5,NA,NA,10,alive
1,PIFL,PIFL11,13.0,380,115.3,10,alive
1,PIFL,PIFL11,13.5,NA,NA,10,alive
1,PIFL,PIFL11,14.0,361,117.3,10,alive
1,PIFL,PIFL11,14.5,NA,NA,10,alive
1,PIFL,PIFL11,15.0,353,97.7,10,alive
1,PIFL,PIFL11,15.5,NA,NA,10,alive
1,PIFL,PIFL11,16.0,NA,47.4,NA,alive
1,PIFL,PIFL11,16.5,NA,NA,10,alive
1,PIFL,PIFL11,17.0,346,NA,10,alive
1,PIFL,PIFL11,17.5,NA,NA,10,alive
1,PIFL,PIFL11,18.0,339,NA,25,alive
1,PIFL,PIFL11,18.5,NA,NA,10,alive
1,PIFL,PIFL11,19.0,334,22.5,10,alive
1,PIFL,PIFL11,19.5,NA,NA,10,alive
1,PIFL,PIFL11,2.0,662,291.7,10,alive
1,PIFL,PIFL11,2.5,NA,NA,10,alive
1,PIFL,PIFL11,20.0,329,56.7,10,alive
1,PIFL,PIFL11,20.5,NA,NA,10,alive
1,PIFL,PIFL11,21.0,320,45,10,alive
1,PIFL,PIFL11,21.5,NA,NA,10,alive
1,PIFL,PIFL11,22.0,317,21.8,10,alive
1,PIFL,PIFL11,22.5,NA,NA,10,alive
1,PIFL,PIFL11,23.0,314,23.9,10,alive
1,PIFL,PIFL11,23.5,NA,NA,50,alive
1,PIFL,PIFL11,24.0,314,54.3,50,alive
1,PIFL,PIFL11,24.5,NA,NA,75,alive
1,PIFL,PIFL11,25.0,314,70.7,50,alive
1,PIFL,PIFL11,25.5,NA,NA,75,alive
1,PIFL,PIFL11,26.0,314,42.8,75,alive
1,PIFL,PIFL11,26.5,NA,NA,75,alive
1,PIFL,PIFL11,27.0,313,44.9,75,dead
1,PIFL,PIFL11,27.5,NA,NA,75,dead
1,PIFL,PIFL11,28.0,312,23.9,75,dead
1,PIFL,PIFL11,28.5,NA,NA,75,dead
1,PIFL,PIFL11,29.0,312,32.6,75,dead
1,PIFL,PIFL11,29.5,NA,NA,NA,dead
1,PIFL,PIFL11,3.0,648,251.9,10,alive
1,PIFL,PIFL11,3.5,NA,NA,10,alive
1,PIFL,PIFL11,30.0,NA,NA,NA,dead
1,PIFL,PIFL11,30.5,NA,NA,NA,dead
1,PIFL,PIFL11,31.0,NA,NA,NA,dead
1,PIFL,PIFL11,31.5,NA,NA,NA,dead
1,PIFL,PIFL11,32.0,NA,NA,NA,dead
1,PIFL,PIFL11,32.5,NA,NA,NA,dead
1,PIFL,PIFL11,33.0,NA,NA,NA,dead
1,PIFL,PIFL11,33.5,NA,NA,NA,dead
1,PIFL,PIFL11,34.0,NA,NA,NA,dead
1,PIFL,PIFL11,34.5,NA,NA,NA,dead
1,PIFL,PIFL11,35.0,NA,NA,NA,dead
1,PIFL,PIFL11,35.5,NA,NA,NA,dead
1,PIFL,PIFL11,36.0,NA,NA,NA,dead
1,PIFL,PIFL11,4.0,640,284.8,10,alive
1,PIFL,PIFL11,4.5,NA,NA,10,alive
1,PIFL,PIFL11,5.0,630,156.3,10,alive
1,PIFL,PIFL11,5.5,NA,NA,10,alive
1,PIFL,PIFL11,6.0,610,105.3,10,alive
1,PIFL,PIFL11,6.5,NA,NA,10,alive
1,PIFL,PIFL11,7.0,598,65.3,10,alive
1,PIFL,PIFL11,7.5,NA,NA,NA,alive
1,PIFL,PIFL11,8.0,510,104,10,alive
1,PIFL,PIFL11,8.5,NA,NA,10,alive
1,PIFL,PIFL11,9.0,483,130.5,10,alive
1,PIFL,PIFL11,9.5,NA,NA,10,alive
1,PIFL,PIFL12,1.0,677,256.9,10,alive
1,PIFL,PIFL12,1.5,NA,NA,10,alive
1,PIFL,PIFL12,10.0,527,235.4,10,alive
1,PIFL,PIFL12,10.5,NA,NA,10,alive
1,PIFL,PIFL12,11.0,501,166.5,10,alive
1,PIFL,PIFL12,11.5,NA,NA,10,alive
1,PIFL,PIFL12,12.0,471,179.5,10,alive
1,PIFL,PIFL12,12.5,NA,NA,10,alive
1,PIFL,PIFL12,13.0,445,146.5,10,alive
1,PIFL,PIFL12,13.5,NA,NA,10,alive
1,PIFL,PIFL12,14.0,420,142.8,10,alive
1,PIFL,PIFL12,14.5,NA,NA,10,alive
1,PIFL,PIFL12,15.0,403,208.4,10,alive
1,PIFL,PIFL12,15.5,NA,NA,10,alive
1,PIFL,PIFL12,16.0,NA,140.6,NA,alive
1,PIFL,PIFL12,16.5,NA,NA,10,alive
1,PIFL,PIFL12,17.0,382,NA,10,alive
1,PIFL,PIFL12,17.5,NA,NA,10,alive
1,PIFL,PIFL12,18.0,369,NA,10,alive
1,PIFL,PIFL12,18.5,NA,NA,10,alive
1,PIFL,PIFL12,19.0,364,26.7,10,alive
1,PIFL,PIFL12,19.5,NA,NA,10,alive
1,PIFL,PIFL12,2.0,670,238,10,alive
1,PIFL,PIFL12,2.5,NA,NA,10,alive
1,PIFL,PIFL12,20.0,356,66.6,10,alive
1,PIFL,PIFL12,20.5,NA,NA,10,alive
1,PIFL,PIFL12,21.0,348,54.4,10,alive
1,PIFL,PIFL12,21.5,NA,NA,10,alive
1,PIFL,PIFL12,22.0,341,24.7,10,alive
1,PIFL,PIFL12,22.5,NA,NA,10,alive
1,PIFL,PIFL12,23.0,333,27.8,10,alive
1,PIFL,PIFL12,23.5,NA,NA,10,alive
1,PIFL,PIFL12,24.0,329,53.3,10,alive
1,PIFL,PIFL12,24.5,NA,NA,25,alive
1,PIFL,PIFL12,25.0,329,71.5,25,alive
1,PIFL,PIFL12,25.5,NA,NA,50,alive
1,PIFL,PIFL12,26.0,329,53.5,25,alive
1,PIFL,PIFL12,26.5,NA,NA,50,alive
1,PIFL,PIFL12,27.0,328,54.5,50,alive
1,PIFL,PIFL12,27.5,NA,NA,50,alive
1,PIFL,PIFL12,28.0,327,31,75,alive
1,PIFL,PIFL12,28.5,NA,NA,75,dead
1,PIFL,PIFL12,29.0,327,48.6,75,dead
1,PIFL,PIFL12,29.5,NA,NA,75,dead
1,PIFL,PIFL12,3.0,664,264.7,10,alive
1,PIFL,PIFL12,3.5,NA,NA,10,alive
1,PIFL,PIFL12,30.0,327,86.6,75,dead
1,PIFL,PIFL12,30.5,NA,NA,75,dead
1,PIFL,PIFL12,31.0,327,53.8,90,dead
1,PIFL,PIFL12,31.5,NA,NA,NA,dead
1,PIFL,PIFL12,32.0,NA,NA,NA,dead
1,PIFL,PIFL12,32.5,NA,NA,NA,dead
1,PIFL,PIFL12,33.0,NA,NA,NA,dead
1,PIFL,PIFL12,33.5,NA,NA,NA,dead
1,PIFL,PIFL12,34.0,NA,NA,NA,dead
1,PIFL,PIFL12,34.5,NA,NA,NA,dead
1,PIFL,PIFL12,35.0,NA,NA,NA,dead
1,PIFL,PIFL12,35.5,NA,NA,NA,dead
1,PIFL,PIFL12,36.0,NA,NA,NA,dead
1,PIFL,PIFL12,4.0,663,199.9,10,alive
1,PIFL,PIFL12,4.5,NA,NA,10,alive
1,PIFL,PIFL12,5.0,661,213.6,10,alive
1,PIFL,PIFL12,5.5,NA,NA,10,alive
1,PIFL,PIFL12,6.0,652,134.9,10,alive
1,PIFL,PIFL12,6.5,NA,NA,10,alive
1,PIFL,PIFL12,7.0,646,76,10,alive
1,PIFL,PIFL12,7.5,NA,NA,NA,alive
1,PIFL,PIFL12,8.0,562,180.3,10,alive
1,PIFL,PIFL12,8.5,NA,NA,10,alive
1,PIFL,PIFL12,9.0,546,250.5,10,alive
1,PIFL,PIFL12,9.5,NA,NA,10,alive
1,PIFL,PIFL13,1.0,697,169.9,10,alive
1,PIFL,PIFL13,1.5,NA,NA,10,alive
1,PIFL,PIFL13,10.0,571,167.1,10,alive
1,PIFL,PIFL13,10.5,NA,NA,10,alive
1,PIFL,PIFL13,11.0,546,152.2,10,alive
1,PIFL,PIFL13,11.5,NA,NA,10,alive
1,PIFL,PIFL13,12.0,517,241.3,10,alive
1,PIFL,PIFL13,12.5,NA,NA,10,alive
1,PIFL,PIFL13,13.0,492,92.5,10,alive
1,PIFL,PIFL13,13.5,NA,NA,10,alive
1,PIFL,PIFL13,14.0,468,145.5,10,alive
1,PIFL,PIFL13,14.5,NA,NA,10,alive
1,PIFL,PIFL13,15.0,450,142.8,10,alive
1,PIFL,PIFL13,15.5,NA,NA,10,alive
1,PIFL,PIFL13,16.0,NA,124.2,NA,alive
1,PIFL,PIFL13,16.5,NA,NA,10,alive
1,PIFL,PIFL13,17.0,428,NA,10,alive
1,PIFL,PIFL13,17.5,NA,NA,10,alive
1,PIFL,PIFL13,18.0,412,NA,10,alive
1,PIFL,PIFL13,18.5,NA,NA,10,alive
1,PIFL,PIFL13,19.0,399,77.9,10,alive
1,PIFL,PIFL13,19.5,NA,NA,10,alive
1,PIFL,PIFL13,2.0,693,260.5,10,alive
1,PIFL,PIFL13,2.5,NA,NA,10,alive
1,PIFL,PIFL13,20.0,384,143.9,10,alive
1,PIFL,PIFL13,20.5,NA,NA,10,alive
1,PIFL,PIFL13,21.0,369,63.8,10,alive
1,PIFL,PIFL13,21.5,NA,NA,10,alive
1,PIFL,PIFL13,22.0,357,20.1,10,alive
1,PIFL,PIFL13,22.5,NA,NA,10,alive
1,PIFL,PIFL13,23.0,345,21.8,10,alive
1,PIFL,PIFL13,23.5,NA,NA,10,alive
1,PIFL,PIFL13,24.0,342,43.2,25,alive
1,PIFL,PIFL13,24.5,NA,NA,25,alive
1,PIFL,PIFL13,25.0,342,61.8,25,alive
1,PIFL,PIFL13,25.5,NA,NA,25,alive
1,PIFL,PIFL13,26.0,341,35.1,25,alive
1,PIFL,PIFL13,26.5,NA,NA,75,alive
1,PIFL,PIFL13,27.0,341,43.2,50,alive
1,PIFL,PIFL13,27.5,NA,NA,50,alive
1,PIFL,PIFL13,28.0,340,23.5,75,alive
1,PIFL,PIFL13,28.5,NA,NA,75,alive
1,PIFL,PIFL13,29.0,340,30,75,dead
1,PIFL,PIFL13,29.5,NA,NA,75,dead
1,PIFL,PIFL13,3.0,691,227.6,10,alive
1,PIFL,PIFL13,3.5,NA,NA,10,alive
1,PIFL,PIFL13,30.0,341,61.5,75,dead
1,PIFL,PIFL13,30.5,NA,NA,90,dead
1,PIFL,PIFL13,31.0,341,41.8,90,dead
1,PIFL,PIFL13,31.5,NA,NA,NA,dead
1,PIFL,PIFL13,32.0,NA,NA,NA,dead
1,PIFL,PIFL13,32.5,NA,NA,NA,dead
1,PIFL,PIFL13,33.0,NA,NA,NA,dead
1,PIFL,PIFL13,33.5,NA,NA,NA,dead
1,PIFL,PIFL13,34.0,NA,NA,NA,dead
1,PIFL,PIFL13,34.5,NA,NA,NA,dead
1,PIFL,PIFL13,35.0,NA,NA,NA,dead
1,PIFL,PIFL13,35.5,NA,NA,NA,dead
1,PIFL,PIFL13,36.0,NA,NA,NA,dead
1,PIFL,PIFL13,4.0,692,240,10,alive
1,PIFL,PIFL13,4.5,NA,NA,10,alive
1,PIFL,PIFL13,5.0,693,151.7,10,alive
1,PIFL,PIFL13,5.5,NA,NA,10,alive
1,PIFL,PIFL13,6.0,685,131.9,10,alive
1,PIFL,PIFL13,6.5,NA,NA,10,alive
1,PIFL,PIFL13,7.0,676,146.5,10,alive
1,PIFL,PIFL13,7.5,NA,NA,NA,alive
1,PIFL,PIFL13,8.0,606,234.9,10,alive
1,PIFL,PIFL13,8.5,NA,NA,10,alive
1,PIFL,PIFL13,9.0,592,172.2,10,alive
1,PIFL,PIFL13,9.5,NA,NA,10,alive
1,PIFL,PIFL14,1.0,653,263.9,10,alive
1,PIFL,PIFL14,1.5,NA,NA,10,alive
1,PIFL,PIFL14,10.0,475,150.3,10,alive
1,PIFL,PIFL14,10.5,NA,NA,10,alive
1,PIFL,PIFL14,11.0,440,176.8,10,alive
1,PIFL,PIFL14,11.5,NA,NA,10,alive
1,PIFL,PIFL14,12.0,415,212.1,10,alive
1,PIFL,PIFL14,12.5,NA,NA,10,alive
1,PIFL,PIFL14,13.0,395,89.9,10,alive
1,PIFL,PIFL14,13.5,NA,NA,10,alive
1,PIFL,PIFL14,14.0,375,151.1,10,alive
1,PIFL,PIFL14,14.5,NA,NA,10,alive
1,PIFL,PIFL14,15.0,364,130.4,10,alive
1,PIFL,PIFL14,15.5,NA,NA,10,alive
1,PIFL,PIFL14,16.0,NA,56.7,NA,alive
1,PIFL,PIFL14,16.5,NA,NA,10,alive
1,PIFL,PIFL14,17.0,356,NA,10,alive
1,PIFL,PIFL14,17.5,NA,NA,10,alive
1,PIFL,PIFL14,18.0,347,NA,10,alive
1,PIFL,PIFL14,18.5,NA,NA,10,alive
1,PIFL,PIFL14,19.0,340,26.8,10,alive
1,PIFL,PIFL14,19.5,NA,NA,10,alive
1,PIFL,PIFL14,2.0,645,270.6,10,alive
1,PIFL,PIFL14,2.5,NA,NA,25,alive
1,PIFL,PIFL14,20.0,331,53.1,10,alive
1,PIFL,PIFL14,20.5,NA,NA,10,alive
1,PIFL,PIFL14,21.0,327,43.7,10,alive
1,PIFL,PIFL14,21.5,NA,NA,10,alive
1,PIFL,PIFL14,22.0,324,20.4,10,alive
1,PIFL,PIFL14,22.5,NA,NA,10,alive
1,PIFL,PIFL14,23.0,323,23.3,25,alive
1,PIFL,PIFL14,23.5,NA,NA,50,alive
1,PIFL,PIFL14,24.0,323,46.1,50,alive
1,PIFL,PIFL14,24.5,NA,NA,75,alive
1,PIFL,PIFL14,25.0,323,65.8,50,alive
1,PIFL,PIFL14,25.5,NA,NA,75,alive
1,PIFL,PIFL14,26.0,323,39.8,75,alive
1,PIFL,PIFL14,26.5,NA,NA,75,alive
1,PIFL,PIFL14,27.0,322,42.8,75,dead
1,PIFL,PIFL14,27.5,NA,NA,75,dead
1,PIFL,PIFL14,28.0,321,23.8,75,dead
1,PIFL,PIFL14,28.5,NA,NA,75,dead
1,PIFL,PIFL14,29.0,321,31,75,dead
1,PIFL,PIFL14,29.5,NA,NA,NA,dead
1,PIFL,PIFL14,3.0,638,292.3,25,alive
1,PIFL,PIFL14,3.5,NA,NA,25,alive
1,PIFL,PIFL14,30.0,NA,NA,NA,dead
1,PIFL,PIFL14,30.5,NA,NA,NA,dead
1,PIFL,PIFL14,31.0,NA,NA,NA,dead
1,PIFL,PIFL14,31.5,NA,NA,NA,dead
1,PIFL,PIFL14,32.0,NA,NA,NA,dead
1,PIFL,PIFL14,32.5,NA,NA,NA,dead
1,PIFL,PIFL14,33.0,NA,NA,NA,dead
1,PIFL,PIFL14,33.5,NA,NA,NA,dead
1,PIFL,PIFL14,34.0,NA,NA,NA,dead
1,PIFL,PIFL14,34.5,NA,NA,NA,dead
1,PIFL,PIFL14,35.0,NA,NA,NA,dead
1,PIFL,PIFL14,35.5,NA,NA,NA,dead
1,PIFL,PIFL14,36.0,NA,NA,NA,dead
1,PIFL,PIFL14,4.0,634,222.1,10,alive
1,PIFL,PIFL14,4.5,NA,NA,25,alive
1,PIFL,PIFL14,5.0,628,182.5,10,alive
1,PIFL,PIFL14,5.5,NA,NA,25,alive
1,PIFL,PIFL14,6.0,616,159.5,10,alive
1,PIFL,PIFL14,6.5,NA,NA,10,alive
1,PIFL,PIFL14,7.0,606,191.3,10,alive
1,PIFL,PIFL14,7.5,NA,NA,NA,alive
1,PIFL,PIFL14,8.0,525,230.5,10,alive
1,PIFL,PIFL14,8.5,NA,NA,10,alive
1,PIFL,PIFL14,9.0,502,212.4,10,alive
1,PIFL,PIFL14,9.5,NA,NA,10,alive
1,PIFL,PIFL15,1.0,668,189.1,10,alive
1,PIFL,PIFL15,1.5,NA,NA,10,alive
1,PIFL,PIFL15,10.0,507,200.9,10,alive
1,PIFL,PIFL15,10.5,NA,NA,10,alive
1,PIFL,PIFL15,11.0,471,244.8,10,alive
1,PIFL,PIFL15,11.5,NA,NA,10,alive
1,PIFL,PIFL15,12.0,444,209.1,10,alive
1,PIFL,PIFL15,12.5,NA,NA,10,alive
1,PIFL,PIFL15,13.0,424,115.7,10,alive
1,PIFL,PIFL15,13.5,NA,NA,10,alive
1,PIFL,PIFL15,14.0,406,156.4,10,alive
1,PIFL,PIFL15,14.5,NA,NA,10,alive
1,PIFL,PIFL15,15.0,394,188.1,10,alive
1,PIFL,PIFL15,15.5,NA,NA,10,alive
1,PIFL,PIFL15,16.0,NA,89.7,NA,alive
1,PIFL,PIFL15,16.5,NA,NA,10,alive
1,PIFL,PIFL15,17.0,375,NA,10,alive
1,PIFL,PIFL15,17.5,NA,NA,10,alive
1,PIFL,PIFL15,18.0,363,NA,10,alive
1,PIFL,PIFL15,18.5,NA,NA,10,alive
1,PIFL,PIFL15,19.0,355,40.6,10,alive
1,PIFL,PIFL15,19.5,NA,NA,10,alive
1,PIFL,PIFL15,2.0,662,352.4,10,alive
1,PIFL,PIFL15,2.5,NA,NA,10,alive
1,PIFL,PIFL15,20.0,347,52.9,10,alive
1,PIFL,PIFL15,20.5,NA,NA,10,alive
1,PIFL,PIFL15,21.0,335,45,10,alive
1,PIFL,PIFL15,21.5,NA,NA,10,alive
1,PIFL,PIFL15,22.0,327,25,10,alive
1,PIFL,PIFL15,22.5,NA,NA,10,alive
1,PIFL,PIFL15,23.0,322,24.3,10,alive
1,PIFL,PIFL15,23.5,NA,NA,25,alive
1,PIFL,PIFL15,24.0,322,51.8,50,alive
1,PIFL,PIFL15,24.5,NA,NA,50,alive
1,PIFL,PIFL15,25.0,322,68.7,50,alive
1,PIFL,PIFL15,25.5,NA,NA,75,alive
1,PIFL,PIFL15,26.0,322,51.2,75,alive
1,PIFL,PIFL15,26.5,NA,NA,50,alive
1,PIFL,PIFL15,27.0,321,60.5,75,dead
1,PIFL,PIFL15,27.5,NA,NA,75,dead
1,PIFL,PIFL15,28.0,320,29,90,dead
1,PIFL,PIFL15,28.5,NA,NA,90,dead
1,PIFL,PIFL15,29.0,320,46.1,90,dead
1,PIFL,PIFL15,29.5,NA,NA,NA,dead
1,PIFL,PIFL15,3.0,657,277.1,10,alive
1,PIFL,PIFL15,3.5,NA,NA,10,alive
1,PIFL,PIFL15,30.0,NA,NA,NA,dead
1,PIFL,PIFL15,30.5,NA,NA,NA,dead
1,PIFL,PIFL15,31.0,NA,NA,NA,dead
1,PIFL,PIFL15,31.5,NA,NA,NA,dead
1,PIFL,PIFL15,32.0,NA,NA,NA,dead
1,PIFL,PIFL15,32.5,NA,NA,NA,dead
1,PIFL,PIFL15,33.0,NA,NA,NA,dead
1,PIFL,PIFL15,33.5,NA,NA,NA,dead
1,PIFL,PIFL15,34.0,NA,NA,NA,dead
1,PIFL,PIFL15,34.5,NA,NA,NA,dead
1,PIFL,PIFL15,35.0,NA,NA,NA,dead
1,PIFL,PIFL15,35.5,NA,NA,NA,dead
1,PIFL,PIFL15,36.0,NA,NA,NA,dead
1,PIFL,PIFL15,4.0,653,258.6,10,alive
1,PIFL,PIFL15,4.5,NA,NA,10,alive
1,PIFL,PIFL15,5.0,650,176.7,10,alive
1,PIFL,PIFL15,5.5,NA,NA,10,alive
1,PIFL,PIFL15,6.0,637,191.6,10,alive
1,PIFL,PIFL15,6.5,NA,NA,10,alive
1,PIFL,PIFL15,7.0,632,141.2,10,alive
1,PIFL,PIFL15,7.5,NA,NA,NA,alive
1,PIFL,PIFL15,8.0,562,158.8,10,alive
1,PIFL,PIFL15,8.5,NA,NA,10,alive
1,PIFL,PIFL15,9.0,528,235.5,10,alive
1,PIFL,PIFL15,9.5,NA,NA,10,alive
1,PIFL,PIFL16,1.0,680,NA,25,alive
1,PIFL,PIFL16,1.5,NA,NA,25,alive
1,PIFL,PIFL16,10.0,543,NA,75,dead
1,PIFL,PIFL16,10.5,NA,NA,75,dead
1,PIFL,PIFL16,11.0,515,NA,75,dead
1,PIFL,PIFL16,11.5,NA,NA,75,dead
1,PIFL,PIFL16,12.0,495,NA,75,dead
1,PIFL,PIFL16,12.5,NA,NA,NA,dead
1,PIFL,PIFL16,13.0,NA,NA,NA,dead
1,PIFL,PIFL16,13.5,NA,NA,NA,dead
1,PIFL,PIFL16,14.0,NA,NA,NA,dead
1,PIFL,PIFL16,14.5,NA,NA,NA,dead
1,PIFL,PIFL16,15.0,NA,NA,NA,dead
1,PIFL,PIFL16,15.5,NA,NA,NA,dead
1,PIFL,PIFL16,16.0,NA,NA,NA,dead
1,PIFL,PIFL16,16.5,NA,NA,NA,dead
1,PIFL,PIFL16,17.0,NA,NA,NA,dead
1,PIFL,PIFL16,17.5,NA,NA,NA,dead
1,PIFL,PIFL16,18.0,NA,NA,NA,dead
1,PIFL,PIFL16,18.5,NA,NA,NA,dead
1,PIFL,PIFL16,19.0,NA,NA,NA,dead
1,PIFL,PIFL16,19.5,NA,NA,NA,dead
1,PIFL,PIFL16,2.0,674,NA,25,alive
1,PIFL,PIFL16,2.5,NA,NA,25,alive
1,PIFL,PIFL16,20.0,NA,NA,NA,dead
1,PIFL,PIFL16,20.5,NA,NA,NA,dead
1,PIFL,PIFL16,21.0,NA,NA,NA,dead
1,PIFL,PIFL16,21.5,NA,NA,NA,dead
1,PIFL,PIFL16,22.0,NA,NA,NA,dead
1,PIFL,PIFL16,22.5,NA,NA,NA,dead
1,PIFL,PIFL16,23.0,NA,NA,NA,dead
1,PIFL,PIFL16,23.5,NA,NA,NA,dead
1,PIFL,PIFL16,24.0,NA,NA,NA,dead
1,PIFL,PIFL16,24.5,NA,NA,NA,dead
1,PIFL,PIFL16,25.0,NA,NA,NA,dead
1,PIFL,PIFL16,25.5,NA,NA,NA,dead
1,PIFL,PIFL16,26.0,NA,NA,NA,dead
1,PIFL,PIFL16,26.5,NA,NA,NA,dead
1,PIFL,PIFL16,27.0,NA,NA,NA,dead
1,PIFL,PIFL16,27.5,NA,NA,NA,dead
1,PIFL,PIFL16,28.0,NA,NA,NA,dead
1,PIFL,PIFL16,28.5,NA,NA,NA,dead
1,PIFL,PIFL16,29.0,NA,NA,NA,dead
1,PIFL,PIFL16,29.5,NA,NA,NA,dead
1,PIFL,PIFL16,3.0,667,NA,50,alive
1,PIFL,PIFL16,3.5,NA,NA,50,alive
1,PIFL,PIFL16,30.0,NA,NA,NA,dead
1,PIFL,PIFL16,30.5,NA,NA,NA,dead
1,PIFL,PIFL16,31.0,NA,NA,NA,dead
1,PIFL,PIFL16,31.5,NA,NA,NA,dead
1,PIFL,PIFL16,32.0,NA,NA,NA,dead
1,PIFL,PIFL16,32.5,NA,NA,NA,dead
1,PIFL,PIFL16,33.0,NA,NA,NA,dead
1,PIFL,PIFL16,33.5,NA,NA,NA,dead
1,PIFL,PIFL16,34.0,NA,NA,NA,dead
1,PIFL,PIFL16,34.5,NA,NA,NA,dead
1,PIFL,PIFL16,35.0,NA,NA,NA,dead
1,PIFL,PIFL16,35.5,NA,NA,NA,dead
1,PIFL,PIFL16,36.0,NA,NA,NA,dead
1,PIFL,PIFL16,4.0,667,NA,50,alive
1,PIFL,PIFL16,4.5,NA,NA,75,alive
1,PIFL,PIFL16,5.0,662,NA,50,alive
1,PIFL,PIFL16,5.5,NA,NA,75,alive
1,PIFL,PIFL16,6.0,646,NA,75,alive
1,PIFL,PIFL16,6.5,NA,NA,75,alive
1,PIFL,PIFL16,7.0,641,NA,75,alive
1,PIFL,PIFL16,7.5,NA,NA,NA,NA
1,PIFL,PIFL16,8.0,572,NA,75,dead
1,PIFL,PIFL16,8.5,NA,NA,75,dead
1,PIFL,PIFL16,9.0,557,NA,75,dead
1,PIFL,PIFL16,9.5,NA,NA,75,dead
1,PIFL,PIFL17,1.0,649,NA,10,alive
1,PIFL,PIFL17,1.5,NA,NA,10,alive
1,PIFL,PIFL17,10.0,453,NA,10,alive
1,PIFL,PIFL17,10.5,NA,NA,10,alive
1,PIFL,PIFL17,11.0,417,NA,10,alive
1,PIFL,PIFL17,11.5,NA,NA,10,alive
1,PIFL,PIFL17,12.0,387,NA,10,alive
1,PIFL,PIFL17,12.5,NA,NA,10,alive
1,PIFL,PIFL17,13.0,361,NA,10,alive
1,PIFL,PIFL17,13.5,NA,NA,10,alive
1,PIFL,PIFL17,14.0,345,NA,10,alive
1,PIFL,PIFL17,14.5,NA,NA,10,alive
1,PIFL,PIFL17,15.0,338,NA,10,alive
1,PIFL,PIFL17,15.5,NA,NA,10,alive
1,PIFL,PIFL17,16.0,NA,NA,NA,alive
1,PIFL,PIFL17,16.5,NA,NA,10,alive
1,PIFL,PIFL17,17.0,332,NA,10,alive
1,PIFL,PIFL17,17.5,NA,NA,10,alive
1,PIFL,PIFL17,18.0,325,NA,10,alive
1,PIFL,PIFL17,18.5,NA,NA,10,alive
1,PIFL,PIFL17,19.0,320,NA,10,alive
1,PIFL,PIFL17,19.5,NA,NA,10,alive
1,PIFL,PIFL17,2.0,642,NA,10,alive
1,PIFL,PIFL17,2.5,NA,NA,10,alive
1,PIFL,PIFL17,20.0,314,NA,10,alive
1,PIFL,PIFL17,20.5,NA,NA,10,alive
1,PIFL,PIFL17,21.0,311,NA,10,alive
1,PIFL,PIFL17,21.5,NA,NA,10,alive
1,PIFL,PIFL17,22.0,308,NA,10,alive
1,PIFL,PIFL17,22.5,NA,NA,10,alive
1,PIFL,PIFL17,23.0,308,NA,10,alive
1,PIFL,PIFL17,23.5,NA,NA,25,alive
1,PIFL,PIFL17,24.0,308,NA,50,alive
1,PIFL,PIFL17,24.5,NA,NA,50,alive
1,PIFL,PIFL17,25.0,308,NA,25,alive
1,PIFL,PIFL17,25.5,NA,NA,50,alive
1,PIFL,PIFL17,26.0,308,NA,50,alive
1,PIFL,PIFL17,26.5,NA,NA,50,alive
1,PIFL,PIFL17,27.0,307,NA,50,dead
1,PIFL,PIFL17,27.5,NA,NA,50,dead
1,PIFL,PIFL17,28.0,306,NA,50,dead
1,PIFL,PIFL17,28.5,NA,NA,50,dead
1,PIFL,PIFL17,29.0,306,NA,75,dead
1,PIFL,PIFL17,29.5,NA,NA,NA,dead
1,PIFL,PIFL17,3.0,631,NA,10,alive
1,PIFL,PIFL17,3.5,NA,NA,10,alive
1,PIFL,PIFL17,30.0,NA,NA,NA,dead
1,PIFL,PIFL17,30.5,NA,NA,NA,dead
1,PIFL,PIFL17,31.0,NA,NA,NA,dead
1,PIFL,PIFL17,31.5,NA,NA,NA,dead
1,PIFL,PIFL17,32.0,NA,NA,NA,dead
1,PIFL,PIFL17,32.5,NA,NA,NA,dead
1,PIFL,PIFL17,33.0,NA,NA,NA,dead
1,PIFL,PIFL17,33.5,NA,NA,NA,dead
1,PIFL,PIFL17,34.0,NA,NA,NA,dead
1,PIFL,PIFL17,34.5,NA,NA,NA,dead
1,PIFL,PIFL17,35.0,NA,NA,NA,dead
1,PIFL,PIFL17,35.5,NA,NA,NA,dead
1,PIFL,PIFL17,36.0,NA,NA,NA,dead
1,PIFL,PIFL17,4.0,630,NA,10,alive
1,PIFL,PIFL17,4.5,NA,NA,10,alive
1,PIFL,PIFL17,5.0,623,NA,10,alive
1,PIFL,PIFL17,5.5,NA,NA,10,alive
1,PIFL,PIFL17,6.0,606,NA,10,alive
1,PIFL,PIFL17,6.5,NA,NA,10,alive
1,PIFL,PIFL17,7.0,598,NA,10,alive
1,PIFL,PIFL17,7.5,NA,NA,NA,alive
1,PIFL,PIFL17,8.0,509,NA,10,alive
1,PIFL,PIFL17,8.5,NA,NA,10,alive
1,PIFL,PIFL17,9.0,479,NA,10,alive
1,PIFL,PIFL17,9.5,NA,NA,10,alive
1,PIFL,PIFL18,1.0,743,NA,10,alive
1,PIFL,PIFL18,1.5,NA,NA,10,alive
1,PIFL,PIFL18,10.0,548,NA,10,alive
1,PIFL,PIFL18,10.5,NA,NA,10,alive
1,PIFL,PIFL18,11.0,512,NA,10,alive
1,PIFL,PIFL18,11.5,NA,NA,10,alive
1,PIFL,PIFL18,12.0,484,NA,10,alive
1,PIFL,PIFL18,12.5,NA,NA,10,alive
1,PIFL,PIFL18,13.0,467,NA,10,alive
1,PIFL,PIFL18,13.5,NA,NA,10,alive
1,PIFL,PIFL18,14.0,448,NA,10,alive
1,PIFL,PIFL18,14.5,NA,NA,25,alive
1,PIFL,PIFL18,15.0,435,NA,10,alive
1,PIFL,PIFL18,15.5,NA,NA,25,alive
1,PIFL,PIFL18,16.0,NA,NA,NA,alive
1,PIFL,PIFL18,16.5,NA,NA,25,alive
1,PIFL,PIFL18,17.0,420,NA,25,alive
1,PIFL,PIFL18,17.5,NA,NA,50,alive
1,PIFL,PIFL18,18.0,411,NA,50,alive
1,PIFL,PIFL18,18.5,NA,NA,10,alive
1,PIFL,PIFL18,19.0,406,NA,10,alive
1,PIFL,PIFL18,19.5,NA,NA,25,alive
1,PIFL,PIFL18,2.0,734,NA,10,alive
1,PIFL,PIFL18,2.5,NA,NA,10,alive
1,PIFL,PIFL18,20.0,400,NA,25,alive
1,PIFL,PIFL18,20.5,NA,NA,10,alive
1,PIFL,PIFL18,21.0,393,NA,10,alive
1,PIFL,PIFL18,21.5,NA,NA,25,alive
1,PIFL,PIFL18,22.0,386,NA,25,alive
1,PIFL,PIFL18,22.5,NA,NA,25,alive
1,PIFL,PIFL18,23.0,379,NA,25,alive
1,PIFL,PIFL18,23.5,NA,NA,25,alive
1,PIFL,PIFL18,24.0,373,NA,25,alive
1,PIFL,PIFL18,24.5,NA,NA,50,alive
1,PIFL,PIFL18,25.0,372,NA,25,alive
1,PIFL,PIFL18,25.5,NA,NA,25,alive
1,PIFL,PIFL18,26.0,372,NA,25,alive
1,PIFL,PIFL18,26.5,NA,NA,25,alive
1,PIFL,PIFL18,27.0,370,NA,50,alive
1,PIFL,PIFL18,27.5,NA,NA,25,alive
1,PIFL,PIFL18,28.0,369,NA,50,alive
1,PIFL,PIFL18,28.5,NA,NA,50,alive
1,PIFL,PIFL18,29.0,369,NA,75,alive
1,PIFL,PIFL18,29.5,NA,NA,75,alive
1,PIFL,PIFL18,3.0,721,NA,10,alive
1,PIFL,PIFL18,3.5,NA,NA,10,alive
1,PIFL,PIFL18,30.0,370,NA,75,alive
1,PIFL,PIFL18,30.5,NA,NA,90,dead
1,PIFL,PIFL18,31.0,369,NA,90,dead
1,PIFL,PIFL18,31.5,NA,NA,90,dead
1,PIFL,PIFL18,32.0,368,NA,90,dead
1,PIFL,PIFL18,32.5,NA,NA,90,dead
1,PIFL,PIFL18,33.0,367,NA,90,dead
1,PIFL,PIFL18,33.5,NA,NA,NA,dead
1,PIFL,PIFL18,34.0,NA,NA,NA,dead
1,PIFL,PIFL18,34.5,NA,NA,NA,dead
1,PIFL,PIFL18,35.0,NA,NA,NA,dead
1,PIFL,PIFL18,35.5,NA,NA,NA,dead
1,PIFL,PIFL18,36.0,NA,NA,NA,dead
1,PIFL,PIFL18,4.0,720,NA,10,alive
1,PIFL,PIFL18,4.5,NA,NA,10,alive
1,PIFL,PIFL18,5.0,713,NA,10,alive
1,PIFL,PIFL18,5.5,NA,NA,10,alive
1,PIFL,PIFL18,6.0,697,NA,10,alive
1,PIFL,PIFL18,6.5,NA,NA,10,alive
1,PIFL,PIFL18,7.0,691,NA,25,alive
1,PIFL,PIFL18,7.5,NA,NA,NA,alive
1,PIFL,PIFL18,8.0,595,NA,10,alive
1,PIFL,PIFL18,8.5,NA,NA,10,alive
1,PIFL,PIFL18,9.0,571,NA,10,alive
1,PIFL,PIFL18,9.5,NA,NA,25,alive
1,PIFL,PIFL19,1.0,691,NA,10,alive
1,PIFL,PIFL19,1.5,NA,NA,10,alive
1,PIFL,PIFL19,10.0,564,NA,10,alive
1,PIFL,PIFL19,10.5,NA,NA,10,alive
1,PIFL,PIFL19,11.0,529,NA,10,alive
1,PIFL,PIFL19,11.5,NA,NA,10,alive
1,PIFL,PIFL19,12.0,499,NA,10,alive
1,PIFL,PIFL19,12.5,NA,NA,10,alive
1,PIFL,PIFL19,13.0,474,NA,10,alive
1,PIFL,PIFL19,13.5,NA,NA,10,alive
1,PIFL,PIFL19,14.0,449,NA,10,alive
1,PIFL,PIFL19,14.5,NA,NA,10,alive
1,PIFL,PIFL19,15.0,431,NA,10,alive
1,PIFL,PIFL19,15.5,NA,NA,10,alive
1,PIFL,PIFL19,16.0,NA,NA,NA,alive
1,PIFL,PIFL19,16.5,NA,NA,10,alive
1,PIFL,PIFL19,17.0,410,NA,10,alive
1,PIFL,PIFL19,17.5,NA,NA,25,alive
1,PIFL,PIFL19,18.0,393,NA,25,alive
1,PIFL,PIFL19,18.5,NA,NA,10,alive
1,PIFL,PIFL19,19.0,382,NA,10,alive
1,PIFL,PIFL19,19.5,NA,NA,10,alive
1,PIFL,PIFL19,2.0,688,NA,10,alive
1,PIFL,PIFL19,2.5,NA,NA,10,alive
1,PIFL,PIFL19,20.0,369,NA,10,alive
1,PIFL,PIFL19,20.5,NA,NA,10,alive
1,PIFL,PIFL19,21.0,359,NA,10,alive
1,PIFL,PIFL19,21.5,NA,NA,10,alive
1,PIFL,PIFL19,22.0,348,NA,25,alive
1,PIFL,PIFL19,22.5,NA,NA,10,alive
1,PIFL,PIFL19,23.0,340,NA,25,alive
1,PIFL,PIFL19,23.5,NA,NA,50,alive
1,PIFL,PIFL19,24.0,338,NA,50,alive
1,PIFL,PIFL19,24.5,NA,NA,75,alive
1,PIFL,PIFL19,25.0,338,NA,75,alive
1,PIFL,PIFL19,25.5,NA,NA,75,dead
1,PIFL,PIFL19,26.0,338,NA,75,dead
1,PIFL,PIFL19,26.5,NA,NA,75,dead
1,PIFL,PIFL19,27.0,337,NA,75,dead
1,PIFL,PIFL19,27.5,NA,NA,50,dead
1,PIFL,PIFL19,28.0,336,NA,75,dead
1,PIFL,PIFL19,28.5,NA,NA,75,dead
1,PIFL,PIFL19,29.0,336,NA,75,dead
1,PIFL,PIFL19,29.5,NA,NA,NA,dead
1,PIFL,PIFL19,3.0,682,NA,10,alive
1,PIFL,PIFL19,3.5,NA,NA,10,alive
1,PIFL,PIFL19,30.0,NA,NA,NA,dead
1,PIFL,PIFL19,30.5,NA,NA,NA,dead
1,PIFL,PIFL19,31.0,NA,NA,NA,dead
1,PIFL,PIFL19,31.5,NA,NA,NA,dead
1,PIFL,PIFL19,32.0,NA,NA,NA,dead
1,PIFL,PIFL19,32.5,NA,NA,NA,dead
1,PIFL,PIFL19,33.0,NA,NA,NA,dead
1,PIFL,PIFL19,33.5,NA,NA,NA,dead
1,PIFL,PIFL19,34.0,NA,NA,NA,dead
1,PIFL,PIFL19,34.5,NA,NA,NA,dead
1,PIFL,PIFL19,35.0,NA,NA,NA,dead
1,PIFL,PIFL19,35.5,NA,NA,NA,dead
1,PIFL,PIFL19,36.0,NA,NA,NA,dead
1,PIFL,PIFL19,4.0,687,NA,10,alive
1,PIFL,PIFL19,4.5,NA,NA,25,alive
1,PIFL,PIFL19,5.0,686,NA,10,alive
1,PIFL,PIFL19,5.5,NA,NA,10,alive
1,PIFL,PIFL19,6.0,675,NA,10,alive
1,PIFL,PIFL19,6.5,NA,NA,10,alive
1,PIFL,PIFL19,7.0,671,NA,10,alive
1,PIFL,PIFL19,7.5,NA,NA,NA,alive
1,PIFL,PIFL19,8.0,602,NA,10,alive
1,PIFL,PIFL19,8.5,NA,NA,10,alive
1,PIFL,PIFL19,9.0,584,NA,10,alive
1,PIFL,PIFL19,9.5,NA,NA,10,alive
1,PIFL,PIFL20,1.0,787,NA,10,alive
1,PIFL,PIFL20,1.5,NA,NA,10,alive
1,PIFL,PIFL20,10.0,644,NA,10,alive
1,PIFL,PIFL20,10.5,NA,NA,10,alive
1,PIFL,PIFL20,11.0,602,NA,10,alive
1,PIFL,PIFL20,11.5,NA,NA,10,alive
1,PIFL,PIFL20,12.0,570,NA,10,alive
1,PIFL,PIFL20,12.5,NA,NA,10,alive
1,PIFL,PIFL20,13.0,545,NA,10,alive
1,PIFL,PIFL20,13.5,NA,NA,10,alive
1,PIFL,PIFL20,14.0,518,NA,10,alive
1,PIFL,PIFL20,14.5,NA,NA,10,alive
1,PIFL,PIFL20,15.0,500,NA,10,alive
1,PIFL,PIFL20,15.5,NA,NA,10,alive
1,PIFL,PIFL20,16.0,NA,NA,NA,alive
1,PIFL,PIFL20,16.5,NA,NA,10,alive
1,PIFL,PIFL20,17.0,479,NA,10,alive
1,PIFL,PIFL20,17.5,NA,NA,10,alive
1,PIFL,PIFL20,18.0,465,NA,10,alive
1,PIFL,PIFL20,18.5,NA,NA,10,alive
1,PIFL,PIFL20,19.0,454,NA,10,alive
1,PIFL,PIFL20,19.5,NA,NA,10,alive
1,PIFL,PIFL20,2.0,781,NA,10,alive
1,PIFL,PIFL20,2.5,NA,NA,10,alive
1,PIFL,PIFL20,20.0,440,NA,10,alive
1,PIFL,PIFL20,20.5,NA,NA,10,alive
1,PIFL,PIFL20,21.0,429,NA,10,alive
1,PIFL,PIFL20,21.5,NA,NA,10,alive
1,PIFL,PIFL20,22.0,418,NA,10,alive
1,PIFL,PIFL20,22.5,NA,NA,10,alive
1,PIFL,PIFL20,23.0,410,NA,10,alive
1,PIFL,PIFL20,23.5,NA,NA,10,alive
1,PIFL,PIFL20,24.0,404,NA,10,alive
1,PIFL,PIFL20,24.5,NA,NA,10,alive
1,PIFL,PIFL20,25.0,401,NA,10,alive
1,PIFL,PIFL20,25.5,NA,NA,25,alive
1,PIFL,PIFL20,26.0,397,NA,10,alive
1,PIFL,PIFL20,26.5,NA,NA,10,alive
1,PIFL,PIFL20,27.0,393,NA,10,alive
1,PIFL,PIFL20,27.5,NA,NA,25,alive
1,PIFL,PIFL20,28.0,388,NA,25,alive
1,PIFL,PIFL20,28.5,NA,NA,25,alive
1,PIFL,PIFL20,29.0,385,NA,25,alive
1,PIFL,PIFL20,29.5,NA,NA,25,alive
1,PIFL,PIFL20,3.0,775,NA,10,alive
1,PIFL,PIFL20,3.5,NA,NA,10,alive
1,PIFL,PIFL20,30.0,384,NA,25,alive
1,PIFL,PIFL20,30.5,NA,NA,50,alive
1,PIFL,PIFL20,31.0,384,NA,50,alive
1,PIFL,PIFL20,31.5,NA,NA,50,alive
1,PIFL,PIFL20,32.0,382,NA,75,alive
1,PIFL,PIFL20,32.5,NA,NA,50,alive
1,PIFL,PIFL20,33.0,381,NA,75,alive
1,PIFL,PIFL20,33.5,NA,NA,50,alive
1,PIFL,PIFL20,34.0,381,NA,75,dead
1,PIFL,PIFL20,34.5,NA,NA,90,dead
1,PIFL,PIFL20,35.0,381,NA,90,dead
1,PIFL,PIFL20,35.5,NA,NA,90,dead
1,PIFL,PIFL20,36.0,381,NA,90,dead
1,PIFL,PIFL20,4.0,777,NA,10,alive
1,PIFL,PIFL20,4.5,NA,NA,10,alive
1,PIFL,PIFL20,5.0,773,NA,10,alive
1,PIFL,PIFL20,5.5,NA,NA,10,alive
1,PIFL,PIFL20,6.0,759,NA,10,alive
1,PIFL,PIFL20,6.5,NA,NA,10,alive
1,PIFL,PIFL20,7.0,754,NA,10,alive
1,PIFL,PIFL20,7.5,NA,NA,NA,alive
1,PIFL,PIFL20,8.0,689,NA,10,alive
1,PIFL,PIFL20,8.5,NA,NA,10,alive
1,PIFL,PIFL20,9.0,664,NA,10,alive
1,PIFL,PIFL20,9.5,NA,NA,10,alive
1,PIFL,PIFL21,1.0,726,NA,10,alive
1,PIFL,PIFL21,1.5,NA,NA,10,alive
1,PIFL,PIFL21,10.0,565,NA,10,alive
1,PIFL,PIFL21,10.5,NA,NA,10,alive
1,PIFL,PIFL21,11.0,529,NA,10,alive
1,PIFL,PIFL21,11.5,NA,NA,10,alive
1,PIFL,PIFL21,12.0,506,NA,10,alive
1,PIFL,PIFL21,12.5,NA,NA,10,alive
1,PIFL,PIFL21,13.0,488,NA,10,alive
1,PIFL,PIFL21,13.5,NA,NA,10,alive
1,PIFL,PIFL21,14.0,466,NA,10,alive
1,PIFL,PIFL21,14.5,NA,NA,10,alive
1,PIFL,PIFL21,15.0,453,NA,10,alive
1,PIFL,PIFL21,15.5,NA,NA,10,alive
1,PIFL,PIFL21,16.0,NA,NA,NA,alive
1,PIFL,PIFL21,16.5,NA,NA,25,alive
1,PIFL,PIFL21,17.0,436,NA,25,alive
1,PIFL,PIFL21,17.5,NA,NA,25,alive
1,PIFL,PIFL21,18.0,425,NA,25,alive
1,PIFL,PIFL21,18.5,NA,NA,10,alive
1,PIFL,PIFL21,19.0,416,NA,10,alive
1,PIFL,PIFL21,19.5,NA,NA,10,alive
1,PIFL,PIFL21,2.0,717,NA,10,alive
1,PIFL,PIFL21,2.5,NA,NA,10,alive
1,PIFL,PIFL21,20.0,405,NA,10,alive
1,PIFL,PIFL21,20.5,NA,NA,10,alive
1,PIFL,PIFL21,21.0,392,NA,10,alive
1,PIFL,PIFL21,21.5,NA,NA,10,alive
1,PIFL,PIFL21,22.0,384,NA,10,alive
1,PIFL,PIFL21,22.5,NA,NA,10,alive
1,PIFL,PIFL21,23.0,374,NA,10,alive
1,PIFL,PIFL21,23.5,NA,NA,10,alive
1,PIFL,PIFL21,24.0,364,NA,10,alive
1,PIFL,PIFL21,24.5,NA,NA,10,alive
1,PIFL,PIFL21,25.0,362,NA,10,alive
1,PIFL,PIFL21,25.5,NA,NA,25,alive
1,PIFL,PIFL21,26.0,361,NA,25,alive
1,PIFL,PIFL21,26.5,NA,NA,25,alive
1,PIFL,PIFL21,27.0,360,NA,25,alive
1,PIFL,PIFL21,27.5,NA,NA,50,alive
1,PIFL,PIFL21,28.0,359,NA,50,alive
1,PIFL,PIFL21,28.5,NA,NA,50,alive
1,PIFL,PIFL21,29.0,359,NA,50,alive
1,PIFL,PIFL21,29.5,NA,NA,75,alive
1,PIFL,PIFL21,3.0,709,NA,10,alive
1,PIFL,PIFL21,3.5,NA,NA,10,alive
1,PIFL,PIFL21,30.0,359,NA,75,dead
1,PIFL,PIFL21,30.5,NA,NA,75,dead
1,PIFL,PIFL21,31.0,359,NA,75,dead
1,PIFL,PIFL21,31.5,NA,NA,75,dead
1,PIFL,PIFL21,32.0,358,NA,75,dead
1,PIFL,PIFL21,32.5,NA,NA,75,dead
1,PIFL,PIFL21,33.0,358,NA,75,dead
1,PIFL,PIFL21,33.5,NA,NA,NA,dead
1,PIFL,PIFL21,34.0,NA,NA,NA,dead
1,PIFL,PIFL21,34.5,NA,NA,NA,dead
1,PIFL,PIFL21,35.0,NA,NA,NA,dead
1,PIFL,PIFL21,35.5,NA,NA,NA,dead
1,PIFL,PIFL21,36.0,NA,NA,NA,dead
1,PIFL,PIFL21,4.0,707,NA,10,alive
1,PIFL,PIFL21,4.5,NA,NA,10,alive
1,PIFL,PIFL21,5.0,698,NA,10,alive
1,PIFL,PIFL21,5.5,NA,NA,10,alive
1,PIFL,PIFL21,6.0,670,NA,10,alive
1,PIFL,PIFL21,6.5,NA,NA,10,alive
1,PIFL,PIFL21,7.0,664,NA,10,alive
1,PIFL,PIFL21,7.5,NA,NA,NA,alive
1,PIFL,PIFL21,8.0,600,NA,10,alive
1,PIFL,PIFL21,8.5,NA,NA,10,alive
1,PIFL,PIFL21,9.0,584,NA,10,alive
1,PIFL,PIFL21,9.5,NA,NA,10,alive
1,PIFL,PIFL22,1.0,658,NA,10,alive
1,PIFL,PIFL22,1.5,NA,NA,10,alive
1,PIFL,PIFL22,10.0,494,NA,10,alive
1,PIFL,PIFL22,10.5,NA,NA,10,alive
1,PIFL,PIFL22,11.0,462,NA,10,alive
1,PIFL,PIFL22,11.5,NA,NA,10,alive
1,PIFL,PIFL22,12.0,435,NA,10,alive
1,PIFL,PIFL22,12.5,NA,NA,10,alive
1,PIFL,PIFL22,13.0,415,NA,10,alive
1,PIFL,PIFL22,13.5,NA,NA,10,alive
1,PIFL,PIFL22,14.0,392,NA,10,alive
1,PIFL,PIFL22,14.5,NA,NA,10,alive
1,PIFL,PIFL22,15.0,377,NA,10,alive
1,PIFL,PIFL22,15.5,NA,NA,10,alive
1,PIFL,PIFL22,16.0,NA,NA,NA,alive
1,PIFL,PIFL22,16.5,NA,NA,10,alive
1,PIFL,PIFL22,17.0,359,NA,10,alive
1,PIFL,PIFL22,17.5,NA,NA,10,alive
1,PIFL,PIFL22,18.0,346,NA,10,alive
1,PIFL,PIFL22,18.5,NA,NA,10,alive
1,PIFL,PIFL22,19.0,339,NA,10,alive
1,PIFL,PIFL22,19.5,NA,NA,10,alive
1,PIFL,PIFL22,2.0,648,NA,10,alive
1,PIFL,PIFL22,2.5,NA,NA,10,alive
1,PIFL,PIFL22,20.0,329,NA,10,alive
1,PIFL,PIFL22,20.5,NA,NA,10,alive
1,PIFL,PIFL22,21.0,320,NA,10,alive
1,PIFL,PIFL22,21.5,NA,NA,10,alive
1,PIFL,PIFL22,22.0,310,NA,10,alive
1,PIFL,PIFL22,22.5,NA,NA,10,alive
1,PIFL,PIFL22,23.0,305,NA,10,alive
1,PIFL,PIFL22,23.5,NA,NA,25,alive
1,PIFL,PIFL22,24.0,304,NA,25,alive
1,PIFL,PIFL22,24.5,NA,NA,25,alive
1,PIFL,PIFL22,25.0,304,NA,25,alive
1,PIFL,PIFL22,25.5,NA,NA,50,alive
1,PIFL,PIFL22,26.0,305,NA,25,alive
1,PIFL,PIFL22,26.5,NA,NA,50,alive
1,PIFL,PIFL22,27.0,304,NA,50,alive
1,PIFL,PIFL22,27.5,NA,NA,50,dead
1,PIFL,PIFL22,28.0,303,NA,75,dead
1,PIFL,PIFL22,28.5,NA,NA,50,dead
1,PIFL,PIFL22,29.0,303,NA,75,dead
1,PIFL,PIFL22,29.5,NA,NA,75,dead
1,PIFL,PIFL22,3.0,638,NA,10,alive
1,PIFL,PIFL22,3.5,NA,NA,10,alive
1,PIFL,PIFL22,30.0,304,NA,75,dead
1,PIFL,PIFL22,30.5,NA,NA,NA,dead
1,PIFL,PIFL22,31.0,NA,NA,NA,dead
1,PIFL,PIFL22,31.5,NA,NA,NA,dead
1,PIFL,PIFL22,32.0,NA,NA,NA,dead
1,PIFL,PIFL22,32.5,NA,NA,NA,dead
1,PIFL,PIFL22,33.0,NA,NA,NA,dead
1,PIFL,PIFL22,33.5,NA,NA,NA,dead
1,PIFL,PIFL22,34.0,NA,NA,NA,dead
1,PIFL,PIFL22,34.5,NA,NA,NA,dead
1,PIFL,PIFL22,35.0,NA,NA,NA,dead
1,PIFL,PIFL22,35.5,NA,NA,NA,dead
1,PIFL,PIFL22,36.0,NA,NA,NA,dead
1,PIFL,PIFL22,4.0,637,NA,10,alive
1,PIFL,PIFL22,4.5,NA,NA,10,alive
1,PIFL,PIFL22,5.0,627,NA,10,alive
1,PIFL,PIFL22,5.5,NA,NA,10,alive
1,PIFL,PIFL22,6.0,608,NA,10,alive
1,PIFL,PIFL22,6.5,NA,NA,10,alive
1,PIFL,PIFL22,7.0,603,NA,10,alive
1,PIFL,PIFL22,7.5,NA,NA,NA,alive
1,PIFL,PIFL22,8.0,529,NA,10,alive
1,PIFL,PIFL22,8.5,NA,NA,10,alive
1,PIFL,PIFL22,9.0,513,NA,10,alive
1,PIFL,PIFL22,9.5,NA,NA,10,alive
1,PIFL,PIFL23,1.0,680,NA,10,alive
1,PIFL,PIFL23,1.5,NA,NA,10,alive
1,PIFL,PIFL23,10.0,433,NA,10,alive
1,PIFL,PIFL23,10.5,NA,NA,10,alive
1,PIFL,PIFL23,11.0,393,NA,10,alive
1,PIFL,PIFL23,11.5,NA,NA,10,alive
1,PIFL,PIFL23,12.0,374,NA,10,alive
1,PIFL,PIFL23,12.5,NA,NA,10,alive
1,PIFL,PIFL23,13.0,366,NA,10,alive
1,PIFL,PIFL23,13.5,NA,NA,10,alive
1,PIFL,PIFL23,14.0,359,NA,10,alive
1,PIFL,PIFL23,14.5,NA,NA,10,alive
1,PIFL,PIFL23,15.0,355,NA,10,alive
1,PIFL,PIFL23,15.5,NA,NA,10,alive
1,PIFL,PIFL23,16.0,NA,NA,NA,alive
1,PIFL,PIFL23,16.5,NA,NA,10,alive
1,PIFL,PIFL23,17.0,351,NA,10,alive
1,PIFL,PIFL23,17.5,NA,NA,10,alive
1,PIFL,PIFL23,18.0,346,NA,10,alive
1,PIFL,PIFL23,18.5,NA,NA,10,alive
1,PIFL,PIFL23,19.0,343,NA,10,alive
1,PIFL,PIFL23,19.5,NA,NA,10,alive
1,PIFL,PIFL23,2.0,663,NA,10,alive
1,PIFL,PIFL23,2.5,NA,NA,10,alive
1,PIFL,PIFL23,20.0,337,NA,10,alive
1,PIFL,PIFL23,20.5,NA,NA,10,alive
1,PIFL,PIFL23,21.0,332,NA,10,alive
1,PIFL,PIFL23,21.5,NA,NA,10,alive
1,PIFL,PIFL23,22.0,329,NA,10,alive
1,PIFL,PIFL23,22.5,NA,NA,10,alive
1,PIFL,PIFL23,23.0,328,NA,25,alive
1,PIFL,PIFL23,23.5,NA,NA,25,alive
1,PIFL,PIFL23,24.0,327,NA,50,alive
1,PIFL,PIFL23,24.5,NA,NA,50,alive
1,PIFL,PIFL23,25.0,327,NA,50,alive
1,PIFL,PIFL23,25.5,NA,NA,75,alive
1,PIFL,PIFL23,26.0,327,NA,50,alive
1,PIFL,PIFL23,26.5,NA,NA,50,alive
1,PIFL,PIFL23,27.0,326,NA,75,alive
1,PIFL,PIFL23,27.5,NA,NA,75,dead
1,PIFL,PIFL23,28.0,325,NA,50,dead
1,PIFL,PIFL23,28.5,NA,NA,75,dead
1,PIFL,PIFL23,29.0,325,NA,75,dead
1,PIFL,PIFL23,29.5,NA,NA,75,dead
1,PIFL,PIFL23,3.0,639,NA,10,alive
1,PIFL,PIFL23,3.5,NA,NA,10,alive
1,PIFL,PIFL23,30.0,326,NA,90,dead
1,PIFL,PIFL23,30.5,NA,NA,NA,dead
1,PIFL,PIFL23,31.0,NA,NA,NA,dead
1,PIFL,PIFL23,31.5,NA,NA,NA,dead
1,PIFL,PIFL23,32.0,NA,NA,NA,dead
1,PIFL,PIFL23,32.5,NA,NA,NA,dead
1,PIFL,PIFL23,33.0,NA,NA,NA,dead
1,PIFL,PIFL23,33.5,NA,NA,NA,dead
1,PIFL,PIFL23,34.0,NA,NA,NA,dead
1,PIFL,PIFL23,34.5,NA,NA,NA,dead
1,PIFL,PIFL23,35.0,NA,NA,NA,dead
1,PIFL,PIFL23,35.5,NA,NA,NA,dead
1,PIFL,PIFL23,36.0,NA,NA,NA,dead
1,PIFL,PIFL23,4.0,636,NA,10,alive
1,PIFL,PIFL23,4.5,NA,NA,10,alive
1,PIFL,PIFL23,5.0,621,NA,10,alive
1,PIFL,PIFL23,5.5,NA,NA,10,alive
1,PIFL,PIFL23,6.0,589,NA,10,alive
1,PIFL,PIFL23,6.5,NA,NA,10,alive
1,PIFL,PIFL23,7.0,580,NA,10,alive
1,PIFL,PIFL23,7.5,NA,NA,NA,alive
1,PIFL,PIFL23,8.0,482,NA,10,alive
1,PIFL,PIFL23,8.5,NA,NA,10,alive
1,PIFL,PIFL23,9.0,454,NA,10,alive
1,PIFL,PIFL23,9.5,NA,NA,10,alive
1,PIFL,PIFL24,1.0,702,NA,10,alive
1,PIFL,PIFL24,1.5,NA,NA,10,alive
1,PIFL,PIFL24,10.0,524,NA,10,alive
1,PIFL,PIFL24,10.5,NA,NA,10,alive
1,PIFL,PIFL24,11.0,468,NA,10,alive
1,PIFL,PIFL24,11.5,NA,NA,10,alive
1,PIFL,PIFL24,12.0,438,NA,10,alive
1,PIFL,PIFL24,12.5,NA,NA,10,alive
1,PIFL,PIFL24,13.0,420,NA,10,alive
1,PIFL,PIFL24,13.5,NA,NA,10,alive
1,PIFL,PIFL24,14.0,396,NA,10,alive
1,PIFL,PIFL24,14.5,NA,NA,10,alive
1,PIFL,PIFL24,15.0,379,NA,10,alive
1,PIFL,PIFL24,15.5,NA,NA,10,alive
1,PIFL,PIFL24,16.0,NA,NA,NA,alive
1,PIFL,PIFL24,16.5,NA,NA,10,alive
1,PIFL,PIFL24,17.0,367,NA,10,alive
1,PIFL,PIFL24,17.5,NA,NA,10,alive
1,PIFL,PIFL24,18.0,359,NA,10,alive
1,PIFL,PIFL24,18.5,NA,NA,10,alive
1,PIFL,PIFL24,19.0,354,NA,10,alive
1,PIFL,PIFL24,19.5,NA,NA,10,alive
1,PIFL,PIFL24,2.0,692,NA,10,alive
1,PIFL,PIFL24,2.5,NA,NA,10,alive
1,PIFL,PIFL24,20.0,345,NA,10,alive
1,PIFL,PIFL24,20.5,NA,NA,10,alive
1,PIFL,PIFL24,21.0,337,NA,10,alive
1,PIFL,PIFL24,21.5,NA,NA,10,alive
1,PIFL,PIFL24,22.0,332,NA,10,alive
1,PIFL,PIFL24,22.5,NA,NA,10,alive
1,PIFL,PIFL24,23.0,330,NA,10,alive
1,PIFL,PIFL24,23.5,NA,NA,25,alive
1,PIFL,PIFL24,24.0,330,NA,25,alive
1,PIFL,PIFL24,24.5,NA,NA,25,alive
1,PIFL,PIFL24,25.0,330,NA,25,alive
1,PIFL,PIFL24,25.5,NA,NA,50,alive
1,PIFL,PIFL24,26.0,330,NA,50,alive
1,PIFL,PIFL24,26.5,NA,NA,25,alive
1,PIFL,PIFL24,27.0,329,NA,50,dead
1,PIFL,PIFL24,27.5,NA,NA,50,dead
1,PIFL,PIFL24,28.0,328,NA,50,dead
1,PIFL,PIFL24,28.5,NA,NA,50,dead
1,PIFL,PIFL24,29.0,328,NA,50,dead
1,PIFL,PIFL24,29.5,NA,NA,NA,dead
1,PIFL,PIFL24,3.0,675,NA,10,alive
1,PIFL,PIFL24,3.5,NA,NA,10,alive
1,PIFL,PIFL24,30.0,NA,NA,NA,dead
1,PIFL,PIFL24,30.5,NA,NA,NA,dead
1,PIFL,PIFL24,31.0,NA,NA,NA,dead
1,PIFL,PIFL24,31.5,NA,NA,NA,dead
1,PIFL,PIFL24,32.0,NA,NA,NA,dead
1,PIFL,PIFL24,32.5,NA,NA,NA,dead
1,PIFL,PIFL24,33.0,NA,NA,NA,dead
1,PIFL,PIFL24,33.5,NA,NA,NA,dead
1,PIFL,PIFL24,34.0,NA,NA,NA,dead
1,PIFL,PIFL24,34.5,NA,NA,NA,dead
1,PIFL,PIFL24,35.0,NA,NA,NA,dead
1,PIFL,PIFL24,35.5,NA,NA,NA,dead
1,PIFL,PIFL24,36.0,NA,NA,NA,dead
1,PIFL,PIFL24,4.0,675,NA,10,alive
1,PIFL,PIFL24,4.5,NA,NA,10,alive
1,PIFL,PIFL24,5.0,665,NA,10,alive
1,PIFL,PIFL24,5.5,NA,NA,10,alive
1,PIFL,PIFL24,6.0,651,NA,10,alive
1,PIFL,PIFL24,6.5,NA,NA,10,alive
1,PIFL,PIFL24,7.0,645,NA,10,alive
1,PIFL,PIFL24,7.5,NA,NA,NA,alive
1,PIFL,PIFL24,8.0,569,NA,10,alive
1,PIFL,PIFL24,8.5,NA,NA,10,alive
1,PIFL,PIFL24,9.0,546,NA,10,alive
1,PIFL,PIFL24,9.5,NA,NA,10,alive
1,PIFL,PIFL25,1.0,773,NA,10,alive
1,PIFL,PIFL25,1.5,NA,NA,10,alive
1,PIFL,PIFL25,10.0,593,NA,10,alive
1,PIFL,PIFL25,10.5,NA,NA,10,alive
1,PIFL,PIFL25,11.0,547,NA,10,alive
1,PIFL,PIFL25,11.5,NA,NA,10,alive
1,PIFL,PIFL25,12.0,519,NA,10,alive
1,PIFL,PIFL25,12.5,NA,NA,10,alive
1,PIFL,PIFL25,13.0,502,NA,10,alive
1,PIFL,PIFL25,13.5,NA,NA,10,alive
1,PIFL,PIFL25,14.0,480,NA,10,alive
1,PIFL,PIFL25,14.5,NA,NA,10,alive
1,PIFL,PIFL25,15.0,466,NA,10,alive
1,PIFL,PIFL25,15.5,NA,NA,10,alive
1,PIFL,PIFL25,16.0,NA,NA,NA,alive
1,PIFL,PIFL25,16.5,NA,NA,10,alive
1,PIFL,PIFL25,17.0,449,NA,10,alive
1,PIFL,PIFL25,17.5,NA,NA,25,alive
1,PIFL,PIFL25,18.0,438,NA,50,alive
1,PIFL,PIFL25,18.5,NA,NA,25,alive
1,PIFL,PIFL25,19.0,430,NA,25,alive
1,PIFL,PIFL25,19.5,NA,NA,25,alive
1,PIFL,PIFL25,2.0,764,NA,10,alive
1,PIFL,PIFL25,2.5,NA,NA,10,alive
1,PIFL,PIFL25,20.0,421,NA,25,alive
1,PIFL,PIFL25,20.5,NA,NA,10,alive
1,PIFL,PIFL25,21.0,411,NA,10,alive
1,PIFL,PIFL25,21.5,NA,NA,10,alive
1,PIFL,PIFL25,22.0,401,NA,10,alive
1,PIFL,PIFL25,22.5,NA,NA,10,alive
1,PIFL,PIFL25,23.0,390,NA,25,alive
1,PIFL,PIFL25,23.5,NA,NA,25,alive
1,PIFL,PIFL25,24.0,385,NA,25,alive
1,PIFL,PIFL25,24.5,NA,NA,25,alive
1,PIFL,PIFL25,25.0,386,NA,25,alive
1,PIFL,PIFL25,25.5,NA,NA,50,alive
1,PIFL,PIFL25,26.0,385,NA,25,alive
1,PIFL,PIFL25,26.5,NA,NA,25,alive
1,PIFL,PIFL25,27.0,384,NA,50,alive
1,PIFL,PIFL25,27.5,NA,NA,50,alive
1,PIFL,PIFL25,28.0,383,NA,75,alive
1,PIFL,PIFL25,28.5,NA,NA,75,alive
1,PIFL,PIFL25,29.0,384,NA,75,alive
1,PIFL,PIFL25,29.5,NA,NA,90,dead
1,PIFL,PIFL25,3.0,745,NA,10,alive
1,PIFL,PIFL25,3.5,NA,NA,10,alive
1,PIFL,PIFL25,30.0,384,NA,75,dead
1,PIFL,PIFL25,30.5,NA,NA,90,dead
1,PIFL,PIFL25,31.0,385,NA,90,dead
1,PIFL,PIFL25,31.5,NA,NA,90,dead
1,PIFL,PIFL25,32.0,384,NA,90,dead
1,PIFL,PIFL25,32.5,NA,NA,NA,dead
1,PIFL,PIFL25,33.0,NA,NA,NA,dead
1,PIFL,PIFL25,33.5,NA,NA,NA,dead
1,PIFL,PIFL25,34.0,NA,NA,NA,dead
1,PIFL,PIFL25,34.5,NA,NA,NA,dead
1,PIFL,PIFL25,35.0,NA,NA,NA,dead
1,PIFL,PIFL25,35.5,NA,NA,NA,dead
1,PIFL,PIFL25,36.0,NA,NA,NA,dead
1,PIFL,PIFL25,4.0,743,NA,10,alive
1,PIFL,PIFL25,4.5,NA,NA,10,alive
1,PIFL,PIFL25,5.0,734,NA,10,alive
1,PIFL,PIFL25,5.5,NA,NA,10,alive
1,PIFL,PIFL25,6.0,716,NA,10,alive
1,PIFL,PIFL25,6.5,NA,NA,10,alive
1,PIFL,PIFL25,7.0,710,NA,10,alive
1,PIFL,PIFL25,7.5,NA,NA,NA,alive
1,PIFL,PIFL25,8.0,641,NA,25,alive
1,PIFL,PIFL25,8.5,NA,NA,10,alive
1,PIFL,PIFL25,9.0,616,NA,10,alive
1,PIFL,PIFL25,9.5,NA,NA,10,alive
1,PIFL,PIFL26,1.0,814,NA,10,alive
1,PIFL,PIFL26,1.5,NA,NA,10,alive
1,PIFL,PIFL26,10.0,738,NA,10,alive
1,PIFL,PIFL26,10.5,NA,NA,10,alive
1,PIFL,PIFL26,11.0,740,NA,10,alive
1,PIFL,PIFL26,11.5,NA,NA,10,alive
1,PIFL,PIFL26,12.0,706,NA,10,alive
1,PIFL,PIFL26,12.5,NA,NA,10,alive
1,PIFL,PIFL26,13.0,736,NA,10,alive
1,PIFL,PIFL26,13.5,NA,NA,10,alive
1,PIFL,PIFL26,14.0,696,NA,10,alive
1,PIFL,PIFL26,14.5,NA,NA,10,alive
1,PIFL,PIFL26,15.0,746,NA,10,alive
1,PIFL,PIFL26,15.5,NA,NA,10,alive
1,PIFL,PIFL26,16.0,NA,NA,NA,alive
1,PIFL,PIFL26,16.5,NA,NA,10,alive
1,PIFL,PIFL26,17.0,758,NA,10,alive
1,PIFL,PIFL26,17.5,NA,NA,10,alive
1,PIFL,PIFL26,18.0,720,NA,10,alive
1,PIFL,PIFL26,18.5,NA,NA,10,alive
1,PIFL,PIFL26,19.0,765,NA,10,alive
1,PIFL,PIFL26,19.5,NA,NA,10,alive
1,PIFL,PIFL26,2.0,805,NA,10,alive
1,PIFL,PIFL26,2.5,NA,NA,10,alive
1,PIFL,PIFL26,20.0,719,NA,10,alive
1,PIFL,PIFL26,20.5,NA,NA,10,alive
1,PIFL,PIFL26,21.0,755,NA,10,alive
1,PIFL,PIFL26,21.5,NA,NA,10,alive
1,PIFL,PIFL26,22.0,706,NA,10,alive
1,PIFL,PIFL26,22.5,NA,NA,10,alive
1,PIFL,PIFL26,23.0,742,NA,10,alive
1,PIFL,PIFL26,23.5,NA,NA,10,alive
1,PIFL,PIFL26,24.0,694,NA,10,alive
1,PIFL,PIFL26,24.5,NA,NA,10,alive
1,PIFL,PIFL26,25.0,746,NA,10,alive
1,PIFL,PIFL26,25.5,NA,NA,10,alive
1,PIFL,PIFL26,26.0,705,NA,10,alive
1,PIFL,PIFL26,26.5,NA,NA,10,alive
1,PIFL,PIFL26,27.0,727,NA,10,alive
1,PIFL,PIFL26,27.5,NA,NA,10,alive
1,PIFL,PIFL26,28.0,671,NA,10,alive
1,PIFL,PIFL26,28.5,NA,NA,10,alive
1,PIFL,PIFL26,29.0,732,NA,10,alive
1,PIFL,PIFL26,29.5,NA,NA,10,alive
1,PIFL,PIFL26,3.0,814,NA,10,alive
1,PIFL,PIFL26,3.5,NA,NA,10,alive
1,PIFL,PIFL26,30.0,684,NA,10,alive
1,PIFL,PIFL26,30.5,NA,NA,10,alive
1,PIFL,PIFL26,31.0,741,NA,10,alive
1,PIFL,PIFL26,31.5,NA,NA,10,alive
1,PIFL,PIFL26,32.0,679,NA,10,alive
1,PIFL,PIFL26,32.5,NA,NA,10,alive
1,PIFL,PIFL26,33.0,716,NA,10,alive
1,PIFL,PIFL26,33.5,NA,NA,10,alive
1,PIFL,PIFL26,34.0,654,NA,10,alive
1,PIFL,PIFL26,34.5,NA,NA,10,alive
1,PIFL,PIFL26,35.0,701,NA,10,alive
1,PIFL,PIFL26,35.5,NA,NA,10,alive
1,PIFL,PIFL26,36.0,723,NA,10,alive
1,PIFL,PIFL26,4.0,809,NA,10,alive
1,PIFL,PIFL26,4.5,NA,NA,10,alive
1,PIFL,PIFL26,5.0,806,NA,10,alive
1,PIFL,PIFL26,5.5,NA,NA,10,alive
1,PIFL,PIFL26,6.0,784,NA,10,alive
1,PIFL,PIFL26,6.5,NA,NA,10,alive
1,PIFL,PIFL26,7.0,803,NA,10,alive
1,PIFL,PIFL26,7.5,NA,NA,NA,alive
1,PIFL,PIFL26,8.0,786,NA,10,alive
1,PIFL,PIFL26,8.5,NA,NA,10,alive
1,PIFL,PIFL26,9.0,770,NA,10,alive
1,PIFL,PIFL26,9.5,NA,NA,10,alive
1,PIFL,PIFL27,1.0,790,NA,10,alive
1,PIFL,PIFL27,1.5,NA,NA,10,alive
1,PIFL,PIFL27,10.0,720,NA,10,alive
1,PIFL,PIFL27,10.5,NA,NA,10,alive
1,PIFL,PIFL27,11.0,722,NA,10,alive
1,PIFL,PIFL27,11.5,NA,NA,10,alive
1,PIFL,PIFL27,12.0,687,NA,10,alive
1,PIFL,PIFL27,12.5,NA,NA,10,alive
1,PIFL,PIFL27,13.0,711,NA,10,alive
1,PIFL,PIFL27,13.5,NA,NA,10,alive
1,PIFL,PIFL27,14.0,662,NA,10,alive
1,PIFL,PIFL27,14.5,NA,NA,10,alive
1,PIFL,PIFL27,15.0,697,NA,10,alive
1,PIFL,PIFL27,15.5,NA,NA,10,alive
1,PIFL,PIFL27,16.0,NA,NA,NA,alive
1,PIFL,PIFL27,16.5,NA,NA,10,alive
1,PIFL,PIFL27,17.0,736,NA,10,alive
1,PIFL,PIFL27,17.5,NA,NA,10,alive
1,PIFL,PIFL27,18.0,697,NA,10,alive
1,PIFL,PIFL27,18.5,NA,NA,10,alive
1,PIFL,PIFL27,19.0,734,NA,10,alive
1,PIFL,PIFL27,19.5,NA,NA,10,alive
1,PIFL,PIFL27,2.0,785,NA,10,alive
1,PIFL,PIFL27,2.5,NA,NA,10,alive
1,PIFL,PIFL27,20.0,681,NA,10,alive
1,PIFL,PIFL27,20.5,NA,NA,10,alive
1,PIFL,PIFL27,21.0,709,NA,10,alive
1,PIFL,PIFL27,21.5,NA,NA,10,alive
1,PIFL,PIFL27,22.0,670,NA,10,alive
1,PIFL,PIFL27,22.5,NA,NA,10,alive
1,PIFL,PIFL27,23.0,698,NA,10,alive
1,PIFL,PIFL27,23.5,NA,NA,10,alive
1,PIFL,PIFL27,24.0,651,NA,10,alive
1,PIFL,PIFL27,24.5,NA,NA,10,alive
1,PIFL,PIFL27,25.0,708,NA,10,alive
1,PIFL,PIFL27,25.5,NA,NA,10,alive
1,PIFL,PIFL27,26.0,668,NA,10,alive
1,PIFL,PIFL27,26.5,NA,NA,10,alive
1,PIFL,PIFL27,27.0,698,NA,10,alive
1,PIFL,PIFL27,27.5,NA,NA,10,alive
1,PIFL,PIFL27,28.0,646,NA,10,alive
1,PIFL,PIFL27,28.5,NA,NA,10,alive
1,PIFL,PIFL27,29.0,705,NA,10,alive
1,PIFL,PIFL27,29.5,NA,NA,10,alive
1,PIFL,PIFL27,3.0,786,NA,10,alive
1,PIFL,PIFL27,3.5,NA,NA,10,alive
1,PIFL,PIFL27,30.0,658,NA,10,alive
1,PIFL,PIFL27,30.5,NA,NA,10,alive
1,PIFL,PIFL27,31.0,710,NA,10,alive
1,PIFL,PIFL27,31.5,NA,NA,10,alive
1,PIFL,PIFL27,32.0,655,NA,10,alive
1,PIFL,PIFL27,32.5,NA,NA,10,alive
1,PIFL,PIFL27,33.0,694,NA,10,alive
1,PIFL,PIFL27,33.5,NA,NA,10,alive
1,PIFL,PIFL27,34.0,639,NA,10,alive
1,PIFL,PIFL27,34.5,NA,NA,10,alive
1,PIFL,PIFL27,35.0,675,NA,10,alive
1,PIFL,PIFL27,35.5,NA,NA,10,alive
1,PIFL,PIFL27,36.0,705,NA,10,alive
1,PIFL,PIFL27,4.0,785,NA,10,alive
1,PIFL,PIFL27,4.5,NA,NA,10,alive
1,PIFL,PIFL27,5.0,782,NA,10,alive
1,PIFL,PIFL27,5.5,NA,NA,10,alive
1,PIFL,PIFL27,6.0,755,NA,10,alive
1,PIFL,PIFL27,6.5,NA,NA,10,alive
1,PIFL,PIFL27,7.0,777,NA,10,alive
1,PIFL,PIFL27,7.5,NA,NA,NA,alive
1,PIFL,PIFL27,8.0,762,NA,10,alive
1,PIFL,PIFL27,8.5,NA,NA,10,alive
1,PIFL,PIFL27,9.0,748,NA,10,alive
1,PIFL,PIFL27,9.5,NA,NA,10,alive
1,PIFL,PIFL28,1.0,737,191.7,25,alive
1,PIFL,PIFL28,1.5,NA,NA,25,alive
1,PIFL,PIFL28,10.0,689,100.9,25,alive
1,PIFL,PIFL28,10.5,NA,NA,25,alive
1,PIFL,PIFL28,11.0,694,127.5,25,alive
1,PIFL,PIFL28,11.5,NA,NA,25,alive
1,PIFL,PIFL28,12.0,666,127.6,25,alive
1,PIFL,PIFL28,12.5,NA,NA,25,alive
1,PIFL,PIFL28,13.0,677,73.4,25,alive
1,PIFL,PIFL28,13.5,NA,NA,25,alive
1,PIFL,PIFL28,14.0,649,109.5,25,alive
1,PIFL,PIFL28,14.5,NA,NA,25,alive
1,PIFL,PIFL28,15.0,674,133.1,25,alive
1,PIFL,PIFL28,15.5,NA,NA,50,alive
1,PIFL,PIFL28,16.0,NA,82.4,NA,alive
1,PIFL,PIFL28,16.5,NA,NA,50,alive
1,PIFL,PIFL28,17.0,695,NA,50,alive
1,PIFL,PIFL28,17.5,NA,NA,50,alive
1,PIFL,PIFL28,18.0,670,NA,75,alive
1,PIFL,PIFL28,18.5,NA,NA,25,alive
1,PIFL,PIFL28,19.0,691,62.7,25,alive
1,PIFL,PIFL28,19.5,NA,NA,25,alive
1,PIFL,PIFL28,2.0,736,NA,25,alive
1,PIFL,PIFL28,2.5,NA,NA,25,alive
1,PIFL,PIFL28,20.0,655,175.3,25,alive
1,PIFL,PIFL28,20.5,NA,NA,25,alive
1,PIFL,PIFL28,21.0,655,136.5,25,alive
1,PIFL,PIFL28,21.5,NA,NA,25,alive
1,PIFL,PIFL28,22.0,608,60.6,25,alive
1,PIFL,PIFL28,22.5,NA,NA,25,alive
1,PIFL,PIFL28,23.0,634,62.7,25,alive
1,PIFL,PIFL28,23.5,NA,NA,25,alive
1,PIFL,PIFL28,24.0,597,124.4,25,alive
1,PIFL,PIFL28,24.5,NA,NA,25,alive
1,PIFL,PIFL28,25.0,656,134.5,25,alive
1,PIFL,PIFL28,25.5,NA,NA,25,alive
1,PIFL,PIFL28,26.0,624,111.9,25,alive
1,PIFL,PIFL28,26.5,NA,NA,50,alive
1,PIFL,PIFL28,27.0,643,126,25,alive
1,PIFL,PIFL28,27.5,NA,NA,25,alive
1,PIFL,PIFL28,28.0,606,90.9,25,alive
1,PIFL,PIFL28,28.5,NA,NA,25,alive
1,PIFL,PIFL28,29.0,652,96.8,25,alive
1,PIFL,PIFL28,29.5,NA,NA,25,alive
1,PIFL,PIFL28,3.0,735,260.5,25,alive
1,PIFL,PIFL28,3.5,NA,NA,25,alive
1,PIFL,PIFL28,30.0,615,138.6,25,alive
1,PIFL,PIFL28,30.5,NA,NA,25,alive
1,PIFL,PIFL28,31.0,656,130.7,25,alive
1,PIFL,PIFL28,31.5,NA,NA,25,alive
1,PIFL,PIFL28,32.0,610,76.5,25,alive
1,PIFL,PIFL28,32.5,NA,NA,25,alive
1,PIFL,PIFL28,33.0,646,139.2,25,alive
1,PIFL,PIFL28,33.5,NA,NA,25,alive
1,PIFL,PIFL28,34.0,606,153.9,25,alive
1,PIFL,PIFL28,34.5,NA,NA,25,alive
1,PIFL,PIFL28,35.0,649,114,25,alive
1,PIFL,PIFL28,35.5,NA,NA,25,alive
1,PIFL,PIFL28,36.0,661,87.6,25,alive
1,PIFL,PIFL28,4.0,735,169.6,25,alive
1,PIFL,PIFL28,4.5,NA,NA,25,alive
1,PIFL,PIFL28,5.0,732,137.2,10,alive
1,PIFL,PIFL28,5.5,NA,NA,25,alive
1,PIFL,PIFL28,6.0,720,114.7,25,alive
1,PIFL,PIFL28,6.5,NA,NA,25,alive
1,PIFL,PIFL28,7.0,730,49,25,alive
1,PIFL,PIFL28,7.5,NA,NA,NA,alive
1,PIFL,PIFL28,8.0,721,75.3,25,alive
1,PIFL,PIFL28,8.5,NA,NA,25,alive
1,PIFL,PIFL28,9.0,712,84.2,25,alive
1,PIFL,PIFL28,9.5,NA,NA,25,alive
1,PIFL,PIFL29,1.0,727,217,10,alive
1,PIFL,PIFL29,1.5,NA,NA,10,alive
1,PIFL,PIFL29,10.0,675,117.9,10,alive
1,PIFL,PIFL29,10.5,NA,NA,10,alive
1,PIFL,PIFL29,11.0,665,106.6,10,alive
1,PIFL,PIFL29,11.5,NA,NA,10,alive
1,PIFL,PIFL29,12.0,629,104.5,10,alive
1,PIFL,PIFL29,12.5,NA,NA,10,alive
1,PIFL,PIFL29,13.0,660,63.5,10,alive
1,PIFL,PIFL29,13.5,NA,NA,10,alive
1,PIFL,PIFL29,14.0,621,93.4,10,alive
1,PIFL,PIFL29,14.5,NA,NA,10,alive
1,PIFL,PIFL29,15.0,666,95.5,10,alive
1,PIFL,PIFL29,15.5,NA,NA,10,alive
1,PIFL,PIFL29,16.0,NA,96.1,NA,alive
1,PIFL,PIFL29,16.5,NA,NA,10,alive
1,PIFL,PIFL29,17.0,674,NA,10,alive
1,PIFL,PIFL29,17.5,NA,NA,10,alive
1,PIFL,PIFL29,18.0,630,NA,50,alive
1,PIFL,PIFL29,18.5,NA,NA,10,alive
1,PIFL,PIFL29,19.0,670,42.1,10,alive
1,PIFL,PIFL29,19.5,NA,NA,10,alive
1,PIFL,PIFL29,2.0,721,NA,10,alive
1,PIFL,PIFL29,2.5,NA,NA,10,alive
1,PIFL,PIFL29,20.0,619,113.2,10,alive
1,PIFL,PIFL29,20.5,NA,NA,10,alive
1,PIFL,PIFL29,21.0,640,101.2,10,alive
1,PIFL,PIFL29,21.5,NA,NA,10,alive
1,PIFL,PIFL29,22.0,583,75.3,10,alive
1,PIFL,PIFL29,22.5,NA,NA,10,alive
1,PIFL,PIFL29,23.0,623,50.5,10,alive
1,PIFL,PIFL29,23.5,NA,NA,10,alive
1,PIFL,PIFL29,24.0,576,106.3,25,alive
1,PIFL,PIFL29,24.5,NA,NA,25,alive
1,PIFL,PIFL29,25.0,654,98.5,10,alive
1,PIFL,PIFL29,25.5,NA,NA,25,alive
1,PIFL,PIFL29,26.0,612,116.7,10,alive
1,PIFL,PIFL29,26.5,NA,NA,10,alive
1,PIFL,PIFL29,27.0,642,100.5,10,alive
1,PIFL,PIFL29,27.5,NA,NA,10,alive
1,PIFL,PIFL29,28.0,592,71.4,10,alive
1,PIFL,PIFL29,28.5,NA,NA,25,alive
1,PIFL,PIFL29,29.0,646,80.3,10,alive
1,PIFL,PIFL29,29.5,NA,NA,25,alive
1,PIFL,PIFL29,3.0,724,173.3,10,alive
1,PIFL,PIFL29,3.5,NA,NA,10,alive
1,PIFL,PIFL29,30.0,603,107,10,alive
1,PIFL,PIFL29,30.5,NA,NA,10,alive
1,PIFL,PIFL29,31.0,640,127,10,alive
1,PIFL,PIFL29,31.5,NA,NA,10,alive
1,PIFL,PIFL29,32.0,590,60.4,10,alive
1,PIFL,PIFL29,32.5,NA,NA,10,alive
1,PIFL,PIFL29,33.0,638,127.1,10,alive
1,PIFL,PIFL29,33.5,NA,NA,10,alive
1,PIFL,PIFL29,34.0,589,126.9,10,alive
1,PIFL,PIFL29,34.5,NA,NA,10,alive
1,PIFL,PIFL29,35.0,629,143.3,10,alive
1,PIFL,PIFL29,35.5,NA,NA,10,alive
1,PIFL,PIFL29,36.0,651,62.8,10,alive
1,PIFL,PIFL29,4.0,719,262.4,10,alive
1,PIFL,PIFL29,4.5,NA,NA,10,alive
1,PIFL,PIFL29,5.0,727,129.6,10,alive
1,PIFL,PIFL29,5.5,NA,NA,10,alive
1,PIFL,PIFL29,6.0,714,72.4,10,alive
1,PIFL,PIFL29,6.5,NA,NA,10,alive
1,PIFL,PIFL29,7.0,727,50.4,10,alive
1,PIFL,PIFL29,7.5,NA,NA,NA,alive
1,PIFL,PIFL29,8.0,714,71.9,10,alive
1,PIFL,PIFL29,8.5,NA,NA,10,alive
1,PIFL,PIFL29,9.0,702,84.9,10,alive
1,PIFL,PIFL29,9.5,NA,NA,10,alive
1,PIFL,PIFL30,1.0,795,209,10,alive
1,PIFL,PIFL30,1.5,NA,NA,10,alive
1,PIFL,PIFL30,10.0,712,152.7,10,alive
1,PIFL,PIFL30,10.5,NA,NA,10,alive
1,PIFL,PIFL30,11.0,693,171.4,10,alive
1,PIFL,PIFL30,11.5,NA,NA,10,alive
1,PIFL,PIFL30,12.0,643,152.1,10,alive
1,PIFL,PIFL30,12.5,NA,NA,10,alive
1,PIFL,PIFL30,13.0,675,75.3,10,alive
1,PIFL,PIFL30,13.5,NA,NA,10,alive
1,PIFL,PIFL30,14.0,637,154.2,10,alive
1,PIFL,PIFL30,14.5,NA,NA,10,alive
1,PIFL,PIFL30,15.0,698,189.7,10,alive
1,PIFL,PIFL30,15.5,NA,NA,10,alive
1,PIFL,PIFL30,16.0,NA,93.2,NA,alive
1,PIFL,PIFL30,16.5,NA,NA,10,alive
1,PIFL,PIFL30,17.0,713,NA,10,alive
1,PIFL,PIFL30,17.5,NA,NA,10,alive
1,PIFL,PIFL30,18.0,669,NA,10,alive
1,PIFL,PIFL30,18.5,NA,NA,10,alive
1,PIFL,PIFL30,19.0,726,61.8,10,alive
1,PIFL,PIFL30,19.5,NA,NA,10,alive
1,PIFL,PIFL30,2.0,786,NA,10,alive
1,PIFL,PIFL30,2.5,NA,NA,10,alive
1,PIFL,PIFL30,20.0,663,205.1,10,alive
1,PIFL,PIFL30,20.5,NA,NA,10,alive
1,PIFL,PIFL30,21.0,705,208.5,10,alive
1,PIFL,PIFL30,21.5,NA,NA,10,alive
1,PIFL,PIFL30,22.0,650,149.2,10,alive
1,PIFL,PIFL30,22.5,NA,NA,10,alive
1,PIFL,PIFL30,23.0,677,121,10,alive
1,PIFL,PIFL30,23.5,NA,NA,10,alive
1,PIFL,PIFL30,24.0,623,174.4,10,alive
1,PIFL,PIFL30,24.5,NA,NA,10,alive
1,PIFL,PIFL30,25.0,709,202.4,10,alive
1,PIFL,PIFL30,25.5,NA,NA,10,alive
1,PIFL,PIFL30,26.0,662,173.4,10,alive
1,PIFL,PIFL30,26.5,NA,NA,10,alive
1,PIFL,PIFL30,27.0,699,156.9,10,alive
1,PIFL,PIFL30,27.5,NA,NA,10,alive
1,PIFL,PIFL30,28.0,636,171.8,10,alive
1,PIFL,PIFL30,28.5,NA,NA,10,alive
1,PIFL,PIFL30,29.0,703,139.2,10,alive
1,PIFL,PIFL30,29.5,NA,NA,10,alive
1,PIFL,PIFL30,3.0,785,364,10,alive
1,PIFL,PIFL30,3.5,NA,NA,10,alive
1,PIFL,PIFL30,30.0,649,224.9,10,alive
1,PIFL,PIFL30,30.5,NA,NA,10,alive
1,PIFL,PIFL30,31.0,699,251.4,10,alive
1,PIFL,PIFL30,31.5,NA,NA,10,alive
1,PIFL,PIFL30,32.0,634,125.2,10,alive
1,PIFL,PIFL30,32.5,NA,NA,10,alive
1,PIFL,PIFL30,33.0,672,224.8,10,alive
1,PIFL,PIFL30,33.5,NA,NA,10,alive
1,PIFL,PIFL30,34.0,608,208.9,10,alive
1,PIFL,PIFL30,34.5,NA,NA,10,alive
1,PIFL,PIFL30,35.0,666,263.7,10,alive
1,PIFL,PIFL30,35.5,NA,NA,10,alive
1,PIFL,PIFL30,36.0,715,159.9,10,alive
1,PIFL,PIFL30,4.0,774,344.7,10,alive
1,PIFL,PIFL30,4.5,NA,NA,10,alive
1,PIFL,PIFL30,5.0,781,463,10,alive
1,PIFL,PIFL30,5.5,NA,NA,10,alive
1,PIFL,PIFL30,6.0,762,97.7,10,alive
1,PIFL,PIFL30,6.5,NA,NA,10,alive
1,PIFL,PIFL30,7.0,784,84,10,alive
1,PIFL,PIFL30,7.5,NA,NA,NA,alive
1,PIFL,PIFL30,8.0,766,93.2,10,alive
1,PIFL,PIFL30,8.5,NA,NA,10,alive
1,PIFL,PIFL30,9.0,748,155.6,10,alive
1,PIFL,PIFL30,9.5,NA,NA,10,alive
1,PIFL,PIFL31,1.0,742,266.8,10,alive
1,PIFL,PIFL31,1.5,NA,NA,10,alive
1,PIFL,PIFL31,10.0,651,142.8,10,alive
1,PIFL,PIFL31,10.5,NA,NA,10,alive
1,PIFL,PIFL31,11.0,620,119.7,10,alive
1,PIFL,PIFL31,11.5,NA,NA,10,alive
1,PIFL,PIFL31,12.0,593,116.4,10,alive
1,PIFL,PIFL31,12.5,NA,NA,10,alive
1,PIFL,PIFL31,13.0,569,70,25,alive
1,PIFL,PIFL31,13.5,NA,NA,10,alive
1,PIFL,PIFL31,14.0,541,100.7,10,alive
1,PIFL,PIFL31,14.5,NA,NA,10,alive
1,PIFL,PIFL31,15.0,520,113.8,10,alive
1,PIFL,PIFL31,15.5,NA,NA,10,alive
1,PIFL,PIFL31,16.0,NA,71.4,NA,alive
1,PIFL,PIFL31,16.5,NA,NA,10,alive
1,PIFL,PIFL31,17.0,493,NA,10,alive
1,PIFL,PIFL31,17.5,NA,NA,10,alive
1,PIFL,PIFL31,18.0,475,NA,10,alive
1,PIFL,PIFL31,18.5,NA,NA,10,alive
1,PIFL,PIFL31,19.0,463,31,10,alive
1,PIFL,PIFL31,19.5,NA,NA,10,alive
1,PIFL,PIFL31,2.0,738,173.6,10,alive
1,PIFL,PIFL31,2.5,NA,NA,10,alive
1,PIFL,PIFL31,20.0,444,93.5,10,alive
1,PIFL,PIFL31,20.5,NA,NA,10,alive
1,PIFL,PIFL31,21.0,430,74.4,10,alive
1,PIFL,PIFL31,21.5,NA,NA,10,alive
1,PIFL,PIFL31,22.0,417,30.9,10,alive
1,PIFL,PIFL31,22.5,NA,NA,10,alive
1,PIFL,PIFL31,23.0,407,24.8,10,alive
1,PIFL,PIFL31,23.5,NA,NA,25,alive
1,PIFL,PIFL31,24.0,396,48.1,25,alive
1,PIFL,PIFL31,24.5,NA,NA,25,alive
1,PIFL,PIFL31,25.0,390,52.7,25,alive
1,PIFL,PIFL31,25.5,NA,NA,25,alive
1,PIFL,PIFL31,26.0,382,40.5,25,alive
1,PIFL,PIFL31,26.5,NA,NA,10,alive
1,PIFL,PIFL31,27.0,372,41.3,25,alive
1,PIFL,PIFL31,27.5,NA,NA,25,alive
1,PIFL,PIFL31,28.0,369,25.5,25,alive
1,PIFL,PIFL31,28.5,NA,NA,50,alive
1,PIFL,PIFL31,29.0,369,32.7,50,alive
1,PIFL,PIFL31,29.5,NA,NA,25,alive
1,PIFL,PIFL31,3.0,730,219.8,10,alive
1,PIFL,PIFL31,3.5,NA,NA,10,alive
1,PIFL,PIFL31,30.0,369,66.2,50,alive
1,PIFL,PIFL31,30.5,NA,NA,50,alive
1,PIFL,PIFL31,31.0,369,44.1,75,dead
1,PIFL,PIFL31,31.5,NA,NA,75,dead
1,PIFL,PIFL31,32.0,368,24,90,dead
1,PIFL,PIFL31,32.5,NA,NA,75,dead
1,PIFL,PIFL31,33.0,367,39.2,90,dead
1,PIFL,PIFL31,33.5,NA,NA,90,dead
1,PIFL,PIFL31,34.0,366,47,90,dead
1,PIFL,PIFL31,34.5,NA,NA,NA,dead
1,PIFL,PIFL31,35.0,NA,NA,NA,dead
1,PIFL,PIFL31,35.5,NA,NA,NA,dead
1,PIFL,PIFL31,36.0,NA,NA,NA,dead
1,PIFL,PIFL31,4.0,729,238.8,10,alive
1,PIFL,PIFL31,4.5,NA,NA,25,alive
1,PIFL,PIFL31,5.0,724,120.3,10,alive
1,PIFL,PIFL31,5.5,NA,NA,10,alive
1,PIFL,PIFL31,6.0,713,87.7,10,alive
1,PIFL,PIFL31,6.5,NA,NA,10,alive
1,PIFL,PIFL31,7.0,705,76.8,10,alive
1,PIFL,PIFL31,7.5,NA,NA,NA,alive
1,PIFL,PIFL31,8.0,681,90.9,10,alive
1,PIFL,PIFL31,8.5,NA,NA,10,alive
1,PIFL,PIFL31,9.0,665,83.3,10,alive
1,PIFL,PIFL31,9.5,NA,NA,10,alive
1,PIFL,PIFL32,1.0,756,270.4,10,alive
1,PIFL,PIFL32,1.5,NA,NA,10,alive
1,PIFL,PIFL32,10.0,653,118.8,10,alive
1,PIFL,PIFL32,10.5,NA,NA,10,alive
1,PIFL,PIFL32,11.0,621,126,10,alive
1,PIFL,PIFL32,11.5,NA,NA,25,alive
1,PIFL,PIFL32,12.0,592,133.4,25,alive
1,PIFL,PIFL32,12.5,NA,NA,25,alive
1,PIFL,PIFL32,13.0,562,83.6,25,alive
1,PIFL,PIFL32,13.5,NA,NA,25,alive
1,PIFL,PIFL32,14.0,535,109,10,alive
1,PIFL,PIFL32,14.5,NA,NA,25,alive
1,PIFL,PIFL32,15.0,517,127.7,25,alive
1,PIFL,PIFL32,15.5,NA,NA,10,alive
1,PIFL,PIFL32,16.0,NA,58.5,NA,alive
1,PIFL,PIFL32,16.5,NA,NA,10,alive
1,PIFL,PIFL32,17.0,486,NA,10,alive
1,PIFL,PIFL32,17.5,NA,NA,10,alive
1,PIFL,PIFL32,18.0,461,NA,10,alive
1,PIFL,PIFL32,18.5,NA,NA,25,alive
1,PIFL,PIFL32,19.0,446,40.1,25,alive
1,PIFL,PIFL32,19.5,NA,NA,25,alive
1,PIFL,PIFL32,2.0,753,335.6,10,alive
1,PIFL,PIFL32,2.5,NA,NA,10,alive
1,PIFL,PIFL32,20.0,423,108.4,25,alive
1,PIFL,PIFL32,20.5,NA,NA,25,alive
1,PIFL,PIFL32,21.0,410,60.3,25,alive
1,PIFL,PIFL32,21.5,NA,NA,25,alive
1,PIFL,PIFL32,22.0,391,23.7,25,alive
1,PIFL,PIFL32,22.5,NA,NA,25,alive
1,PIFL,PIFL32,23.0,380,24.2,25,alive
1,PIFL,PIFL32,23.5,NA,NA,25,alive
1,PIFL,PIFL32,24.0,377,55.7,25,alive
1,PIFL,PIFL32,24.5,NA,NA,50,alive
1,PIFL,PIFL32,25.0,377,66.7,25,alive
1,PIFL,PIFL32,25.5,NA,NA,50,alive
1,PIFL,PIFL32,26.0,377,45.2,50,alive
1,PIFL,PIFL32,26.5,NA,NA,50,alive
1,PIFL,PIFL32,27.0,374,56.1,50,alive
1,PIFL,PIFL32,27.5,NA,NA,50,alive
1,PIFL,PIFL32,28.0,374,34.9,75,dead
1,PIFL,PIFL32,28.5,NA,NA,75,dead
1,PIFL,PIFL32,29.0,373,43.9,75,dead
1,PIFL,PIFL32,29.5,NA,NA,90,dead
1,PIFL,PIFL32,3.0,743,340.5,10,alive
1,PIFL,PIFL32,3.5,NA,NA,10,alive
1,PIFL,PIFL32,30.0,374,84.6,90,dead
1,PIFL,PIFL32,30.5,NA,NA,90,dead
1,PIFL,PIFL32,31.0,374,53.5,90,dead
1,PIFL,PIFL32,31.5,NA,NA,NA,dead
1,PIFL,PIFL32,32.0,NA,NA,NA,dead
1,PIFL,PIFL32,32.5,NA,NA,NA,dead
1,PIFL,PIFL32,33.0,NA,NA,NA,dead
1,PIFL,PIFL32,33.5,NA,NA,NA,dead
1,PIFL,PIFL32,34.0,NA,NA,NA,dead
1,PIFL,PIFL32,34.5,NA,NA,NA,dead
1,PIFL,PIFL32,35.0,NA,NA,NA,dead
1,PIFL,PIFL32,35.5,NA,NA,NA,dead
1,PIFL,PIFL32,36.0,NA,NA,NA,dead
1,PIFL,PIFL32,4.0,742,156.5,10,alive
1,PIFL,PIFL32,4.5,NA,NA,10,alive
1,PIFL,PIFL32,5.0,736,142.5,10,alive
1,PIFL,PIFL32,5.5,NA,NA,10,alive
1,PIFL,PIFL32,6.0,725,107.4,10,alive
1,PIFL,PIFL32,6.5,NA,NA,10,alive
1,PIFL,PIFL32,7.0,714,76.3,10,alive
1,PIFL,PIFL32,7.5,NA,NA,NA,alive
1,PIFL,PIFL32,8.0,695,74.7,10,alive
1,PIFL,PIFL32,8.5,NA,NA,10,alive
1,PIFL,PIFL32,9.0,678,94.7,10,alive
1,PIFL,PIFL32,9.5,NA,NA,10,alive
1,PIFL,PIFL33,1.0,605,186.7,10,alive
1,PIFL,PIFL33,1.5,NA,NA,25,alive
1,PIFL,PIFL33,10.0,494,95,25,alive
1,PIFL,PIFL33,10.5,NA,NA,25,alive
1,PIFL,PIFL33,11.0,466,166,25,alive
1,PIFL,PIFL33,11.5,NA,NA,25,alive
1,PIFL,PIFL33,12.0,440,125.9,25,alive
1,PIFL,PIFL33,12.5,NA,NA,25,alive
1,PIFL,PIFL33,13.0,421,75.3,25,alive
1,PIFL,PIFL33,13.5,NA,NA,25,alive
1,PIFL,PIFL33,14.0,402,103.9,25,alive
1,PIFL,PIFL33,14.5,NA,NA,25,alive
1,PIFL,PIFL33,15.0,387,127.4,25,alive
1,PIFL,PIFL33,15.5,NA,NA,10,alive
1,PIFL,PIFL33,16.0,NA,80.6,NA,alive
1,PIFL,PIFL33,16.5,NA,NA,10,alive
1,PIFL,PIFL33,17.0,355,NA,10,alive
1,PIFL,PIFL33,17.5,NA,NA,10,alive
1,PIFL,PIFL33,18.0,334,NA,50,alive
1,PIFL,PIFL33,18.5,NA,NA,25,alive
1,PIFL,PIFL33,19.0,324,31.1,25,alive
1,PIFL,PIFL33,19.5,NA,NA,25,alive
1,PIFL,PIFL33,2.0,600,274.8,10,alive
1,PIFL,PIFL33,2.5,NA,NA,10,alive
1,PIFL,PIFL33,20.0,308,57.7,25,alive
1,PIFL,PIFL33,20.5,NA,NA,25,alive
1,PIFL,PIFL33,21.0,294,44.9,25,alive
1,PIFL,PIFL33,21.5,NA,NA,25,alive
1,PIFL,PIFL33,22.0,290,24,25,alive
1,PIFL,PIFL33,22.5,NA,NA,25,alive
1,PIFL,PIFL33,23.0,289,28.7,25,alive
1,PIFL,PIFL33,23.5,NA,NA,50,alive
1,PIFL,PIFL33,24.0,288,56,50,alive
1,PIFL,PIFL33,24.5,NA,NA,75,alive
1,PIFL,PIFL33,25.0,288,72.8,50,alive
1,PIFL,PIFL33,25.5,NA,NA,75,dead
1,PIFL,PIFL33,26.0,288,42.6,75,dead
1,PIFL,PIFL33,26.5,NA,NA,50,dead
1,PIFL,PIFL33,27.0,287,42.4,75,dead
1,PIFL,PIFL33,27.5,NA,NA,75,dead
1,PIFL,PIFL33,28.0,286,21.6,75,dead
1,PIFL,PIFL33,28.5,NA,NA,75,dead
1,PIFL,PIFL33,29.0,286,40.6,75,dead
1,PIFL,PIFL33,29.5,NA,NA,NA,dead
1,PIFL,PIFL33,3.0,587,278.9,25,alive
1,PIFL,PIFL33,3.5,NA,NA,25,alive
1,PIFL,PIFL33,30.0,NA,NA,NA,dead
1,PIFL,PIFL33,30.5,NA,NA,NA,dead
1,PIFL,PIFL33,31.0,NA,NA,NA,dead
1,PIFL,PIFL33,31.5,NA,NA,NA,dead
1,PIFL,PIFL33,32.0,NA,NA,NA,dead
1,PIFL,PIFL33,32.5,NA,NA,NA,dead
1,PIFL,PIFL33,33.0,NA,NA,NA,dead
1,PIFL,PIFL33,33.5,NA,NA,NA,dead
1,PIFL,PIFL33,34.0,NA,NA,NA,dead
1,PIFL,PIFL33,34.5,NA,NA,NA,dead
1,PIFL,PIFL33,35.0,NA,NA,NA,dead
1,PIFL,PIFL33,35.5,NA,NA,NA,dead
1,PIFL,PIFL33,36.0,NA,NA,NA,dead
1,PIFL,PIFL33,4.0,584,269.7,25,alive
1,PIFL,PIFL33,4.5,NA,NA,25,alive
1,PIFL,PIFL33,5.0,574,119.8,10,alive
1,PIFL,PIFL33,5.5,NA,NA,25,alive
1,PIFL,PIFL33,6.0,564,60.3,25,alive
1,PIFL,PIFL33,6.5,NA,NA,10,alive
1,PIFL,PIFL33,7.0,557,92.7,10,alive
1,PIFL,PIFL33,7.5,NA,NA,NA,alive
1,PIFL,PIFL33,8.0,534,58.2,25,alive
1,PIFL,PIFL33,8.5,NA,NA,25,alive
1,PIFL,PIFL33,9.0,518,136.5,25,alive
1,PIFL,PIFL33,9.5,NA,NA,25,alive
1,PIFL,PIFL34,1.0,756,295.9,10,alive
1,PIFL,PIFL34,1.5,NA,NA,10,alive
1,PIFL,PIFL34,10.0,674,159.9,10,alive
1,PIFL,PIFL34,10.5,NA,NA,10,alive
1,PIFL,PIFL34,11.0,651,151.4,10,alive
1,PIFL,PIFL34,11.5,NA,NA,10,alive
1,PIFL,PIFL34,12.0,626,166.2,10,alive
1,PIFL,PIFL34,12.5,NA,NA,10,alive
1,PIFL,PIFL34,13.0,603,161.9,10,alive
1,PIFL,PIFL34,13.5,NA,NA,10,alive
1,PIFL,PIFL34,14.0,578,139.3,10,alive
1,PIFL,PIFL34,14.5,NA,NA,10,alive
1,PIFL,PIFL34,15.0,552,153.9,10,alive
1,PIFL,PIFL34,15.5,NA,NA,10,alive
1,PIFL,PIFL34,16.0,NA,115.5,NA,alive
1,PIFL,PIFL34,16.5,NA,NA,10,alive
1,PIFL,PIFL34,17.0,522,NA,10,alive
1,PIFL,PIFL34,17.5,NA,NA,10,alive
1,PIFL,PIFL34,18.0,502,NA,25,alive
1,PIFL,PIFL34,18.5,NA,NA,10,alive
1,PIFL,PIFL34,19.0,486,65.4,10,alive
1,PIFL,PIFL34,19.5,NA,NA,10,alive
1,PIFL,PIFL34,2.0,752,323.8,10,alive
1,PIFL,PIFL34,2.5,NA,NA,10,alive
1,PIFL,PIFL34,20.0,466,116.3,10,alive
1,PIFL,PIFL34,20.5,NA,NA,10,alive
1,PIFL,PIFL34,21.0,453,96,10,alive
1,PIFL,PIFL34,21.5,NA,NA,10,alive
1,PIFL,PIFL34,22.0,435,95.3,10,alive
1,PIFL,PIFL34,22.5,NA,NA,10,alive
1,PIFL,PIFL34,23.0,422,66.6,10,alive
1,PIFL,PIFL34,23.5,NA,NA,10,alive
1,PIFL,PIFL34,24.0,410,79.8,25,alive
1,PIFL,PIFL34,24.5,NA,NA,25,alive
1,PIFL,PIFL34,25.0,404,73.4,25,alive
1,PIFL,PIFL34,25.5,NA,NA,25,alive
1,PIFL,PIFL34,26.0,398,41.5,25,alive
1,PIFL,PIFL34,26.5,NA,NA,10,alive
1,PIFL,PIFL34,27.0,387,42.9,25,alive
1,PIFL,PIFL34,27.5,NA,NA,25,alive
1,PIFL,PIFL34,28.0,377,26.3,25,alive
1,PIFL,PIFL34,28.5,NA,NA,25,alive
1,PIFL,PIFL34,29.0,373,31.8,25,alive
1,PIFL,PIFL34,29.5,NA,NA,25,alive
1,PIFL,PIFL34,3.0,748,455.9,10,alive
1,PIFL,PIFL34,3.5,NA,NA,10,alive
1,PIFL,PIFL34,30.0,372,59.5,25,alive
1,PIFL,PIFL34,30.5,NA,NA,50,alive
1,PIFL,PIFL34,31.0,372,46.5,50,alive
1,PIFL,PIFL34,31.5,NA,NA,75,dead
1,PIFL,PIFL34,32.0,370,23.9,75,dead
1,PIFL,PIFL34,32.5,NA,NA,75,dead
1,PIFL,PIFL34,33.0,370,44.7,75,dead
1,PIFL,PIFL34,33.5,NA,NA,75,dead
1,PIFL,PIFL34,34.0,369,42.8,50,dead
1,PIFL,PIFL34,34.5,NA,NA,75,dead
1,PIFL,PIFL34,35.0,369,59.9,75,dead
1,PIFL,PIFL34,35.5,NA,NA,NA,dead
1,PIFL,PIFL34,36.0,NA,NA,NA,dead
1,PIFL,PIFL34,4.0,746,382.8,10,alive
1,PIFL,PIFL34,4.5,NA,NA,10,alive
1,PIFL,PIFL34,5.0,743,126.5,10,alive
1,PIFL,PIFL34,5.5,NA,NA,10,alive
1,PIFL,PIFL34,6.0,734,94.7,10,alive
1,PIFL,PIFL34,6.5,NA,NA,10,alive
1,PIFL,PIFL34,7.0,730,69.7,10,alive
1,PIFL,PIFL34,7.5,NA,NA,NA,alive
1,PIFL,PIFL34,8.0,708,85.4,10,alive
1,PIFL,PIFL34,8.5,NA,NA,10,alive
1,PIFL,PIFL34,9.0,695,141.6,10,alive
1,PIFL,PIFL34,9.5,NA,NA,10,alive
1,PIFL,PIFL35,1.0,775,247,10,alive
1,PIFL,PIFL35,1.5,NA,NA,10,alive
1,PIFL,PIFL35,10.0,640,152.8,25,alive
1,PIFL,PIFL35,10.5,NA,NA,25,alive
1,PIFL,PIFL35,11.0,607,133.5,25,alive
1,PIFL,PIFL35,11.5,NA,NA,25,alive
1,PIFL,PIFL35,12.0,575,154.6,25,alive
1,PIFL,PIFL35,12.5,NA,NA,25,alive
1,PIFL,PIFL35,13.0,545,82.2,10,alive
1,PIFL,PIFL35,13.5,NA,NA,10,alive
1,PIFL,PIFL35,14.0,517,134.7,25,alive
1,PIFL,PIFL35,14.5,NA,NA,25,alive
1,PIFL,PIFL35,15.0,498,128.6,25,alive
1,PIFL,PIFL35,15.5,NA,NA,10,alive
1,PIFL,PIFL35,16.0,NA,97.8,NA,alive
1,PIFL,PIFL35,16.5,NA,NA,10,alive
1,PIFL,PIFL35,17.0,474,NA,10,alive
1,PIFL,PIFL35,17.5,NA,NA,10,alive
1,PIFL,PIFL35,18.0,458,NA,10,alive
1,PIFL,PIFL35,18.5,NA,NA,25,alive
1,PIFL,PIFL35,19.0,448,37.8,25,alive
1,PIFL,PIFL35,19.5,NA,NA,25,alive
1,PIFL,PIFL35,2.0,763,318.6,25,alive
1,PIFL,PIFL35,2.5,NA,NA,25,alive
1,PIFL,PIFL35,20.0,434,110.9,25,alive
1,PIFL,PIFL35,20.5,NA,NA,25,alive
1,PIFL,PIFL35,21.0,423,64.7,25,alive
1,PIFL,PIFL35,21.5,NA,NA,25,alive
1,PIFL,PIFL35,22.0,414,26.1,25,alive
1,PIFL,PIFL35,22.5,NA,NA,25,alive
1,PIFL,PIFL35,23.0,406,28.1,25,alive
1,PIFL,PIFL35,23.5,NA,NA,25,alive
1,PIFL,PIFL35,24.0,395,51.4,10,alive
1,PIFL,PIFL35,24.5,NA,NA,25,alive
1,PIFL,PIFL35,25.0,391,70.5,25,alive
1,PIFL,PIFL35,25.5,NA,NA,25,alive
1,PIFL,PIFL35,26.0,387,42,50,alive
1,PIFL,PIFL35,26.5,NA,NA,50,alive
1,PIFL,PIFL35,27.0,384,48.1,50,alive
1,PIFL,PIFL35,27.5,NA,NA,50,alive
1,PIFL,PIFL35,28.0,382,32.1,75,dead
1,PIFL,PIFL35,28.5,NA,NA,75,dead
1,PIFL,PIFL35,29.0,383,29.8,75,dead
1,PIFL,PIFL35,29.5,NA,NA,90,dead
1,PIFL,PIFL35,3.0,752,313.6,25,alive
1,PIFL,PIFL35,3.5,NA,NA,25,alive
1,PIFL,PIFL35,30.0,383,75.5,90,dead
1,PIFL,PIFL35,30.5,NA,NA,90,dead
1,PIFL,PIFL35,31.0,383,47.9,90,dead
1,PIFL,PIFL35,31.5,NA,NA,NA,dead
1,PIFL,PIFL35,32.0,NA,NA,NA,dead
1,PIFL,PIFL35,32.5,NA,NA,NA,dead
1,PIFL,PIFL35,33.0,NA,NA,NA,dead
1,PIFL,PIFL35,33.5,NA,NA,NA,dead
1,PIFL,PIFL35,34.0,NA,NA,NA,dead
1,PIFL,PIFL35,34.5,NA,NA,NA,dead
1,PIFL,PIFL35,35.0,NA,NA,NA,dead
1,PIFL,PIFL35,35.5,NA,NA,NA,dead
1,PIFL,PIFL35,36.0,NA,NA,NA,dead
1,PIFL,PIFL35,4.0,745,355.2,25,alive
1,PIFL,PIFL35,4.5,NA,NA,25,alive
1,PIFL,PIFL35,5.0,738,144.5,10,alive
1,PIFL,PIFL35,5.5,NA,NA,25,alive
1,PIFL,PIFL35,6.0,721,111.1,25,alive
1,PIFL,PIFL35,6.5,NA,NA,10,alive
1,PIFL,PIFL35,7.0,711,84.3,10,alive
1,PIFL,PIFL35,7.5,NA,NA,NA,alive
1,PIFL,PIFL35,8.0,686,95.5,25,alive
1,PIFL,PIFL35,8.5,NA,NA,25,alive
1,PIFL,PIFL35,9.0,667,131.7,25,alive
1,PIFL,PIFL35,9.5,NA,NA,25,alive
1,PIFL,PIFL36,1.0,727,186.2,25,alive
1,PIFL,PIFL36,1.5,NA,NA,25,alive
1,PIFL,PIFL36,10.0,619,145.3,25,alive
1,PIFL,PIFL36,10.5,NA,NA,25,alive
1,PIFL,PIFL36,11.0,590,162,25,alive
1,PIFL,PIFL36,11.5,NA,NA,25,alive
1,PIFL,PIFL36,12.0,559,173.3,25,alive
1,PIFL,PIFL36,12.5,NA,NA,25,alive
1,PIFL,PIFL36,13.0,529,96.6,25,alive
1,PIFL,PIFL36,13.5,NA,NA,25,alive
1,PIFL,PIFL36,14.0,499,142.3,25,alive
1,PIFL,PIFL36,14.5,NA,NA,25,alive
1,PIFL,PIFL36,15.0,477,164.3,25,alive
1,PIFL,PIFL36,15.5,NA,NA,25,alive
1,PIFL,PIFL36,16.0,NA,113.9,NA,alive
1,PIFL,PIFL36,16.5,NA,NA,25,alive
1,PIFL,PIFL36,17.0,450,NA,25,alive
1,PIFL,PIFL36,17.5,NA,NA,25,alive
1,PIFL,PIFL36,18.0,433,NA,50,alive
1,PIFL,PIFL36,18.5,NA,NA,25,alive
1,PIFL,PIFL36,19.0,418,67.4,25,alive
1,PIFL,PIFL36,19.5,NA,NA,25,alive
1,PIFL,PIFL36,2.0,723,211,25,alive
1,PIFL,PIFL36,2.5,NA,NA,25,alive
1,PIFL,PIFL36,20.0,401,152.4,25,alive
1,PIFL,PIFL36,20.5,NA,NA,25,alive
1,PIFL,PIFL36,21.0,390,99.7,25,alive
1,PIFL,PIFL36,21.5,NA,NA,25,alive
1,PIFL,PIFL36,22.0,378,50.1,25,alive
1,PIFL,PIFL36,22.5,NA,NA,25,alive
1,PIFL,PIFL36,23.0,368,40,25,alive
1,PIFL,PIFL36,23.5,NA,NA,25,alive
1,PIFL,PIFL36,24.0,353,52.8,25,alive
1,PIFL,PIFL36,24.5,NA,NA,25,alive
1,PIFL,PIFL36,25.0,347,63.6,25,alive
1,PIFL,PIFL36,25.5,NA,NA,25,alive
1,PIFL,PIFL36,26.0,342,48.4,25,alive
1,PIFL,PIFL36,26.5,NA,NA,25,alive
1,PIFL,PIFL36,27.0,338,43.3,25,alive
1,PIFL,PIFL36,27.5,NA,NA,25,alive
1,PIFL,PIFL36,28.0,337,34.1,50,alive
1,PIFL,PIFL36,28.5,NA,NA,50,alive
1,PIFL,PIFL36,29.0,337,32.1,50,dead
1,PIFL,PIFL36,29.5,NA,NA,50,dead
1,PIFL,PIFL36,3.0,716,191.1,25,alive
1,PIFL,PIFL36,3.5,NA,NA,25,alive
1,PIFL,PIFL36,30.0,338,67.1,50,dead
1,PIFL,PIFL36,30.5,NA,NA,75,dead
1,PIFL,PIFL36,31.0,338,48.1,75,dead
1,PIFL,PIFL36,31.5,NA,NA,NA,dead
1,PIFL,PIFL36,32.0,NA,NA,NA,dead
1,PIFL,PIFL36,32.5,NA,NA,NA,dead
1,PIFL,PIFL36,33.0,NA,NA,NA,dead
1,PIFL,PIFL36,33.5,NA,NA,NA,dead
1,PIFL,PIFL36,34.0,NA,NA,NA,dead
1,PIFL,PIFL36,34.5,NA,NA,NA,dead
1,PIFL,PIFL36,35.0,NA,NA,NA,dead
1,PIFL,PIFL36,35.5,NA,NA,NA,dead
1,PIFL,PIFL36,36.0,NA,NA,NA,dead
1,PIFL,PIFL36,4.0,716,214.4,25,alive
1,PIFL,PIFL36,4.5,NA,NA,25,alive
1,PIFL,PIFL36,5.0,707,170.6,25,alive
1,PIFL,PIFL36,5.5,NA,NA,25,alive
1,PIFL,PIFL36,6.0,699,116.7,25,alive
1,PIFL,PIFL36,6.5,NA,NA,25,alive
1,PIFL,PIFL36,7.0,686,81.5,25,alive
1,PIFL,PIFL36,7.5,NA,NA,NA,alive
1,PIFL,PIFL36,8.0,664,111.6,25,alive
1,PIFL,PIFL36,8.5,NA,NA,25,alive
1,PIFL,PIFL36,9.0,648,121.4,25,alive
1,PIFL,PIFL36,9.5,NA,NA,25,alive
1,PIFL,PIFL37,1.0,799,130.6,10,alive
1,PIFL,PIFL37,1.5,NA,NA,10,alive
1,PIFL,PIFL37,10.0,691,150.8,10,alive
1,PIFL,PIFL37,10.5,NA,NA,10,alive
1,PIFL,PIFL37,11.0,660,191.2,10,alive
1,PIFL,PIFL37,11.5,NA,NA,10,alive
1,PIFL,PIFL37,12.0,630,174.1,10,alive
1,PIFL,PIFL37,12.5,NA,NA,10,alive
1,PIFL,PIFL37,13.0,600,131.9,10,alive
1,PIFL,PIFL37,13.5,NA,NA,10,alive
1,PIFL,PIFL37,14.0,569,148.6,10,alive
1,PIFL,PIFL37,14.5,NA,NA,10,alive
1,PIFL,PIFL37,15.0,546,180.2,10,alive
1,PIFL,PIFL37,15.5,NA,NA,10,alive
1,PIFL,PIFL37,16.0,NA,146.1,NA,alive
1,PIFL,PIFL37,16.5,NA,NA,10,alive
1,PIFL,PIFL37,17.0,504,NA,10,alive
1,PIFL,PIFL37,17.5,NA,NA,10,alive
1,PIFL,PIFL37,18.0,481,NA,10,alive
1,PIFL,PIFL37,18.5,NA,NA,10,alive
1,PIFL,PIFL37,19.0,465,74.3,10,alive
1,PIFL,PIFL37,19.5,NA,NA,10,alive
1,PIFL,PIFL37,2.0,794,190.8,10,alive
1,PIFL,PIFL37,2.5,NA,NA,10,alive
1,PIFL,PIFL37,20.0,442,169.2,10,alive
1,PIFL,PIFL37,20.5,NA,NA,10,alive
1,PIFL,PIFL37,21.0,426,139.3,10,alive
1,PIFL,PIFL37,21.5,NA,NA,10,alive
1,PIFL,PIFL37,22.0,410,48.5,10,alive
1,PIFL,PIFL37,22.5,NA,NA,10,alive
1,PIFL,PIFL37,23.0,401,34.2,10,alive
1,PIFL,PIFL37,23.5,NA,NA,10,alive
1,PIFL,PIFL37,24.0,393,47.7,10,alive
1,PIFL,PIFL37,24.5,NA,NA,10,alive
1,PIFL,PIFL37,25.0,388,52.2,10,alive
1,PIFL,PIFL37,25.5,NA,NA,10,alive
1,PIFL,PIFL37,26.0,383,35.4,10,alive
1,PIFL,PIFL37,26.5,NA,NA,10,alive
1,PIFL,PIFL37,27.0,374,42.4,10,alive
1,PIFL,PIFL37,27.5,NA,NA,25,alive
1,PIFL,PIFL37,28.0,369,23.2,10,alive
1,PIFL,PIFL37,28.5,NA,NA,25,alive
1,PIFL,PIFL37,29.0,368,28.2,25,alive
1,PIFL,PIFL37,29.5,NA,NA,25,alive
1,PIFL,PIFL37,3.0,787,190.3,10,alive
1,PIFL,PIFL37,3.5,NA,NA,10,alive
1,PIFL,PIFL37,30.0,368,66.4,25,alive
1,PIFL,PIFL37,30.5,NA,NA,50,alive
1,PIFL,PIFL37,31.0,368,39.4,50,alive
1,PIFL,PIFL37,31.5,NA,NA,50,alive
1,PIFL,PIFL37,32.0,367,29.1,50,alive
1,PIFL,PIFL37,32.5,NA,NA,50,alive
1,PIFL,PIFL37,33.0,366,54.8,50,alive
1,PIFL,PIFL37,33.5,NA,NA,75,dead
1,PIFL,PIFL37,34.0,366,47.9,75,dead
1,PIFL,PIFL37,34.5,NA,NA,75,dead
1,PIFL,PIFL37,35.0,366,73.6,75,dead
1,PIFL,PIFL37,35.5,NA,NA,75,dead
1,PIFL,PIFL37,36.0,366,31.6,75,dead
1,PIFL,PIFL37,4.0,789,138.2,10,alive
1,PIFL,PIFL37,4.5,NA,NA,10,alive
1,PIFL,PIFL37,5.0,785,98.8,10,alive
1,PIFL,PIFL37,5.5,NA,NA,10,alive
1,PIFL,PIFL37,6.0,776,105.8,10,alive
1,PIFL,PIFL37,6.5,NA,NA,10,alive
1,PIFL,PIFL37,7.0,766,67.1,10,alive
1,PIFL,PIFL37,7.5,NA,NA,NA,alive
1,PIFL,PIFL37,8.0,739,136.3,10,alive
1,PIFL,PIFL37,8.5,NA,NA,10,alive
1,PIFL,PIFL37,9.0,720,203.4,10,alive
1,PIFL,PIFL37,9.5,NA,NA,10,alive
1,PIFL,PIFL38,1.0,785,241.1,10,alive
1,PIFL,PIFL38,1.5,NA,NA,10,alive
1,PIFL,PIFL38,10.0,664,176.7,10,alive
1,PIFL,PIFL38,10.5,NA,NA,10,alive
1,PIFL,PIFL38,11.0,629,162.6,10,alive
1,PIFL,PIFL38,11.5,NA,NA,10,alive
1,PIFL,PIFL38,12.0,594,207.3,10,alive
1,PIFL,PIFL38,12.5,NA,NA,10,alive
1,PIFL,PIFL38,13.0,559,153,10,alive
1,PIFL,PIFL38,13.5,NA,NA,10,alive
1,PIFL,PIFL38,14.0,527,196.7,10,alive
1,PIFL,PIFL38,14.5,NA,NA,10,alive
1,PIFL,PIFL38,15.0,507,186.6,10,alive
1,PIFL,PIFL38,15.5,NA,NA,10,alive
1,PIFL,PIFL38,16.0,NA,125.6,NA,alive
1,PIFL,PIFL38,16.5,NA,NA,10,alive
1,PIFL,PIFL38,17.0,470,NA,10,alive
1,PIFL,PIFL38,17.5,NA,NA,10,alive
1,PIFL,PIFL38,18.0,447,NA,25,alive
1,PIFL,PIFL38,18.5,NA,NA,10,alive
1,PIFL,PIFL38,19.0,434,33.5,10,alive
1,PIFL,PIFL38,19.5,NA,NA,10,alive
1,PIFL,PIFL38,2.0,778,340.5,10,alive
1,PIFL,PIFL38,2.5,NA,NA,10,alive
1,PIFL,PIFL38,20.0,421,85.8,10,alive
1,PIFL,PIFL38,20.5,NA,NA,10,alive
1,PIFL,PIFL38,21.0,412,47.9,10,alive
1,PIFL,PIFL38,21.5,NA,NA,10,alive
1,PIFL,PIFL38,22.0,403,22.9,10,alive
1,PIFL,PIFL38,22.5,NA,NA,10,alive
1,PIFL,PIFL38,23.0,396,21.2,10,alive
1,PIFL,PIFL38,23.5,NA,NA,10,alive
1,PIFL,PIFL38,24.0,388,42.8,25,alive
1,PIFL,PIFL38,24.5,NA,NA,25,alive
1,PIFL,PIFL38,25.0,384,54.2,25,alive
1,PIFL,PIFL38,25.5,NA,NA,25,alive
1,PIFL,PIFL38,26.0,380,40.5,25,alive
1,PIFL,PIFL38,26.5,NA,NA,10,alive
1,PIFL,PIFL38,27.0,373,41.3,25,alive
1,PIFL,PIFL38,27.5,NA,NA,25,alive
1,PIFL,PIFL38,28.0,370,24.1,25,alive
1,PIFL,PIFL38,28.5,NA,NA,50,alive
1,PIFL,PIFL38,29.0,370,26.3,50,alive
1,PIFL,PIFL38,29.5,NA,NA,75,alive
1,PIFL,PIFL38,3.0,766,222.9,10,alive
1,PIFL,PIFL38,3.5,NA,NA,10,alive
1,PIFL,PIFL38,30.0,369,61.2,75,dead
1,PIFL,PIFL38,30.5,NA,NA,75,dead
1,PIFL,PIFL38,31.0,369,41.7,75,dead
1,PIFL,PIFL38,31.5,NA,NA,90,dead
1,PIFL,PIFL38,32.0,368,22.8,90,dead
1,PIFL,PIFL38,32.5,NA,NA,NA,dead
1,PIFL,PIFL38,33.0,NA,NA,NA,dead
1,PIFL,PIFL38,33.5,NA,NA,NA,dead
1,PIFL,PIFL38,34.0,NA,NA,NA,dead
1,PIFL,PIFL38,34.5,NA,NA,NA,dead
1,PIFL,PIFL38,35.0,NA,NA,NA,dead
1,PIFL,PIFL38,35.5,NA,NA,NA,dead
1,PIFL,PIFL38,36.0,NA,NA,NA,dead
1,PIFL,PIFL38,4.0,766,271.7,10,alive
1,PIFL,PIFL38,4.5,NA,NA,10,alive
1,PIFL,PIFL38,5.0,758,283.3,10,alive
1,PIFL,PIFL38,5.5,NA,NA,10,alive
1,PIFL,PIFL38,6.0,748,107.4,10,alive
1,PIFL,PIFL38,6.5,NA,NA,10,alive
1,PIFL,PIFL38,7.0,738,94.8,10,alive
1,PIFL,PIFL38,7.5,NA,NA,NA,alive
1,PIFL,PIFL38,8.0,711,98.7,10,alive
1,PIFL,PIFL38,8.5,NA,NA,10,alive
1,PIFL,PIFL38,9.0,689,154.1,10,alive
1,PIFL,PIFL38,9.5,NA,NA,10,alive
1,PIFL,PIFL39,1.0,766,190,10,alive
1,PIFL,PIFL39,1.5,NA,NA,10,alive
1,PIFL,PIFL39,10.0,696,110.5,10,alive
1,PIFL,PIFL39,10.5,NA,NA,10,alive
1,PIFL,PIFL39,11.0,669,95.5,10,alive
1,PIFL,PIFL39,11.5,NA,NA,10,alive
1,PIFL,PIFL39,12.0,649,123.4,10,alive
1,PIFL,PIFL39,12.5,NA,NA,10,alive
1,PIFL,PIFL39,13.0,625,72,10,alive
1,PIFL,PIFL39,13.5,NA,NA,10,alive
1,PIFL,PIFL39,14.0,601,98.3,10,alive
1,PIFL,PIFL39,14.5,NA,NA,10,alive
1,PIFL,PIFL39,15.0,588,113.5,10,alive
1,PIFL,PIFL39,15.5,NA,NA,10,alive
1,PIFL,PIFL39,16.0,NA,61.8,NA,alive
1,PIFL,PIFL39,16.5,NA,NA,10,alive
1,PIFL,PIFL39,17.0,563,NA,10,alive
1,PIFL,PIFL39,17.5,NA,NA,25,alive
1,PIFL,PIFL39,18.0,542,NA,50,alive
1,PIFL,PIFL39,18.5,NA,NA,10,alive
1,PIFL,PIFL39,19.0,521,37.2,10,alive
1,PIFL,PIFL39,19.5,NA,NA,10,alive
1,PIFL,PIFL39,2.0,761,161.5,10,alive
1,PIFL,PIFL39,2.5,NA,NA,10,alive
1,PIFL,PIFL39,20.0,503,94,10,alive
1,PIFL,PIFL39,20.5,NA,NA,10,alive
1,PIFL,PIFL39,21.0,485,64.3,10,alive
1,PIFL,PIFL39,21.5,NA,NA,10,alive
1,PIFL,PIFL39,22.0,474,56.3,10,alive
1,PIFL,PIFL39,22.5,NA,NA,10,alive
1,PIFL,PIFL39,23.0,459,45.3,10,alive
1,PIFL,PIFL39,23.5,NA,NA,25,alive
1,PIFL,PIFL39,24.0,445,78.8,25,alive
1,PIFL,PIFL39,24.5,NA,NA,25,alive
1,PIFL,PIFL39,25.0,436,88.5,10,alive
1,PIFL,PIFL39,25.5,NA,NA,25,alive
1,PIFL,PIFL39,26.0,427,57.5,25,alive
1,PIFL,PIFL39,26.5,NA,NA,10,alive
1,PIFL,PIFL39,27.0,417,56.6,25,alive
1,PIFL,PIFL39,27.5,NA,NA,25,alive
1,PIFL,PIFL39,28.0,409,37.8,25,alive
1,PIFL,PIFL39,28.5,NA,NA,25,alive
1,PIFL,PIFL39,29.0,403,33.3,25,alive
1,PIFL,PIFL39,29.5,NA,NA,25,alive
1,PIFL,PIFL39,3.0,756,195.2,10,alive
1,PIFL,PIFL39,3.5,NA,NA,10,alive
1,PIFL,PIFL39,30.0,398,62.5,25,alive
1,PIFL,PIFL39,30.5,NA,NA,25,alive
1,PIFL,PIFL39,31.0,393,49.4,50,alive
1,PIFL,PIFL39,31.5,NA,NA,50,alive
1,PIFL,PIFL39,32.0,387,29.5,50,alive
1,PIFL,PIFL39,32.5,NA,NA,50,alive
1,PIFL,PIFL39,33.0,383,59.5,50,alive
1,PIFL,PIFL39,33.5,NA,NA,50,alive
1,PIFL,PIFL39,34.0,379,44.8,50,alive
1,PIFL,PIFL39,34.5,NA,NA,50,alive
1,PIFL,PIFL39,35.0,376,52.8,50,dead
1,PIFL,PIFL39,35.5,NA,NA,50,dead
1,PIFL,PIFL39,36.0,376,29.5,50,dead
1,PIFL,PIFL39,4.0,756,199.9,10,alive
1,PIFL,PIFL39,4.5,NA,NA,25,alive
1,PIFL,PIFL39,5.0,754,173.4,10,alive
1,PIFL,PIFL39,5.5,NA,NA,10,alive
1,PIFL,PIFL39,6.0,751,97.3,10,alive
1,PIFL,PIFL39,6.5,NA,NA,10,alive
1,PIFL,PIFL39,7.0,743,54,10,alive
1,PIFL,PIFL39,7.5,NA,NA,NA,alive
1,PIFL,PIFL39,8.0,724,63.7,10,alive
1,PIFL,PIFL39,8.5,NA,NA,10,alive
1,PIFL,PIFL39,9.0,708,97,10,alive
1,PIFL,PIFL39,9.5,NA,NA,10,alive
1,PIFL,PIFL40,1.0,779,209.9,10,alive
1,PIFL,PIFL40,1.5,NA,NA,10,alive
1,PIFL,PIFL40,10.0,663,102.7,10,alive
1,PIFL,PIFL40,10.5,NA,NA,10,alive
1,PIFL,PIFL40,11.0,629,108.9,10,alive
1,PIFL,PIFL40,11.5,NA,NA,10,alive
1,PIFL,PIFL40,12.0,593,129.6,10,alive
1,PIFL,PIFL40,12.5,NA,NA,10,alive
1,PIFL,PIFL40,13.0,564,78.8,10,alive
1,PIFL,PIFL40,13.5,NA,NA,10,alive
1,PIFL,PIFL40,14.0,538,119.2,10,alive
1,PIFL,PIFL40,14.5,NA,NA,10,alive
1,PIFL,PIFL40,15.0,517,155.7,10,alive
1,PIFL,PIFL40,15.5,NA,NA,10,alive
1,PIFL,PIFL40,16.0,NA,84.3,NA,alive
1,PIFL,PIFL40,16.5,NA,NA,10,alive
1,PIFL,PIFL40,17.0,485,NA,10,alive
1,PIFL,PIFL40,17.5,NA,NA,10,alive
1,PIFL,PIFL40,18.0,463,NA,10,alive
1,PIFL,PIFL40,18.5,NA,NA,10,alive
1,PIFL,PIFL40,19.0,452,32.9,10,alive
1,PIFL,PIFL40,19.5,NA,NA,10,alive
1,PIFL,PIFL40,2.0,769,257.2,10,alive
1,PIFL,PIFL40,2.5,NA,NA,10,alive
1,PIFL,PIFL40,20.0,437,88.2,25,alive
1,PIFL,PIFL40,20.5,NA,NA,10,alive
1,PIFL,PIFL40,21.0,427,63.6,10,alive
1,PIFL,PIFL40,21.5,NA,NA,10,alive
1,PIFL,PIFL40,22.0,417,22.2,10,alive
1,PIFL,PIFL40,22.5,NA,NA,10,alive
1,PIFL,PIFL40,23.0,410,24.5,10,alive
1,PIFL,PIFL40,23.5,NA,NA,10,alive
1,PIFL,PIFL40,24.0,404,49.7,10,alive
1,PIFL,PIFL40,24.5,NA,NA,10,alive
1,PIFL,PIFL40,25.0,400,48.7,10,alive
1,PIFL,PIFL40,25.5,NA,NA,10,alive
1,PIFL,PIFL40,26.0,396,35,10,alive
1,PIFL,PIFL40,26.5,NA,NA,10,alive
1,PIFL,PIFL40,27.0,387,35.9,10,alive
1,PIFL,PIFL40,27.5,NA,NA,10,alive
1,PIFL,PIFL40,28.0,379,31.5,10,alive
1,PIFL,PIFL40,28.5,NA,NA,25,alive
1,PIFL,PIFL40,29.0,375,25.2,25,alive
1,PIFL,PIFL40,29.5,NA,NA,25,alive
1,PIFL,PIFL40,3.0,760,359.2,10,alive
1,PIFL,PIFL40,3.5,NA,NA,10,alive
1,PIFL,PIFL40,30.0,373,59.4,25,alive
1,PIFL,PIFL40,30.5,NA,NA,50,alive
1,PIFL,PIFL40,31.0,373,40.7,50,alive
1,PIFL,PIFL40,31.5,NA,NA,75,alive
1,PIFL,PIFL40,32.0,372,26.1,75,alive
1,PIFL,PIFL40,32.5,NA,NA,75,alive
1,PIFL,PIFL40,33.0,371,55.9,75,dead
1,PIFL,PIFL40,33.5,NA,NA,75,dead
1,PIFL,PIFL40,34.0,371,51,75,dead
1,PIFL,PIFL40,34.5,NA,NA,75,dead
1,PIFL,PIFL40,35.0,371,55.4,75,dead
1,PIFL,PIFL40,35.5,NA,NA,90,dead
1,PIFL,PIFL40,36.0,371,29.4,75,dead
1,PIFL,PIFL40,4.0,752,275.5,10,alive
1,PIFL,PIFL40,4.5,NA,NA,10,alive
1,PIFL,PIFL40,5.0,743,130.4,10,alive
1,PIFL,PIFL40,5.5,NA,NA,10,alive
1,PIFL,PIFL40,6.0,737,86,10,alive
1,PIFL,PIFL40,6.5,NA,NA,10,alive
1,PIFL,PIFL40,7.0,728,99.2,10,alive
1,PIFL,PIFL40,7.5,NA,NA,NA,alive
1,PIFL,PIFL40,8.0,708,84.7,10,alive
1,PIFL,PIFL40,8.5,NA,NA,10,alive
1,PIFL,PIFL40,9.0,692,84.9,10,alive
1,PIFL,PIFL40,9.5,NA,NA,10,alive
1,PIFL,PIFL41,1.0,709,NA,10,alive
1,PIFL,PIFL41,1.5,NA,NA,10,alive
1,PIFL,PIFL41,10.0,575,NA,10,alive
1,PIFL,PIFL41,10.5,NA,NA,25,alive
1,PIFL,PIFL41,11.0,545,NA,10,alive
1,PIFL,PIFL41,11.5,NA,NA,10,alive
1,PIFL,PIFL41,12.0,520,NA,10,alive
1,PIFL,PIFL41,12.5,NA,NA,10,alive
1,PIFL,PIFL41,13.0,495,NA,10,alive
1,PIFL,PIFL41,13.5,NA,NA,10,alive
1,PIFL,PIFL41,14.0,472,NA,10,alive
1,PIFL,PIFL41,14.5,NA,NA,10,alive
1,PIFL,PIFL41,15.0,454,NA,10,alive
1,PIFL,PIFL41,15.5,NA,NA,10,alive
1,PIFL,PIFL41,16.0,NA,NA,NA,alive
1,PIFL,PIFL41,16.5,NA,NA,10,alive
1,PIFL,PIFL41,17.0,428,NA,10,alive
1,PIFL,PIFL41,17.5,NA,NA,10,alive
1,PIFL,PIFL41,18.0,411,NA,25,alive
1,PIFL,PIFL41,18.5,NA,NA,25,alive
1,PIFL,PIFL41,19.0,399,NA,10,alive
1,PIFL,PIFL41,19.5,NA,NA,10,alive
1,PIFL,PIFL41,2.0,697,NA,10,alive
1,PIFL,PIFL41,2.5,NA,NA,10,alive
1,PIFL,PIFL41,20.0,385,NA,25,alive
1,PIFL,PIFL41,20.5,NA,NA,10,alive
1,PIFL,PIFL41,21.0,378,NA,10,alive
1,PIFL,PIFL41,21.5,NA,NA,25,alive
1,PIFL,PIFL41,22.0,366,NA,25,alive
1,PIFL,PIFL41,22.5,NA,NA,10,alive
1,PIFL,PIFL41,23.0,356,NA,25,alive
1,PIFL,PIFL41,23.5,NA,NA,25,alive
1,PIFL,PIFL41,24.0,350,NA,25,alive
1,PIFL,PIFL41,24.5,NA,NA,50,alive
1,PIFL,PIFL41,25.0,350,NA,25,alive
1,PIFL,PIFL41,25.5,NA,NA,50,alive
1,PIFL,PIFL41,26.0,349,NA,50,alive
1,PIFL,PIFL41,26.5,NA,NA,25,alive
1,PIFL,PIFL41,27.0,347,NA,25,alive
1,PIFL,PIFL41,27.5,NA,NA,25,alive
1,PIFL,PIFL41,28.0,347,NA,25,alive
1,PIFL,PIFL41,28.5,NA,NA,50,alive
1,PIFL,PIFL41,29.0,347,NA,50,alive
1,PIFL,PIFL41,29.5,NA,NA,50,alive
1,PIFL,PIFL41,3.0,691,NA,10,alive
1,PIFL,PIFL41,3.5,NA,NA,25,alive
1,PIFL,PIFL41,30.0,347,NA,75,alive
1,PIFL,PIFL41,30.5,NA,NA,75,alive
1,PIFL,PIFL41,31.0,347,NA,75,dead
1,PIFL,PIFL41,31.5,NA,NA,75,dead
1,PIFL,PIFL41,32.0,346,NA,90,dead
1,PIFL,PIFL41,32.5,NA,NA,75,dead
1,PIFL,PIFL41,33.0,346,NA,90,dead
1,PIFL,PIFL41,33.5,NA,NA,90,dead
1,PIFL,PIFL41,34.0,345,NA,90,dead
1,PIFL,PIFL41,34.5,NA,NA,NA,dead
1,PIFL,PIFL41,35.0,NA,NA,NA,dead
1,PIFL,PIFL41,35.5,NA,NA,NA,dead
1,PIFL,PIFL41,36.0,NA,NA,NA,dead
1,PIFL,PIFL41,4.0,685,NA,10,alive
1,PIFL,PIFL41,4.5,NA,NA,25,alive
1,PIFL,PIFL41,5.0,678,NA,10,alive
1,PIFL,PIFL41,5.5,NA,NA,10,alive
1,PIFL,PIFL41,6.0,669,NA,10,alive
1,PIFL,PIFL41,6.5,NA,NA,10,alive
1,PIFL,PIFL41,7.0,656,NA,10,alive
1,PIFL,PIFL41,7.5,NA,NA,NA,alive
1,PIFL,PIFL41,8.0,632,NA,10,alive
1,PIFL,PIFL41,8.5,NA,NA,10,alive
1,PIFL,PIFL41,9.0,615,NA,10,alive
1,PIFL,PIFL41,9.5,NA,NA,10,alive
1,PIFL,PIFL42,1.0,825,NA,10,alive
1,PIFL,PIFL42,1.5,NA,NA,10,alive
1,PIFL,PIFL42,10.0,705,NA,10,alive
1,PIFL,PIFL42,10.5,NA,NA,10,alive
1,PIFL,PIFL42,11.0,667,NA,10,alive
1,PIFL,PIFL42,11.5,NA,NA,10,alive
1,PIFL,PIFL42,12.0,640,NA,10,alive
1,PIFL,PIFL42,12.5,NA,NA,10,alive
1,PIFL,PIFL42,13.0,608,NA,10,alive
1,PIFL,PIFL42,13.5,NA,NA,10,alive
1,PIFL,PIFL42,14.0,576,NA,10,alive
1,PIFL,PIFL42,14.5,NA,NA,10,alive
1,PIFL,PIFL42,15.0,554,NA,10,alive
1,PIFL,PIFL42,15.5,NA,NA,10,alive
1,PIFL,PIFL42,16.0,NA,NA,NA,alive
1,PIFL,PIFL42,16.5,NA,NA,10,alive
1,PIFL,PIFL42,17.0,522,NA,10,alive
1,PIFL,PIFL42,17.5,NA,NA,10,alive
1,PIFL,PIFL42,18.0,499,NA,10,alive
1,PIFL,PIFL42,18.5,NA,NA,10,alive
1,PIFL,PIFL42,19.0,479,NA,10,alive
1,PIFL,PIFL42,19.5,NA,NA,10,alive
1,PIFL,PIFL42,2.0,818,NA,10,alive
1,PIFL,PIFL42,2.5,NA,NA,10,alive
1,PIFL,PIFL42,20.0,454,NA,10,alive
1,PIFL,PIFL42,20.5,NA,NA,10,alive
1,PIFL,PIFL42,21.0,438,NA,10,alive
1,PIFL,PIFL42,21.5,NA,NA,10,alive
1,PIFL,PIFL42,22.0,422,NA,10,alive
1,PIFL,PIFL42,22.5,NA,NA,10,alive
1,PIFL,PIFL42,23.0,412,NA,10,alive
1,PIFL,PIFL42,23.5,NA,NA,10,alive
1,PIFL,PIFL42,24.0,404,NA,10,alive
1,PIFL,PIFL42,24.5,NA,NA,25,alive
1,PIFL,PIFL42,25.0,399,NA,25,alive
1,PIFL,PIFL42,25.5,NA,NA,25,alive
1,PIFL,PIFL42,26.0,394,NA,25,alive
1,PIFL,PIFL42,26.5,NA,NA,10,alive
1,PIFL,PIFL42,27.0,387,NA,10,alive
1,PIFL,PIFL42,27.5,NA,NA,25,alive
1,PIFL,PIFL42,28.0,380,NA,25,alive
1,PIFL,PIFL42,28.5,NA,NA,25,alive
1,PIFL,PIFL42,29.0,376,NA,25,alive
1,PIFL,PIFL42,29.5,NA,NA,50,alive
1,PIFL,PIFL42,3.0,813,NA,10,alive
1,PIFL,PIFL42,3.5,NA,NA,10,alive
1,PIFL,PIFL42,30.0,374,NA,25,alive
1,PIFL,PIFL42,30.5,NA,NA,50,alive
1,PIFL,PIFL42,31.0,373,NA,50,alive
1,PIFL,PIFL42,31.5,NA,NA,50,alive
1,PIFL,PIFL42,32.0,372,NA,75,dead
1,PIFL,PIFL42,32.5,NA,NA,75,dead
1,PIFL,PIFL42,33.0,371,NA,75,dead
1,PIFL,PIFL42,33.5,NA,NA,75,dead
1,PIFL,PIFL42,34.0,370,NA,75,dead
1,PIFL,PIFL42,34.5,NA,NA,50,dead
1,PIFL,PIFL42,35.0,371,NA,75,dead
1,PIFL,PIFL42,35.5,NA,NA,NA,dead
1,PIFL,PIFL42,36.0,NA,NA,NA,dead
1,PIFL,PIFL42,4.0,813,NA,10,alive
1,PIFL,PIFL42,4.5,NA,NA,10,alive
1,PIFL,PIFL42,5.0,805,NA,10,alive
1,PIFL,PIFL42,5.5,NA,NA,10,alive
1,PIFL,PIFL42,6.0,798,NA,10,alive
1,PIFL,PIFL42,6.5,NA,NA,10,alive
1,PIFL,PIFL42,7.0,784,NA,10,alive
1,PIFL,PIFL42,7.5,NA,NA,NA,alive
1,PIFL,PIFL42,8.0,752,NA,10,alive
1,PIFL,PIFL42,8.5,NA,NA,10,alive
1,PIFL,PIFL42,9.0,733,NA,10,alive
1,PIFL,PIFL42,9.5,NA,NA,10,alive
1,PIFL,PIFL43,1.0,718,NA,10,alive
1,PIFL,PIFL43,1.5,NA,NA,10,alive
1,PIFL,PIFL43,10.0,621,NA,10,alive
1,PIFL,PIFL43,10.5,NA,NA,10,alive
1,PIFL,PIFL43,11.0,591,NA,10,alive
1,PIFL,PIFL43,11.5,NA,NA,10,alive
1,PIFL,PIFL43,12.0,562,NA,10,alive
1,PIFL,PIFL43,12.5,NA,NA,10,alive
1,PIFL,PIFL43,13.0,537,NA,10,alive
1,PIFL,PIFL43,13.5,NA,NA,10,alive
1,PIFL,PIFL43,14.0,511,NA,10,alive
1,PIFL,PIFL43,14.5,NA,NA,10,alive
1,PIFL,PIFL43,15.0,497,NA,10,alive
1,PIFL,PIFL43,15.5,NA,NA,10,alive
1,PIFL,PIFL43,16.0,NA,NA,NA,alive
1,PIFL,PIFL43,16.5,NA,NA,10,alive
1,PIFL,PIFL43,17.0,471,NA,10,alive
1,PIFL,PIFL43,17.5,NA,NA,10,alive
1,PIFL,PIFL43,18.0,453,NA,10,alive
1,PIFL,PIFL43,18.5,NA,NA,10,alive
1,PIFL,PIFL43,19.0,439,NA,25,alive
1,PIFL,PIFL43,19.5,NA,NA,10,alive
1,PIFL,PIFL43,2.0,715,NA,10,alive
1,PIFL,PIFL43,2.5,NA,NA,10,alive
1,PIFL,PIFL43,20.0,418,NA,10,alive
1,PIFL,PIFL43,20.5,NA,NA,10,alive
1,PIFL,PIFL43,21.0,407,NA,10,alive
1,PIFL,PIFL43,21.5,NA,NA,10,alive
1,PIFL,PIFL43,22.0,394,NA,10,alive
1,PIFL,PIFL43,22.5,NA,NA,10,alive
1,PIFL,PIFL43,23.0,387,NA,10,alive
1,PIFL,PIFL43,23.5,NA,NA,10,alive
1,PIFL,PIFL43,24.0,379,NA,10,alive
1,PIFL,PIFL43,24.5,NA,NA,10,alive
1,PIFL,PIFL43,25.0,375,NA,10,alive
1,PIFL,PIFL43,25.5,NA,NA,10,alive
1,PIFL,PIFL43,26.0,370,NA,10,alive
1,PIFL,PIFL43,26.5,NA,NA,10,alive
1,PIFL,PIFL43,27.0,362,NA,10,alive
1,PIFL,PIFL43,27.5,NA,NA,25,alive
1,PIFL,PIFL43,28.0,358,NA,25,alive
1,PIFL,PIFL43,28.5,NA,NA,50,alive
1,PIFL,PIFL43,29.0,357,NA,50,alive
1,PIFL,PIFL43,29.5,NA,NA,75,alive
1,PIFL,PIFL43,3.0,710,NA,10,alive
1,PIFL,PIFL43,3.5,NA,NA,10,alive
1,PIFL,PIFL43,30.0,357,NA,75,alive
1,PIFL,PIFL43,30.5,NA,NA,75,alive
1,PIFL,PIFL43,31.0,357,NA,75,dead
1,PIFL,PIFL43,31.5,NA,NA,90,dead
1,PIFL,PIFL43,32.0,356,NA,90,dead
1,PIFL,PIFL43,32.5,NA,NA,90,dead
1,PIFL,PIFL43,33.0,355,NA,90,dead
1,PIFL,PIFL43,33.5,NA,NA,NA,dead
1,PIFL,PIFL43,34.0,NA,NA,NA,dead
1,PIFL,PIFL43,34.5,NA,NA,NA,dead
1,PIFL,PIFL43,35.0,NA,NA,NA,dead
1,PIFL,PIFL43,35.5,NA,NA,NA,dead
1,PIFL,PIFL43,36.0,NA,NA,NA,dead
1,PIFL,PIFL43,4.0,709,NA,10,alive
1,PIFL,PIFL43,4.5,NA,NA,10,alive
1,PIFL,PIFL43,5.0,701,NA,10,alive
1,PIFL,PIFL43,5.5,NA,NA,10,alive
1,PIFL,PIFL43,6.0,695,NA,10,alive
1,PIFL,PIFL43,6.5,NA,NA,10,alive
1,PIFL,PIFL43,7.0,684,NA,10,alive
1,PIFL,PIFL43,7.5,NA,NA,NA,alive
1,PIFL,PIFL43,8.0,663,NA,10,alive
1,PIFL,PIFL43,8.5,NA,NA,10,alive
1,PIFL,PIFL43,9.0,645,NA,10,alive
1,PIFL,PIFL43,9.5,NA,NA,10,alive
1,PIFL,PIFL44,1.0,757,NA,10,alive
1,PIFL,PIFL44,1.5,NA,NA,10,alive
1,PIFL,PIFL44,10.0,655,NA,25,alive
1,PIFL,PIFL44,10.5,NA,NA,10,alive
1,PIFL,PIFL44,11.0,626,NA,10,alive
1,PIFL,PIFL44,11.5,NA,NA,10,alive
1,PIFL,PIFL44,12.0,594,NA,10,alive
1,PIFL,PIFL44,12.5,NA,NA,10,alive
1,PIFL,PIFL44,13.0,561,NA,10,alive
1,PIFL,PIFL44,13.5,NA,NA,10,alive
1,PIFL,PIFL44,14.0,533,NA,10,alive
1,PIFL,PIFL44,14.5,NA,NA,10,alive
1,PIFL,PIFL44,15.0,512,NA,10,alive
1,PIFL,PIFL44,15.5,NA,NA,10,alive
1,PIFL,PIFL44,16.0,NA,NA,NA,alive
1,PIFL,PIFL44,16.5,NA,NA,25,alive
1,PIFL,PIFL44,17.0,481,NA,25,alive
1,PIFL,PIFL44,17.5,NA,NA,25,alive
1,PIFL,PIFL44,18.0,463,NA,25,alive
1,PIFL,PIFL44,18.5,NA,NA,10,alive
1,PIFL,PIFL44,19.0,450,NA,10,alive
1,PIFL,PIFL44,19.5,NA,NA,10,alive
1,PIFL,PIFL44,2.0,751,NA,10,alive
1,PIFL,PIFL44,2.5,NA,NA,25,alive
1,PIFL,PIFL44,20.0,430,NA,10,alive
1,PIFL,PIFL44,20.5,NA,NA,10,alive
1,PIFL,PIFL44,21.0,420,NA,10,alive
1,PIFL,PIFL44,21.5,NA,NA,25,alive
1,PIFL,PIFL44,22.0,406,NA,10,alive
1,PIFL,PIFL44,22.5,NA,NA,10,alive
1,PIFL,PIFL44,23.0,396,NA,10,alive
1,PIFL,PIFL44,23.5,NA,NA,25,alive
1,PIFL,PIFL44,24.0,379,NA,25,alive
1,PIFL,PIFL44,24.5,NA,NA,25,alive
1,PIFL,PIFL44,25.0,374,NA,25,alive
1,PIFL,PIFL44,25.5,NA,NA,25,alive
1,PIFL,PIFL44,26.0,371,NA,25,alive
1,PIFL,PIFL44,26.5,NA,NA,25,alive
1,PIFL,PIFL44,27.0,368,NA,25,alive
1,PIFL,PIFL44,27.5,NA,NA,25,alive
1,PIFL,PIFL44,28.0,367,NA,25,alive
1,PIFL,PIFL44,28.5,NA,NA,25,alive
1,PIFL,PIFL44,29.0,368,NA,50,alive
1,PIFL,PIFL44,29.5,NA,NA,25,alive
1,PIFL,PIFL44,3.0,746,NA,25,alive
1,PIFL,PIFL44,3.5,NA,NA,25,alive
1,PIFL,PIFL44,30.0,368,NA,50,alive
1,PIFL,PIFL44,30.5,NA,NA,50,dead
1,PIFL,PIFL44,31.0,368,NA,75,dead
1,PIFL,PIFL44,31.5,NA,NA,75,dead
1,PIFL,PIFL44,32.0,366,NA,50,dead
1,PIFL,PIFL44,32.5,NA,NA,75,dead
1,PIFL,PIFL44,33.0,365,NA,75,dead
1,PIFL,PIFL44,33.5,NA,NA,NA,dead
1,PIFL,PIFL44,34.0,NA,NA,NA,dead
1,PIFL,PIFL44,34.5,NA,NA,NA,dead
1,PIFL,PIFL44,35.0,NA,NA,NA,dead
1,PIFL,PIFL44,35.5,NA,NA,NA,dead
1,PIFL,PIFL44,36.0,NA,NA,NA,dead
1,PIFL,PIFL44,4.0,741,NA,25,alive
1,PIFL,PIFL44,4.5,NA,NA,25,alive
1,PIFL,PIFL44,5.0,734,NA,10,alive
1,PIFL,PIFL44,5.5,NA,NA,25,alive
1,PIFL,PIFL44,6.0,727,NA,10,alive
1,PIFL,PIFL44,6.5,NA,NA,10,alive
1,PIFL,PIFL44,7.0,718,NA,10,alive
1,PIFL,PIFL44,7.5,NA,NA,NA,alive
1,PIFL,PIFL44,8.0,695,NA,25,alive
1,PIFL,PIFL44,8.5,NA,NA,10,alive
1,PIFL,PIFL44,9.0,679,NA,25,alive
1,PIFL,PIFL44,9.5,NA,NA,25,alive
1,PIFL,PIFL45,1.0,814,NA,10,alive
1,PIFL,PIFL45,1.5,NA,NA,10,alive
1,PIFL,PIFL45,10.0,633,NA,10,alive
1,PIFL,PIFL45,10.5,NA,NA,10,alive
1,PIFL,PIFL45,11.0,594,NA,10,alive
1,PIFL,PIFL45,11.5,NA,NA,10,alive
1,PIFL,PIFL45,12.0,554,NA,10,alive
1,PIFL,PIFL45,12.5,NA,NA,10,alive
1,PIFL,PIFL45,13.0,528,NA,10,alive
1,PIFL,PIFL45,13.5,NA,NA,10,alive
1,PIFL,PIFL45,14.0,506,NA,10,alive
1,PIFL,PIFL45,14.5,NA,NA,10,alive
1,PIFL,PIFL45,15.0,488,NA,10,alive
1,PIFL,PIFL45,15.5,NA,NA,10,alive
1,PIFL,PIFL45,16.0,NA,NA,NA,alive
1,PIFL,PIFL45,16.5,NA,NA,10,alive
1,PIFL,PIFL45,17.0,468,NA,10,alive
1,PIFL,PIFL45,17.5,NA,NA,10,alive
1,PIFL,PIFL45,18.0,459,NA,10,alive
1,PIFL,PIFL45,18.5,NA,NA,10,alive
1,PIFL,PIFL45,19.0,452,NA,10,alive
1,PIFL,PIFL45,19.5,NA,NA,10,alive
1,PIFL,PIFL45,2.0,800,NA,10,alive
1,PIFL,PIFL45,2.5,NA,NA,10,alive
1,PIFL,PIFL45,20.0,444,NA,10,alive
1,PIFL,PIFL45,20.5,NA,NA,10,alive
1,PIFL,PIFL45,21.0,439,NA,10,alive
1,PIFL,PIFL45,21.5,NA,NA,10,alive
1,PIFL,PIFL45,22.0,432,NA,10,alive
1,PIFL,PIFL45,22.5,NA,NA,10,alive
1,PIFL,PIFL45,23.0,426,NA,10,alive
1,PIFL,PIFL45,23.5,NA,NA,10,alive
1,PIFL,PIFL45,24.0,420,NA,25,alive
1,PIFL,PIFL45,24.5,NA,NA,25,alive
1,PIFL,PIFL45,25.0,417,NA,25,alive
1,PIFL,PIFL45,25.5,NA,NA,25,alive
1,PIFL,PIFL45,26.0,413,NA,25,alive
1,PIFL,PIFL45,26.5,NA,NA,10,alive
1,PIFL,PIFL45,27.0,408,NA,25,alive
1,PIFL,PIFL45,27.5,NA,NA,25,alive
1,PIFL,PIFL45,28.0,405,NA,25,alive
1,PIFL,PIFL45,28.5,NA,NA,50,alive
1,PIFL,PIFL45,29.0,404,NA,50,alive
1,PIFL,PIFL45,29.5,NA,NA,50,alive
1,PIFL,PIFL45,3.0,789,NA,10,alive
1,PIFL,PIFL45,3.5,NA,NA,10,alive
1,PIFL,PIFL45,30.0,404,NA,75,alive
1,PIFL,PIFL45,30.5,NA,NA,75,dead
1,PIFL,PIFL45,31.0,404,NA,75,dead
1,PIFL,PIFL45,31.5,NA,NA,75,dead
1,PIFL,PIFL45,32.0,403,NA,90,dead
1,PIFL,PIFL45,32.5,NA,NA,75,dead
1,PIFL,PIFL45,33.0,403,NA,90,dead
1,PIFL,PIFL45,33.5,NA,NA,NA,dead
1,PIFL,PIFL45,34.0,NA,NA,NA,dead
1,PIFL,PIFL45,34.5,NA,NA,NA,dead
1,PIFL,PIFL45,35.0,NA,NA,NA,dead
1,PIFL,PIFL45,35.5,NA,NA,NA,dead
1,PIFL,PIFL45,36.0,NA,NA,NA,dead
1,PIFL,PIFL45,4.0,769,NA,10,alive
1,PIFL,PIFL45,4.5,NA,NA,10,alive
1,PIFL,PIFL45,5.0,757,NA,10,alive
1,PIFL,PIFL45,5.5,NA,NA,10,alive
1,PIFL,PIFL45,6.0,740,NA,10,alive
1,PIFL,PIFL45,6.5,NA,NA,10,alive
1,PIFL,PIFL45,7.0,724,NA,10,alive
1,PIFL,PIFL45,7.5,NA,NA,NA,alive
1,PIFL,PIFL45,8.0,689,NA,10,alive
1,PIFL,PIFL45,8.5,NA,NA,10,alive
1,PIFL,PIFL45,9.0,665,NA,10,alive
1,PIFL,PIFL45,9.5,NA,NA,10,alive
1,PIFL,PIFL46,1.0,828,NA,10,alive
1,PIFL,PIFL46,1.5,NA,NA,10,alive
1,PIFL,PIFL46,10.0,632,NA,10,alive
1,PIFL,PIFL46,10.5,NA,NA,25,alive
1,PIFL,PIFL46,11.0,595,NA,10,alive
1,PIFL,PIFL46,11.5,NA,NA,10,alive
1,PIFL,PIFL46,12.0,558,NA,10,alive
1,PIFL,PIFL46,12.5,NA,NA,25,alive
1,PIFL,PIFL46,13.0,527,NA,10,alive
1,PIFL,PIFL46,13.5,NA,NA,10,alive
1,PIFL,PIFL46,14.0,503,NA,10,alive
1,PIFL,PIFL46,14.5,NA,NA,10,alive
1,PIFL,PIFL46,15.0,485,NA,10,alive
1,PIFL,PIFL46,15.5,NA,NA,10,alive
1,PIFL,PIFL46,16.0,NA,NA,NA,alive
1,PIFL,PIFL46,16.5,NA,NA,10,alive
1,PIFL,PIFL46,17.0,467,NA,10,alive
1,PIFL,PIFL46,17.5,NA,NA,10,alive
1,PIFL,PIFL46,18.0,456,NA,25,alive
1,PIFL,PIFL46,18.5,NA,NA,10,alive
1,PIFL,PIFL46,19.0,449,NA,10,alive
1,PIFL,PIFL46,19.5,NA,NA,10,alive
1,PIFL,PIFL46,2.0,809,NA,10,alive
1,PIFL,PIFL46,2.5,NA,NA,10,alive
1,PIFL,PIFL46,20.0,441,NA,10,alive
1,PIFL,PIFL46,20.5,NA,NA,10,alive
1,PIFL,PIFL46,21.0,434,NA,10,alive
1,PIFL,PIFL46,21.5,NA,NA,10,alive
1,PIFL,PIFL46,22.0,425,NA,10,alive
1,PIFL,PIFL46,22.5,NA,NA,10,alive
1,PIFL,PIFL46,23.0,418,NA,10,alive
1,PIFL,PIFL46,23.5,NA,NA,25,alive
1,PIFL,PIFL46,24.0,409,NA,25,alive
1,PIFL,PIFL46,24.5,NA,NA,25,alive
1,PIFL,PIFL46,25.0,405,NA,25,alive
1,PIFL,PIFL46,25.5,NA,NA,25,alive
1,PIFL,PIFL46,26.0,402,NA,25,alive
1,PIFL,PIFL46,26.5,NA,NA,25,alive
1,PIFL,PIFL46,27.0,399,NA,25,alive
1,PIFL,PIFL46,27.5,NA,NA,25,alive
1,PIFL,PIFL46,28.0,397,NA,25,alive
1,PIFL,PIFL46,28.5,NA,NA,25,alive
1,PIFL,PIFL46,29.0,397,NA,50,alive
1,PIFL,PIFL46,29.5,NA,NA,50,alive
1,PIFL,PIFL46,3.0,798,NA,10,alive
1,PIFL,PIFL46,3.5,NA,NA,10,alive
1,PIFL,PIFL46,30.0,397,NA,75,alive
1,PIFL,PIFL46,30.5,NA,NA,75,alive
1,PIFL,PIFL46,31.0,397,NA,75,dead
1,PIFL,PIFL46,31.5,NA,NA,90,dead
1,PIFL,PIFL46,32.0,395,NA,90,dead
1,PIFL,PIFL46,32.5,NA,NA,90,dead
1,PIFL,PIFL46,33.0,395,NA,90,dead
1,PIFL,PIFL46,33.5,NA,NA,90,dead
1,PIFL,PIFL46,34.0,395,NA,90,dead
1,PIFL,PIFL46,34.5,NA,NA,NA,dead
1,PIFL,PIFL46,35.0,NA,NA,NA,dead
1,PIFL,PIFL46,35.5,NA,NA,NA,dead
1,PIFL,PIFL46,36.0,NA,NA,NA,dead
1,PIFL,PIFL46,4.0,785,NA,10,alive
1,PIFL,PIFL46,4.5,NA,NA,10,alive
1,PIFL,PIFL46,5.0,771,NA,10,alive
1,PIFL,PIFL46,5.5,NA,NA,10,alive
1,PIFL,PIFL46,6.0,753,NA,10,alive
1,PIFL,PIFL46,6.5,NA,NA,10,alive
1,PIFL,PIFL46,7.0,730,NA,10,alive
1,PIFL,PIFL46,7.5,NA,NA,NA,alive
1,PIFL,PIFL46,8.0,691,NA,10,alive
1,PIFL,PIFL46,8.5,NA,NA,25,alive
1,PIFL,PIFL46,9.0,666,NA,10,alive
1,PIFL,PIFL46,9.5,NA,NA,10,alive
1,PIFL,PIFL47,1.0,845,NA,10,alive
1,PIFL,PIFL47,1.5,NA,NA,10,alive
1,PIFL,PIFL47,10.0,702,NA,25,alive
1,PIFL,PIFL47,10.5,NA,NA,25,alive
1,PIFL,PIFL47,11.0,661,NA,25,alive
1,PIFL,PIFL47,11.5,NA,NA,10,alive
1,PIFL,PIFL47,12.0,614,NA,25,alive
1,PIFL,PIFL47,12.5,NA,NA,25,alive
1,PIFL,PIFL47,13.0,574,NA,10,alive
1,PIFL,PIFL47,13.5,NA,NA,25,alive
1,PIFL,PIFL47,14.0,540,NA,25,alive
1,PIFL,PIFL47,14.5,NA,NA,10,alive
1,PIFL,PIFL47,15.0,518,NA,10,alive
1,PIFL,PIFL47,15.5,NA,NA,10,alive
1,PIFL,PIFL47,16.0,NA,NA,NA,alive
1,PIFL,PIFL47,16.5,NA,NA,10,alive
1,PIFL,PIFL47,17.0,483,NA,10,alive
1,PIFL,PIFL47,17.5,NA,NA,10,alive
1,PIFL,PIFL47,18.0,464,NA,10,alive
1,PIFL,PIFL47,18.5,NA,NA,25,alive
1,PIFL,PIFL47,19.0,455,NA,10,alive
1,PIFL,PIFL47,19.5,NA,NA,25,alive
1,PIFL,PIFL47,2.0,838,NA,10,alive
1,PIFL,PIFL47,2.5,NA,NA,10,alive
1,PIFL,PIFL47,20.0,445,NA,25,alive
1,PIFL,PIFL47,20.5,NA,NA,10,alive
1,PIFL,PIFL47,21.0,438,NA,10,alive
1,PIFL,PIFL47,21.5,NA,NA,10,alive
1,PIFL,PIFL47,22.0,430,NA,25,alive
1,PIFL,PIFL47,22.5,NA,NA,25,alive
1,PIFL,PIFL47,23.0,424,NA,10,alive
1,PIFL,PIFL47,23.5,NA,NA,25,alive
1,PIFL,PIFL47,24.0,417,NA,10,alive
1,PIFL,PIFL47,24.5,NA,NA,10,alive
1,PIFL,PIFL47,25.0,414,NA,10,alive
1,PIFL,PIFL47,25.5,NA,NA,25,alive
1,PIFL,PIFL47,26.0,410,NA,25,alive
1,PIFL,PIFL47,26.5,NA,NA,25,alive
1,PIFL,PIFL47,27.0,404,NA,25,alive
1,PIFL,PIFL47,27.5,NA,NA,25,alive
1,PIFL,PIFL47,28.0,400,NA,25,alive
1,PIFL,PIFL47,28.5,NA,NA,25,alive
1,PIFL,PIFL47,29.0,399,NA,50,alive
1,PIFL,PIFL47,29.5,NA,NA,25,dead
1,PIFL,PIFL47,3.0,837,NA,10,alive
1,PIFL,PIFL47,3.5,NA,NA,10,alive
1,PIFL,PIFL47,30.0,399,NA,50,dead
1,PIFL,PIFL47,30.5,NA,NA,75,dead
1,PIFL,PIFL47,31.0,399,NA,75,dead
1,PIFL,PIFL47,31.5,NA,NA,75,dead
1,PIFL,PIFL47,32.0,399,NA,75,dead
1,PIFL,PIFL47,32.5,NA,NA,NA,dead
1,PIFL,PIFL47,33.0,NA,NA,NA,dead
1,PIFL,PIFL47,33.5,NA,NA,NA,dead
1,PIFL,PIFL47,34.0,NA,NA,NA,dead
1,PIFL,PIFL47,34.5,NA,NA,NA,dead
1,PIFL,PIFL47,35.0,NA,NA,NA,dead
1,PIFL,PIFL47,35.5,NA,NA,NA,dead
1,PIFL,PIFL47,36.0,NA,NA,NA,dead
1,PIFL,PIFL47,4.0,831,NA,10,alive
1,PIFL,PIFL47,4.5,NA,NA,25,alive
1,PIFL,PIFL47,5.0,826,NA,10,alive
1,PIFL,PIFL47,5.5,NA,NA,10,alive
1,PIFL,PIFL47,6.0,813,NA,25,alive
1,PIFL,PIFL47,6.5,NA,NA,25,alive
1,PIFL,PIFL47,7.0,790,NA,25,alive
1,PIFL,PIFL47,7.5,NA,NA,NA,alive
1,PIFL,PIFL47,8.0,758,NA,10,alive
1,PIFL,PIFL47,8.5,NA,NA,25,alive
1,PIFL,PIFL47,9.0,736,NA,10,alive
1,PIFL,PIFL47,9.5,NA,NA,25,alive
1,PIFL,PIFL48,1.0,793,NA,10,alive
1,PIFL,PIFL48,1.5,NA,NA,10,alive
1,PIFL,PIFL48,10.0,604,NA,10,alive
1,PIFL,PIFL48,10.5,NA,NA,10,alive
1,PIFL,PIFL48,11.0,570,NA,10,alive
1,PIFL,PIFL48,11.5,NA,NA,10,alive
1,PIFL,PIFL48,12.0,535,NA,10,alive
1,PIFL,PIFL48,12.5,NA,NA,10,alive
1,PIFL,PIFL48,13.0,511,NA,10,alive
1,PIFL,PIFL48,13.5,NA,NA,10,alive
1,PIFL,PIFL48,14.0,490,NA,10,alive
1,PIFL,PIFL48,14.5,NA,NA,10,alive
1,PIFL,PIFL48,15.0,474,NA,10,alive
1,PIFL,PIFL48,15.5,NA,NA,10,alive
1,PIFL,PIFL48,16.0,NA,NA,NA,alive
1,PIFL,PIFL48,16.5,NA,NA,10,alive
1,PIFL,PIFL48,17.0,455,NA,10,alive
1,PIFL,PIFL48,17.5,NA,NA,10,alive
1,PIFL,PIFL48,18.0,446,NA,25,alive
1,PIFL,PIFL48,18.5,NA,NA,10,alive
1,PIFL,PIFL48,19.0,439,NA,25,alive
1,PIFL,PIFL48,19.5,NA,NA,10,alive
1,PIFL,PIFL48,2.0,780,NA,10,alive
1,PIFL,PIFL48,2.5,NA,NA,10,alive
1,PIFL,PIFL48,20.0,430,NA,25,alive
1,PIFL,PIFL48,20.5,NA,NA,10,alive
1,PIFL,PIFL48,21.0,422,NA,25,alive
1,PIFL,PIFL48,21.5,NA,NA,10,alive
1,PIFL,PIFL48,22.0,413,NA,10,alive
1,PIFL,PIFL48,22.5,NA,NA,10,alive
1,PIFL,PIFL48,23.0,408,NA,10,alive
1,PIFL,PIFL48,23.5,NA,NA,25,alive
1,PIFL,PIFL48,24.0,404,NA,25,alive
1,PIFL,PIFL48,24.5,NA,NA,25,alive
1,PIFL,PIFL48,25.0,403,NA,25,alive
1,PIFL,PIFL48,25.5,NA,NA,25,alive
1,PIFL,PIFL48,26.0,402,NA,25,alive
1,PIFL,PIFL48,26.5,NA,NA,10,alive
1,PIFL,PIFL48,27.0,400,NA,25,alive
1,PIFL,PIFL48,27.5,NA,NA,25,alive
1,PIFL,PIFL48,28.0,399,NA,25,alive
1,PIFL,PIFL48,28.5,NA,NA,25,alive
1,PIFL,PIFL48,29.0,399,NA,25,alive
1,PIFL,PIFL48,29.5,NA,NA,75,alive
1,PIFL,PIFL48,3.0,769,NA,10,alive
1,PIFL,PIFL48,3.5,NA,NA,10,alive
1,PIFL,PIFL48,30.0,399,NA,50,alive
1,PIFL,PIFL48,30.5,NA,NA,50,alive
1,PIFL,PIFL48,31.0,399,NA,50,alive
1,PIFL,PIFL48,31.5,NA,NA,75,dead
1,PIFL,PIFL48,32.0,398,NA,75,dead
1,PIFL,PIFL48,32.5,NA,NA,75,dead
1,PIFL,PIFL48,33.0,398,NA,90,dead
1,PIFL,PIFL48,33.5,NA,NA,90,dead
1,PIFL,PIFL48,34.0,397,NA,90,dead
1,PIFL,PIFL48,34.5,NA,NA,NA,dead
1,PIFL,PIFL48,35.0,NA,NA,NA,dead
1,PIFL,PIFL48,35.5,NA,NA,NA,dead
1,PIFL,PIFL48,36.0,NA,NA,NA,dead
1,PIFL,PIFL48,4.0,752,NA,10,alive
1,PIFL,PIFL48,4.5,NA,NA,10,alive
1,PIFL,PIFL48,5.0,735,NA,10,alive
1,PIFL,PIFL48,5.5,NA,NA,10,alive
1,PIFL,PIFL48,6.0,717,NA,10,alive
1,PIFL,PIFL48,6.5,NA,NA,10,alive
1,PIFL,PIFL48,7.0,697,NA,10,alive
1,PIFL,PIFL48,7.5,NA,NA,NA,alive
1,PIFL,PIFL48,8.0,661,NA,10,alive
1,PIFL,PIFL48,8.5,NA,NA,10,alive
1,PIFL,PIFL48,9.0,638,NA,10,alive
1,PIFL,PIFL48,9.5,NA,NA,10,alive
1,PIFL,PIFL49,1.0,695,NA,10,alive
1,PIFL,PIFL49,1.5,NA,NA,10,alive
1,PIFL,PIFL49,10.0,561,NA,10,alive
1,PIFL,PIFL49,10.5,NA,NA,10,alive
1,PIFL,PIFL49,11.0,534,NA,10,alive
1,PIFL,PIFL49,11.5,NA,NA,10,alive
1,PIFL,PIFL49,12.0,496,NA,10,alive
1,PIFL,PIFL49,12.5,NA,NA,10,alive
1,PIFL,PIFL49,13.0,474,NA,10,alive
1,PIFL,PIFL49,13.5,NA,NA,10,alive
1,PIFL,PIFL49,14.0,458,NA,10,alive
1,PIFL,PIFL49,14.5,NA,NA,10,alive
1,PIFL,PIFL49,15.0,444,NA,10,alive
1,PIFL,PIFL49,15.5,NA,NA,10,alive
1,PIFL,PIFL49,16.0,NA,NA,NA,alive
1,PIFL,PIFL49,16.5,NA,NA,25,alive
1,PIFL,PIFL49,17.0,422,NA,25,alive
1,PIFL,PIFL49,17.5,NA,NA,50,alive
1,PIFL,PIFL49,18.0,408,NA,50,alive
1,PIFL,PIFL49,18.5,NA,NA,10,alive
1,PIFL,PIFL49,19.0,399,NA,10,alive
1,PIFL,PIFL49,19.5,NA,NA,10,alive
1,PIFL,PIFL49,2.0,686,NA,10,alive
1,PIFL,PIFL49,2.5,NA,NA,10,alive
1,PIFL,PIFL49,20.0,389,NA,10,alive
1,PIFL,PIFL49,20.5,NA,NA,10,alive
1,PIFL,PIFL49,21.0,381,NA,25,alive
1,PIFL,PIFL49,21.5,NA,NA,10,alive
1,PIFL,PIFL49,22.0,371,NA,10,alive
1,PIFL,PIFL49,22.5,NA,NA,10,alive
1,PIFL,PIFL49,23.0,365,NA,25,alive
1,PIFL,PIFL49,23.5,NA,NA,25,alive
1,PIFL,PIFL49,24.0,357,NA,25,alive
1,PIFL,PIFL49,24.5,NA,NA,25,alive
1,PIFL,PIFL49,25.0,355,NA,25,alive
1,PIFL,PIFL49,25.5,NA,NA,50,alive
1,PIFL,PIFL49,26.0,354,NA,50,alive
1,PIFL,PIFL49,26.5,NA,NA,25,alive
1,PIFL,PIFL49,27.0,352,NA,25,alive
1,PIFL,PIFL49,27.5,NA,NA,50,alive
1,PIFL,PIFL49,28.0,351,NA,50,alive
1,PIFL,PIFL49,28.5,NA,NA,75,alive
1,PIFL,PIFL49,29.0,351,NA,75,dead
1,PIFL,PIFL49,29.5,NA,NA,90,dead
1,PIFL,PIFL49,3.0,679,NA,10,alive
1,PIFL,PIFL49,3.5,NA,NA,10,alive
1,PIFL,PIFL49,30.0,351,NA,90,dead
1,PIFL,PIFL49,30.5,NA,NA,90,dead
1,PIFL,PIFL49,31.0,352,NA,90,dead
1,PIFL,PIFL49,31.5,NA,NA,NA,dead
1,PIFL,PIFL49,32.0,NA,NA,NA,dead
1,PIFL,PIFL49,32.5,NA,NA,NA,dead
1,PIFL,PIFL49,33.0,NA,NA,NA,dead
1,PIFL,PIFL49,33.5,NA,NA,NA,dead
1,PIFL,PIFL49,34.0,NA,NA,NA,dead
1,PIFL,PIFL49,34.5,NA,NA,NA,dead
1,PIFL,PIFL49,35.0,NA,NA,NA,dead
1,PIFL,PIFL49,35.5,NA,NA,NA,dead
1,PIFL,PIFL49,36.0,NA,NA,NA,dead
1,PIFL,PIFL49,4.0,666,NA,10,alive
1,PIFL,PIFL49,4.5,NA,NA,10,alive
1,PIFL,PIFL49,5.0,656,NA,10,alive
1,PIFL,PIFL49,5.5,NA,NA,10,alive
1,PIFL,PIFL49,6.0,643,NA,10,alive
1,PIFL,PIFL49,6.5,NA,NA,10,alive
1,PIFL,PIFL49,7.0,630,NA,10,alive
1,PIFL,PIFL49,7.5,NA,NA,NA,alive
1,PIFL,PIFL49,8.0,602,NA,10,alive
1,PIFL,PIFL49,8.5,NA,NA,10,alive
1,PIFL,PIFL49,9.0,586,NA,10,alive
1,PIFL,PIFL49,9.5,NA,NA,10,alive
1,PIFL,PIFL50,1.0,697,NA,10,alive
1,PIFL,PIFL50,1.5,NA,NA,10,alive
1,PIFL,PIFL50,10.0,561,NA,10,alive
1,PIFL,PIFL50,10.5,NA,NA,10,alive
1,PIFL,PIFL50,11.0,528,NA,10,alive
1,PIFL,PIFL50,11.5,NA,NA,10,alive
1,PIFL,PIFL50,12.0,488,NA,10,alive
1,PIFL,PIFL50,12.5,NA,NA,10,alive
1,PIFL,PIFL50,13.0,460,NA,10,alive
1,PIFL,PIFL50,13.5,NA,NA,10,alive
1,PIFL,PIFL50,14.0,439,NA,10,alive
1,PIFL,PIFL50,14.5,NA,NA,10,alive
1,PIFL,PIFL50,15.0,422,NA,10,alive
1,PIFL,PIFL50,15.5,NA,NA,10,alive
1,PIFL,PIFL50,16.0,NA,NA,NA,alive
1,PIFL,PIFL50,16.5,NA,NA,10,alive
1,PIFL,PIFL50,17.0,397,NA,10,alive
1,PIFL,PIFL50,17.5,NA,NA,10,alive
1,PIFL,PIFL50,18.0,380,NA,25,alive
1,PIFL,PIFL50,18.5,NA,NA,10,alive
1,PIFL,PIFL50,19.0,372,NA,10,alive
1,PIFL,PIFL50,19.5,NA,NA,10,alive
1,PIFL,PIFL50,2.0,683,NA,10,alive
1,PIFL,PIFL50,2.5,NA,NA,10,alive
1,PIFL,PIFL50,20.0,361,NA,10,alive
1,PIFL,PIFL50,20.5,NA,NA,10,alive
1,PIFL,PIFL50,21.0,353,NA,10,alive
1,PIFL,PIFL50,21.5,NA,NA,10,alive
1,PIFL,PIFL50,22.0,344,NA,10,alive
1,PIFL,PIFL50,22.5,NA,NA,10,alive
1,PIFL,PIFL50,23.0,338,NA,10,alive
1,PIFL,PIFL50,23.5,NA,NA,25,alive
1,PIFL,PIFL50,24.0,331,NA,25,alive
1,PIFL,PIFL50,24.5,NA,NA,50,alive
1,PIFL,PIFL50,25.0,330,NA,25,alive
1,PIFL,PIFL50,25.5,NA,NA,50,dead
1,PIFL,PIFL50,26.0,329,NA,50,dead
1,PIFL,PIFL50,26.5,NA,NA,50,dead
1,PIFL,PIFL50,27.0,328,NA,50,dead
1,PIFL,PIFL50,27.5,NA,NA,75,dead
1,PIFL,PIFL50,28.0,327,NA,75,dead
1,PIFL,PIFL50,28.5,NA,NA,75,dead
1,PIFL,PIFL50,29.0,327,NA,75,dead
1,PIFL,PIFL50,29.5,NA,NA,NA,dead
1,PIFL,PIFL50,3.0,676,NA,10,alive
1,PIFL,PIFL50,3.5,NA,NA,10,alive
1,PIFL,PIFL50,30.0,NA,NA,NA,dead
1,PIFL,PIFL50,30.5,NA,NA,NA,dead
1,PIFL,PIFL50,31.0,NA,NA,NA,dead
1,PIFL,PIFL50,31.5,NA,NA,NA,dead
1,PIFL,PIFL50,32.0,NA,NA,NA,dead
1,PIFL,PIFL50,32.5,NA,NA,NA,dead
1,PIFL,PIFL50,33.0,NA,NA,NA,dead
1,PIFL,PIFL50,33.5,NA,NA,NA,dead
1,PIFL,PIFL50,34.0,NA,NA,NA,dead
1,PIFL,PIFL50,34.5,NA,NA,NA,dead
1,PIFL,PIFL50,35.0,NA,NA,NA,dead
1,PIFL,PIFL50,35.5,NA,NA,NA,dead
1,PIFL,PIFL50,36.0,NA,NA,NA,dead
1,PIFL,PIFL50,4.0,662,NA,10,alive
1,PIFL,PIFL50,4.5,NA,NA,10,alive
1,PIFL,PIFL50,5.0,652,NA,10,alive
1,PIFL,PIFL50,5.5,NA,NA,10,alive
1,PIFL,PIFL50,6.0,641,NA,10,alive
1,PIFL,PIFL50,6.5,NA,NA,10,alive
1,PIFL,PIFL50,7.0,628,NA,10,alive
1,PIFL,PIFL50,7.5,NA,NA,NA,alive
1,PIFL,PIFL50,8.0,606,NA,10,alive
1,PIFL,PIFL50,8.5,NA,NA,10,alive
1,PIFL,PIFL50,9.0,587,NA,10,alive
1,PIFL,PIFL50,9.5,NA,NA,10,alive
2,PIFL,PIFL100,1,569,NA,10,alive
2,PIFL,PIFL100,10,372,NA,10,alive
2,PIFL,PIFL100,11,364,NA,10,alive
2,PIFL,PIFL100,12,356,NA,10,alive
2,PIFL,PIFL100,13,351,NA,10,alive
2,PIFL,PIFL100,14,343,NA,10,alive
2,PIFL,PIFL100,15,334,NA,10,alive
2,PIFL,PIFL100,16,326,NA,10,alive
2,PIFL,PIFL100,17,315,NA,10,alive
2,PIFL,PIFL100,18,311,NA,10,alive
2,PIFL,PIFL100,19,309,NA,25,alive
2,PIFL,PIFL100,2,524,NA,10,alive
2,PIFL,PIFL100,20,306,NA,50,alive
2,PIFL,PIFL100,21,305,NA,90,dead
2,PIFL,PIFL100,22,NA,NA,90,dead
2,PIFL,PIFL100,23,NA,NA,90,dead
2,PIFL,PIFL100,24,NA,NA,90,dead
2,PIFL,PIFL100,25,NA,NA,90,dead
2,PIFL,PIFL100,26,NA,NA,90,dead
2,PIFL,PIFL100,27,NA,NA,90,dead
2,PIFL,PIFL100,28,NA,NA,90,dead
2,PIFL,PIFL100,29,NA,NA,90,dead
2,PIFL,PIFL100,3,491,NA,10,alive
2,PIFL,PIFL100,30,NA,NA,90,dead
2,PIFL,PIFL100,4,466,NA,10,alive
2,PIFL,PIFL100,5,440,NA,10,alive
2,PIFL,PIFL100,6,415,NA,10,alive
2,PIFL,PIFL100,7,399,NA,10,alive
2,PIFL,PIFL100,8,385,NA,10,alive
2,PIFL,PIFL100,9,379,NA,10,alive
2,PIFL,PIFL51,1,558,NA,10,alive
2,PIFL,PIFL51,10,471,NA,25,alive
2,PIFL,PIFL51,11,514,NA,25,alive
2,PIFL,PIFL51,12,482,NA,25,alive
2,PIFL,PIFL51,13,554,NA,25,alive
2,PIFL,PIFL51,14,529,NA,25,alive
2,PIFL,PIFL51,15,518,NA,25,alive
2,PIFL,PIFL51,16,477,NA,25,alive
2,PIFL,PIFL51,17,485,NA,25,alive
2,PIFL,PIFL51,18,424,NA,25,alive
2,PIFL,PIFL51,19,445,NA,25,alive
2,PIFL,PIFL51,2,476,NA,10,alive
2,PIFL,PIFL51,20,380,NA,25,alive
2,PIFL,PIFL51,21,447,NA,25,alive
2,PIFL,PIFL51,22,375,NA,25,alive
2,PIFL,PIFL51,23,371,NA,25,alive
2,PIFL,PIFL51,24,337,NA,25,alive
2,PIFL,PIFL51,25,NA,NA,25,alive
2,PIFL,PIFL51,26,NA,NA,25,alive
2,PIFL,PIFL51,27,NA,NA,25,alive
2,PIFL,PIFL51,28,NA,NA,25,alive
2,PIFL,PIFL51,29,NA,NA,25,alive
2,PIFL,PIFL51,3,552,NA,10,alive
2,PIFL,PIFL51,30,NA,NA,25,alive
2,PIFL,PIFL51,4,589,NA,25,alive
2,PIFL,PIFL51,5,597,NA,10,alive
2,PIFL,PIFL51,6,514,NA,25,alive
2,PIFL,PIFL51,7,502,NA,25,alive
2,PIFL,PIFL51,8,401,NA,25,alive
2,PIFL,PIFL51,9,492,NA,25,alive
2,PIFL,PIFL52,1,603,NA,10,alive
2,PIFL,PIFL52,10,593,NA,10,alive
2,PIFL,PIFL52,11,608,NA,10,alive
2,PIFL,PIFL52,12,595,NA,10,alive
2,PIFL,PIFL52,13,623,NA,10,alive
2,PIFL,PIFL52,14,604,NA,10,alive
2,PIFL,PIFL52,15,588,NA,10,alive
2,PIFL,PIFL52,16,555,NA,10,alive
2,PIFL,PIFL52,17,556,NA,10,alive
2,PIFL,PIFL52,18,511,NA,10,alive
2,PIFL,PIFL52,19,550,NA,10,alive
2,PIFL,PIFL52,2,554,NA,10,alive
2,PIFL,PIFL52,20,491,NA,10,alive
2,PIFL,PIFL52,21,533,NA,10,alive
2,PIFL,PIFL52,22,459,NA,10,alive
2,PIFL,PIFL52,23,457,NA,10,alive
2,PIFL,PIFL52,24,409,NA,10,alive
2,PIFL,PIFL52,25,NA,NA,10,alive
2,PIFL,PIFL52,26,NA,NA,10,alive
2,PIFL,PIFL52,27,NA,NA,10,alive
2,PIFL,PIFL52,28,NA,NA,10,alive
2,PIFL,PIFL52,29,NA,NA,10,alive
2,PIFL,PIFL52,3,623,NA,10,alive
2,PIFL,PIFL52,30,NA,NA,10,alive
2,PIFL,PIFL52,4,655,NA,10,alive
2,PIFL,PIFL52,5,625,NA,10,alive
2,PIFL,PIFL52,6,602,NA,10,alive
2,PIFL,PIFL52,7,609,NA,10,alive
2,PIFL,PIFL52,8,513,NA,10,alive
2,PIFL,PIFL52,9,598,NA,10,alive
2,PIFL,PIFL53,1,595,99.6,10,alive
2,PIFL,PIFL53,10,562,153.4,25,alive
2,PIFL,PIFL53,11,602,181.2,25,alive
2,PIFL,PIFL53,12,579,158.2,25,alive
2,PIFL,PIFL53,13,620,125.6,25,alive
2,PIFL,PIFL53,14,594,164.1,25,alive
2,PIFL,PIFL53,15,582,123.2,25,alive
2,PIFL,PIFL53,16,536,143.7,25,alive
2,PIFL,PIFL53,17,550,118.2,25,alive
2,PIFL,PIFL53,18,485,133.7,25,alive
2,PIFL,PIFL53,19,514,166.1,25,alive
2,PIFL,PIFL53,2,528,272.3,10,alive
2,PIFL,PIFL53,20,440,127.9,25,alive
2,PIFL,PIFL53,21,473,106.1,25,alive
2,PIFL,PIFL53,22,402,125.4,25,alive
2,PIFL,PIFL53,23,372,100.7,25,alive
2,PIFL,PIFL53,24,345,56.4,25,alive
2,PIFL,PIFL53,25,NA,56.4,25,alive
2,PIFL,PIFL53,26,NA,NA,25,alive
2,PIFL,PIFL53,27,NA,NA,25,alive
2,PIFL,PIFL53,28,NA,NA,25,alive
2,PIFL,PIFL53,29,NA,NA,25,alive
2,PIFL,PIFL53,3,603,188.8,10,alive
2,PIFL,PIFL53,30,NA,NA,25,alive
2,PIFL,PIFL53,4,638,171.6,25,alive
2,PIFL,PIFL53,5,602,176.5,10,alive
2,PIFL,PIFL53,6,570,60,25,alive
2,PIFL,PIFL53,7,575,99,25,alive
2,PIFL,PIFL53,8,473,70.5,25,alive
2,PIFL,PIFL53,9,576,96.3,25,alive
2,PIFL,PIFL54,1,531,135.9,10,alive
2,PIFL,PIFL54,10,466,129.7,25,alive
2,PIFL,PIFL54,11,520,134.1,25,alive
2,PIFL,PIFL54,12,492,148.2,25,alive
2,PIFL,PIFL54,13,539,180.4,25,alive
2,PIFL,PIFL54,14,509,120.7,25,alive
2,PIFL,PIFL54,15,498,152.9,25,alive
2,PIFL,PIFL54,16,447,144.9,25,alive
2,PIFL,PIFL54,17,434,126.2,25,alive
2,PIFL,PIFL54,18,376,117.2,25,alive
2,PIFL,PIFL54,19,404,161.8,25,alive
2,PIFL,PIFL54,2,456,293.1,10,alive
2,PIFL,PIFL54,20,346,89.4,25,alive
2,PIFL,PIFL54,21,378,118.6,25,alive
2,PIFL,PIFL54,22,328,64.2,25,alive
2,PIFL,PIFL54,23,339,98.9,25,alive
2,PIFL,PIFL54,24,312,56,25,alive
2,PIFL,PIFL54,25,NA,56,25,alive
2,PIFL,PIFL54,26,NA,NA,25,alive
2,PIFL,PIFL54,27,NA,NA,25,alive
2,PIFL,PIFL54,28,NA,NA,25,alive
2,PIFL,PIFL54,29,NA,NA,25,alive
2,PIFL,PIFL54,3,541,208.8,10,alive
2,PIFL,PIFL54,30,NA,NA,25,alive
2,PIFL,PIFL54,4,574,179.4,25,alive
2,PIFL,PIFL54,5,525,169.2,10,alive
2,PIFL,PIFL54,6,489,78.9,25,alive
2,PIFL,PIFL54,7,522,96,25,alive
2,PIFL,PIFL54,8,401,93.4,25,alive
2,PIFL,PIFL54,9,487,159.6,25,alive
2,PIFL,PIFL55,1,635,128,10,alive
2,PIFL,PIFL55,10,600,116.4,10,alive
2,PIFL,PIFL55,11,630,159.9,10,alive
2,PIFL,PIFL55,12,612,96.4,10,alive
2,PIFL,PIFL55,13,659,86,10,alive
2,PIFL,PIFL55,14,633,138.5,10,alive
2,PIFL,PIFL55,15,620,125.6,10,alive
2,PIFL,PIFL55,16,584,182.3,10,alive
2,PIFL,PIFL55,17,586,141.6,10,alive
2,PIFL,PIFL55,18,531,101.5,10,alive
2,PIFL,PIFL55,19,554,146.3,10,alive
2,PIFL,PIFL55,2,575,247.2,10,alive
2,PIFL,PIFL55,20,470,107.5,10,alive
2,PIFL,PIFL55,21,505,116.6,10,alive
2,PIFL,PIFL55,22,425,109.1,10,alive
2,PIFL,PIFL55,23,450,129.8,10,alive
2,PIFL,PIFL55,24,397,148.1,10,alive
2,PIFL,PIFL55,25,NA,148.1,10,alive
2,PIFL,PIFL55,26,NA,NA,10,alive
2,PIFL,PIFL55,27,NA,NA,10,alive
2,PIFL,PIFL55,28,NA,NA,10,alive
2,PIFL,PIFL55,29,NA,NA,10,alive
2,PIFL,PIFL55,3,641,133.9,10,alive
2,PIFL,PIFL55,30,NA,NA,10,alive
2,PIFL,PIFL55,4,669,121.1,10,alive
2,PIFL,PIFL55,5,621,165.7,10,alive
2,PIFL,PIFL55,6,591,104.7,10,alive
2,PIFL,PIFL55,7,629,99.3,10,alive
2,PIFL,PIFL55,8,507,105.4,10,alive
2,PIFL,PIFL55,9,613,113.3,10,alive
2,PIFL,PIFL56,1,514,117.7,10,alive
2,PIFL,PIFL56,10,309,52.2,25,alive
2,PIFL,PIFL56,11,306,70.9,25,alive
2,PIFL,PIFL56,12,304,60.7,25,alive
2,PIFL,PIFL56,13,304,63.8,25,alive
2,PIFL,PIFL56,14,298,55.2,25,alive
2,PIFL,PIFL56,15,291,43.5,25,alive
2,PIFL,PIFL56,16,289,79.5,25,alive
2,PIFL,PIFL56,17,288,63,50,alive
2,PIFL,PIFL56,18,286,58.1,50,alive
2,PIFL,PIFL56,19,284,73,50,alive
2,PIFL,PIFL56,2,460,182.7,10,alive
2,PIFL,PIFL56,20,282,48.2,75,alive
2,PIFL,PIFL56,21,282,46.2,90,dead
2,PIFL,PIFL56,22,279,NA,90,dead
2,PIFL,PIFL56,23,NA,NA,90,dead
2,PIFL,PIFL56,24,NA,NA,90,dead
2,PIFL,PIFL56,25,NA,NA,90,dead
2,PIFL,PIFL56,26,NA,NA,90,dead
2,PIFL,PIFL56,27,NA,NA,90,dead
2,PIFL,PIFL56,28,NA,NA,90,dead
2,PIFL,PIFL56,29,NA,NA,90,dead
2,PIFL,PIFL56,3,433,171.1,10,alive
2,PIFL,PIFL56,30,NA,NA,90,dead
2,PIFL,PIFL56,4,409,207.4,10,alive
2,PIFL,PIFL56,5,384,144.7,75,alive
2,PIFL,PIFL56,6,369,74.8,25,alive
2,PIFL,PIFL56,7,350,67.3,25,alive
2,PIFL,PIFL56,8,314,41.1,25,alive
2,PIFL,PIFL56,9,312,78.8,25,alive
2,PIFL,PIFL57,1,578,154.9,10,alive
2,PIFL,PIFL57,10,325,43.3,25,alive
2,PIFL,PIFL57,11,322,58.9,25,alive
2,PIFL,PIFL57,12,321,62.4,25,alive
2,PIFL,PIFL57,13,321,64.6,25,alive
2,PIFL,PIFL57,14,318,56,25,alive
2,PIFL,PIFL57,15,308,51.3,25,alive
2,PIFL,PIFL57,16,306,73.5,25,alive
2,PIFL,PIFL57,17,305,72,25,alive
2,PIFL,PIFL57,18,301,63.4,50,alive
2,PIFL,PIFL57,19,300,71.1,50,alive
2,PIFL,PIFL57,2,523,280,10,alive
2,PIFL,PIFL57,20,297,54.9,50,alive
2,PIFL,PIFL57,21,296,58.8,75,dead
2,PIFL,PIFL57,22,294,NA,90,dead
2,PIFL,PIFL57,23,NA,NA,90,dead
2,PIFL,PIFL57,24,NA,NA,90,dead
2,PIFL,PIFL57,25,NA,NA,90,dead
2,PIFL,PIFL57,26,NA,NA,90,dead
2,PIFL,PIFL57,27,NA,NA,90,dead
2,PIFL,PIFL57,28,NA,NA,90,dead
2,PIFL,PIFL57,29,NA,NA,90,dead
2,PIFL,PIFL57,3,485,139.5,10,alive
2,PIFL,PIFL57,30,NA,NA,90,dead
2,PIFL,PIFL57,4,442,175.8,10,alive
2,PIFL,PIFL57,5,408,151.5,75,alive
2,PIFL,PIFL57,6,391,65,25,alive
2,PIFL,PIFL57,7,367,92.2,25,alive
2,PIFL,PIFL57,8,328,39.3,25,alive
2,PIFL,PIFL57,9,326,59.7,25,alive
2,PIFL,PIFL58,1,643,102.1,10,alive
2,PIFL,PIFL58,10,428,66.5,25,alive
2,PIFL,PIFL58,11,419,66.7,25,alive
2,PIFL,PIFL58,12,412,90.8,25,alive
2,PIFL,PIFL58,13,409,81.6,25,alive
2,PIFL,PIFL58,14,398,78.8,25,alive
2,PIFL,PIFL58,15,381,55.2,25,alive
2,PIFL,PIFL58,16,373,78.1,25,alive
2,PIFL,PIFL58,17,367,70.4,25,alive
2,PIFL,PIFL58,18,356,57.8,25,alive
2,PIFL,PIFL58,19,348,66.8,25,alive
2,PIFL,PIFL58,2,603,230.2,10,alive
2,PIFL,PIFL58,20,342,46.6,25,alive
2,PIFL,PIFL58,21,340,58.6,25,alive
2,PIFL,PIFL58,22,337,42.4,50,alive
2,PIFL,PIFL58,23,337,53.9,75,alive
2,PIFL,PIFL58,24,336,54.1,75,dead
2,PIFL,PIFL58,25,NA,NA,75,dead
2,PIFL,PIFL58,26,NA,NA,75,dead
2,PIFL,PIFL58,27,NA,NA,75,dead
2,PIFL,PIFL58,28,NA,NA,75,dead
2,PIFL,PIFL58,29,NA,NA,75,dead
2,PIFL,PIFL58,3,581,114.2,10,alive
2,PIFL,PIFL58,30,NA,NA,75,dead
2,PIFL,PIFL58,4,553,127.5,10,alive
2,PIFL,PIFL58,5,533,71.8,10,alive
2,PIFL,PIFL58,6,512,67.7,25,alive
2,PIFL,PIFL58,7,486,60.7,25,alive
2,PIFL,PIFL58,8,439,51.9,25,alive
2,PIFL,PIFL58,9,434,75.2,25,alive
2,PIFL,PIFL59,1,551,94.6,10,alive
2,PIFL,PIFL59,10,350,123.8,25,alive
2,PIFL,PIFL59,11,341,125.8,25,alive
2,PIFL,PIFL59,12,335,165.3,25,alive
2,PIFL,PIFL59,13,332,128.5,25,alive
2,PIFL,PIFL59,14,324,78.8,25,alive
2,PIFL,PIFL59,15,308,44.9,25,alive
2,PIFL,PIFL59,16,303,65.7,25,alive
2,PIFL,PIFL59,17,296,53.9,25,alive
2,PIFL,PIFL59,18,291,49.9,25,alive
2,PIFL,PIFL59,19,289,60.9,25,alive
2,PIFL,PIFL59,2,512,225.3,10,alive
2,PIFL,PIFL59,20,287,48.5,25,alive
2,PIFL,PIFL59,21,286,49.6,50,alive
2,PIFL,PIFL59,22,283,47.2,50,alive
2,PIFL,PIFL59,23,283,72.6,90,dead
2,PIFL,PIFL59,24,NA,NA,90,dead
2,PIFL,PIFL59,25,NA,NA,90,dead
2,PIFL,PIFL59,26,NA,NA,90,dead
2,PIFL,PIFL59,27,NA,NA,90,dead
2,PIFL,PIFL59,28,NA,NA,90,dead
2,PIFL,PIFL59,29,NA,NA,90,dead
2,PIFL,PIFL59,3,486,165.3,10,alive
2,PIFL,PIFL59,30,NA,NA,90,dead
2,PIFL,PIFL59,4,465,180.8,25,alive
2,PIFL,PIFL59,5,446,211.7,10,alive
2,PIFL,PIFL59,6,428,50.6,25,alive
2,PIFL,PIFL59,7,403,86,25,alive
2,PIFL,PIFL59,8,359,68.3,25,alive
2,PIFL,PIFL59,9,355,94.8,25,alive
2,PIFL,PIFL60,1,446,139.5,10,alive
2,PIFL,PIFL60,10,303,53.9,50,alive
2,PIFL,PIFL60,11,303,54.7,50,alive
2,PIFL,PIFL60,12,303,62.9,75,alive
2,PIFL,PIFL60,13,304,56.8,75,alive
2,PIFL,PIFL60,14,301,64.2,75,alive
2,PIFL,PIFL60,15,295,56.7,90,dead
2,PIFL,PIFL60,16,296,NA,100,dead
2,PIFL,PIFL60,17,297,75.4,100,dead
2,PIFL,PIFL60,18,294,70.8,100,dead
2,PIFL,PIFL60,19,293,79.1,100,dead
2,PIFL,PIFL60,2,393,223.6,10,alive
2,PIFL,PIFL60,20,292,58.4,100,dead
2,PIFL,PIFL60,21,290,57.1,100,dead
2,PIFL,PIFL60,22,NA,NA,100,dead
2,PIFL,PIFL60,23,NA,NA,100,dead
2,PIFL,PIFL60,24,NA,NA,100,dead
2,PIFL,PIFL60,25,NA,NA,100,dead
2,PIFL,PIFL60,26,NA,NA,100,dead
2,PIFL,PIFL60,27,NA,NA,100,dead
2,PIFL,PIFL60,28,NA,NA,100,dead
2,PIFL,PIFL60,29,NA,NA,100,dead
2,PIFL,PIFL60,3,360,57.8,10,alive
2,PIFL,PIFL60,30,NA,NA,100,dead
2,PIFL,PIFL60,4,339,63.6,25,alive
2,PIFL,PIFL60,5,330,54.8,50,alive
2,PIFL,PIFL60,6,323,36.7,25,alive
2,PIFL,PIFL60,7,314,43.2,50,alive
2,PIFL,PIFL60,8,294,36.7,50,alive
2,PIFL,PIFL60,9,300,61.7,50,alive
2,PIFL,PIFL61,1,588,105.7,10,alive
2,PIFL,PIFL61,10,351,89.1,50,alive
2,PIFL,PIFL61,11,346,73.5,50,alive
2,PIFL,PIFL61,12,343,63,50,alive
2,PIFL,PIFL61,13,343,81.2,50,alive
2,PIFL,PIFL61,14,338,60.3,50,alive
2,PIFL,PIFL61,15,330,44.9,50,alive
2,PIFL,PIFL61,16,326,53.4,50,alive
2,PIFL,PIFL61,17,323,67.3,50,alive
2,PIFL,PIFL61,18,318,58.5,50,alive
2,PIFL,PIFL61,19,314,68.7,50,alive
2,PIFL,PIFL61,2,533,214,10,alive
2,PIFL,PIFL61,20,312,51.5,50,alive
2,PIFL,PIFL61,21,311,60.3,75,alive
2,PIFL,PIFL61,22,308,59.2,75,alive
2,PIFL,PIFL61,23,307,54.5,90,dead
2,PIFL,PIFL61,24,NA,NA,90,dead
2,PIFL,PIFL61,25,NA,NA,90,dead
2,PIFL,PIFL61,26,NA,NA,90,dead
2,PIFL,PIFL61,27,NA,NA,90,dead
2,PIFL,PIFL61,28,NA,NA,90,dead
2,PIFL,PIFL61,29,NA,NA,90,dead
2,PIFL,PIFL61,3,491,160.9,10,alive
2,PIFL,PIFL61,30,NA,NA,90,dead
2,PIFL,PIFL61,4,458,150.4,25,alive
2,PIFL,PIFL61,5,434,148.8,10,alive
2,PIFL,PIFL61,6,418,62.1,25,alive
2,PIFL,PIFL61,7,396,68.6,50,alive
2,PIFL,PIFL61,8,357,62.5,50,alive
2,PIFL,PIFL61,9,354,67.2,50,alive
2,PIFL,PIFL62,1,545,125.6,10,alive
2,PIFL,PIFL62,10,303,45,25,alive
2,PIFL,PIFL62,11,301,52.7,25,alive
2,PIFL,PIFL62,12,301,50.5,25,alive
2,PIFL,PIFL62,13,302,61.2,25,alive
2,PIFL,PIFL62,14,299,57.5,25,alive
2,PIFL,PIFL62,15,294,48.4,50,alive
2,PIFL,PIFL62,16,292,67.2,50,alive
2,PIFL,PIFL62,17,292,52.6,75,alive
2,PIFL,PIFL62,18,289,50,75,alive
2,PIFL,PIFL62,19,288,61.2,75,alive
2,PIFL,PIFL62,2,476,247.2,10,alive
2,PIFL,PIFL62,20,286,55.6,75,alive
2,PIFL,PIFL62,21,285,52.8,90,dead
2,PIFL,PIFL62,22,NA,NA,100,dead
2,PIFL,PIFL62,23,NA,NA,100,dead
2,PIFL,PIFL62,24,NA,NA,100,dead
2,PIFL,PIFL62,25,NA,NA,100,dead
2,PIFL,PIFL62,26,NA,NA,100,dead
2,PIFL,PIFL62,27,NA,NA,100,dead
2,PIFL,PIFL62,28,NA,NA,100,dead
2,PIFL,PIFL62,29,NA,NA,100,dead
2,PIFL,PIFL62,3,432,183.2,10,alive
2,PIFL,PIFL62,30,NA,NA,100,dead
2,PIFL,PIFL62,4,395,252.5,10,alive
2,PIFL,PIFL62,5,360,157.5,75,alive
2,PIFL,PIFL62,6,344,49.9,25,alive
2,PIFL,PIFL62,7,328,52.8,25,alive
2,PIFL,PIFL62,8,303,37.7,25,alive
2,PIFL,PIFL62,9,303,47.1,25,alive
2,PIFL,PIFL63,1,668,72.7,10,alive
2,PIFL,PIFL63,10,411,61.1,25,alive
2,PIFL,PIFL63,11,402,68.7,25,alive
2,PIFL,PIFL63,12,395,75.4,25,alive
2,PIFL,PIFL63,13,392,86.7,25,alive
2,PIFL,PIFL63,14,383,57.5,25,alive
2,PIFL,PIFL63,15,372,49.9,25,alive
2,PIFL,PIFL63,16,368,65.8,25,alive
2,PIFL,PIFL63,17,363,59.5,25,alive
2,PIFL,PIFL63,18,354,54.6,25,alive
2,PIFL,PIFL63,19,346,69,25,alive
2,PIFL,PIFL63,2,616,136.6,10,alive
2,PIFL,PIFL63,20,343,49.9,25,alive
2,PIFL,PIFL63,21,341,50.1,25,alive
2,PIFL,PIFL63,22,337,47.3,50,alive
2,PIFL,PIFL63,23,337,56.1,75,dead
2,PIFL,PIFL63,24,NA,NA,75,dead
2,PIFL,PIFL63,25,NA,NA,75,dead
2,PIFL,PIFL63,26,NA,NA,75,dead
2,PIFL,PIFL63,27,NA,NA,75,dead
2,PIFL,PIFL63,28,NA,NA,75,dead
2,PIFL,PIFL63,29,NA,NA,75,dead
2,PIFL,PIFL63,3,587,132.4,10,alive
2,PIFL,PIFL63,30,NA,NA,75,dead
2,PIFL,PIFL63,4,555,135.9,25,alive
2,PIFL,PIFL63,5,529,128.8,10,alive
2,PIFL,PIFL63,6,500,38.6,25,alive
2,PIFL,PIFL63,7,467,37.1,25,alive
2,PIFL,PIFL63,8,424,41.8,25,alive
2,PIFL,PIFL63,9,417,67.9,25,alive
2,PIFL,PIFL64,1,589,119.6,10,alive
2,PIFL,PIFL64,10,356,69.4,25,alive
2,PIFL,PIFL64,11,351,80.6,25,alive
2,PIFL,PIFL64,12,348,71.3,25,alive
2,PIFL,PIFL64,13,347,73.4,25,alive
2,PIFL,PIFL64,14,341,55.4,25,alive
2,PIFL,PIFL64,15,330,45.5,25,alive
2,PIFL,PIFL64,16,326,68.3,25,alive
2,PIFL,PIFL64,17,323,55,25,alive
2,PIFL,PIFL64,18,320,52.8,25,alive
2,PIFL,PIFL64,19,318,68,25,alive
2,PIFL,PIFL64,2,544,211.7,10,alive
2,PIFL,PIFL64,20,316,53.8,25,alive
2,PIFL,PIFL64,21,315,52.9,50,alive
2,PIFL,PIFL64,22,313,53.2,50,alive
2,PIFL,PIFL64,23,311,51.7,75,dead
2,PIFL,PIFL64,24,NA,NA,75,dead
2,PIFL,PIFL64,25,NA,NA,75,dead
2,PIFL,PIFL64,26,NA,NA,75,dead
2,PIFL,PIFL64,27,NA,NA,75,dead
2,PIFL,PIFL64,28,NA,NA,75,dead
2,PIFL,PIFL64,29,NA,NA,75,dead
2,PIFL,PIFL64,3,521,154.1,10,alive
2,PIFL,PIFL64,30,NA,NA,75,dead
2,PIFL,PIFL64,4,495,161.7,10,alive
2,PIFL,PIFL64,5,462,166.3,10,alive
2,PIFL,PIFL64,6,436,62.1,25,alive
2,PIFL,PIFL64,7,411,57.1,25,alive
2,PIFL,PIFL64,8,367,52.2,25,alive
2,PIFL,PIFL64,9,363,105.7,25,alive
2,PIFL,PIFL65,1,650,133.7,10,alive
2,PIFL,PIFL65,10,375,53.8,25,alive
2,PIFL,PIFL65,11,372,61.7,25,alive
2,PIFL,PIFL65,12,370,55.5,25,alive
2,PIFL,PIFL65,13,370,67.1,25,alive
2,PIFL,PIFL65,14,366,47.8,25,alive
2,PIFL,PIFL65,15,357,48.4,25,alive
2,PIFL,PIFL65,16,354,62.5,25,alive
2,PIFL,PIFL65,17,350,61.3,50,alive
2,PIFL,PIFL65,18,346,50.8,50,alive
2,PIFL,PIFL65,19,344,65.6,50,alive
2,PIFL,PIFL65,2,558,264.4,10,alive
2,PIFL,PIFL65,20,342,53.5,90,dead
2,PIFL,PIFL65,21,341,45.4,90,dead
2,PIFL,PIFL65,22,NA,NA,90,dead
2,PIFL,PIFL65,23,NA,NA,90,dead
2,PIFL,PIFL65,24,NA,NA,90,dead
2,PIFL,PIFL65,25,NA,NA,90,dead
2,PIFL,PIFL65,26,NA,NA,90,dead
2,PIFL,PIFL65,27,NA,NA,90,dead
2,PIFL,PIFL65,28,NA,NA,90,dead
2,PIFL,PIFL65,29,NA,NA,90,dead
2,PIFL,PIFL65,3,518,215.2,10,alive
2,PIFL,PIFL65,30,NA,NA,90,dead
2,PIFL,PIFL65,4,478,145,10,alive
2,PIFL,PIFL65,5,452,164,50,alive
2,PIFL,PIFL65,6,434,51.5,25,alive
2,PIFL,PIFL65,7,411,54.7,25,alive
2,PIFL,PIFL65,8,378,42.4,25,alive
2,PIFL,PIFL65,9,378,69.3,25,alive
2,PIFL,PIFL66,1,582,NA,10,alive
2,PIFL,PIFL66,10,346,NA,50,alive
2,PIFL,PIFL66,11,341,NA,50,alive
2,PIFL,PIFL66,12,339,NA,50,alive
2,PIFL,PIFL66,13,338,NA,50,alive
2,PIFL,PIFL66,14,333,NA,50,alive
2,PIFL,PIFL66,15,318,NA,50,alive
2,PIFL,PIFL66,16,317,NA,50,alive
2,PIFL,PIFL66,17,317,NA,50,alive
2,PIFL,PIFL66,18,314,NA,90,dead
2,PIFL,PIFL66,19,314,NA,90,dead
2,PIFL,PIFL66,2,524,NA,10,alive
2,PIFL,PIFL66,20,312,NA,100,dead
2,PIFL,PIFL66,21,311,NA,100,dead
2,PIFL,PIFL66,22,NA,NA,100,dead
2,PIFL,PIFL66,23,NA,NA,100,dead
2,PIFL,PIFL66,24,NA,NA,100,dead
2,PIFL,PIFL66,25,NA,NA,100,dead
2,PIFL,PIFL66,26,NA,NA,100,dead
2,PIFL,PIFL66,27,NA,NA,100,dead
2,PIFL,PIFL66,28,NA,NA,100,dead
2,PIFL,PIFL66,29,NA,NA,100,dead
2,PIFL,PIFL66,3,479,NA,10,alive
2,PIFL,PIFL66,30,NA,NA,100,dead
2,PIFL,PIFL66,4,448,NA,25,alive
2,PIFL,PIFL66,5,423,NA,10,alive
2,PIFL,PIFL66,6,405,NA,25,alive
2,PIFL,PIFL66,7,383,NA,50,alive
2,PIFL,PIFL66,8,352,NA,50,alive
2,PIFL,PIFL66,9,349,NA,50,alive
2,PIFL,PIFL67,1,671,NA,10,alive
2,PIFL,PIFL67,10,387,NA,25,alive
2,PIFL,PIFL67,11,383,NA,25,alive
2,PIFL,PIFL67,12,379,NA,25,alive
2,PIFL,PIFL67,13,379,NA,25,alive
2,PIFL,PIFL67,14,372,NA,25,alive
2,PIFL,PIFL67,15,359,NA,25,alive
2,PIFL,PIFL67,16,355,NA,25,alive
2,PIFL,PIFL67,17,351,NA,25,alive
2,PIFL,PIFL67,18,346,NA,50,alive
2,PIFL,PIFL67,19,344,NA,50,alive
2,PIFL,PIFL67,2,593,NA,10,alive
2,PIFL,PIFL67,20,343,NA,50,alive
2,PIFL,PIFL67,21,341,NA,90,dead
2,PIFL,PIFL67,22,NA,NA,90,dead
2,PIFL,PIFL67,23,NA,NA,90,dead
2,PIFL,PIFL67,24,NA,NA,90,dead
2,PIFL,PIFL67,25,NA,NA,90,dead
2,PIFL,PIFL67,26,NA,NA,90,dead
2,PIFL,PIFL67,27,NA,NA,90,dead
2,PIFL,PIFL67,28,NA,NA,90,dead
2,PIFL,PIFL67,29,NA,NA,90,dead
2,PIFL,PIFL67,3,553,NA,10,alive
2,PIFL,PIFL67,30,NA,NA,90,dead
2,PIFL,PIFL67,4,502,NA,10,alive
2,PIFL,PIFL67,5,470,NA,75,alive
2,PIFL,PIFL67,6,454,NA,25,alive
2,PIFL,PIFL67,7,433,NA,25,alive
2,PIFL,PIFL67,8,394,NA,25,alive
2,PIFL,PIFL67,9,391,NA,25,alive
2,PIFL,PIFL68,1,656,NA,10,alive
2,PIFL,PIFL68,10,413,NA,10,alive
2,PIFL,PIFL68,11,407,NA,10,alive
2,PIFL,PIFL68,12,400,NA,10,alive
2,PIFL,PIFL68,13,398,NA,10,alive
2,PIFL,PIFL68,14,385,NA,10,alive
2,PIFL,PIFL68,15,368,NA,10,alive
2,PIFL,PIFL68,16,360,NA,10,alive
2,PIFL,PIFL68,17,353,NA,10,alive
2,PIFL,PIFL68,18,342,NA,10,alive
2,PIFL,PIFL68,19,335,NA,10,alive
2,PIFL,PIFL68,2,607,NA,10,alive
2,PIFL,PIFL68,20,332,NA,10,alive
2,PIFL,PIFL68,21,331,NA,25,alive
2,PIFL,PIFL68,22,328,NA,50,alive
2,PIFL,PIFL68,23,327,NA,75,dead
2,PIFL,PIFL68,24,NA,NA,75,dead
2,PIFL,PIFL68,25,NA,NA,75,dead
2,PIFL,PIFL68,26,NA,NA,75,dead
2,PIFL,PIFL68,27,NA,NA,75,dead
2,PIFL,PIFL68,28,NA,NA,75,dead
2,PIFL,PIFL68,29,NA,NA,75,dead
2,PIFL,PIFL68,3,575,NA,10,alive
2,PIFL,PIFL68,30,NA,NA,75,dead
2,PIFL,PIFL68,4,548,NA,10,alive
2,PIFL,PIFL68,5,522,NA,10,alive
2,PIFL,PIFL68,6,501,NA,10,alive
2,PIFL,PIFL68,7,469,NA,10,alive
2,PIFL,PIFL68,8,423,NA,10,alive
2,PIFL,PIFL68,9,419,NA,10,alive
2,PIFL,PIFL69,1,571,NA,10,alive
2,PIFL,PIFL69,10,336,NA,25,alive
2,PIFL,PIFL69,11,327,NA,25,alive
2,PIFL,PIFL69,12,322,NA,25,alive
2,PIFL,PIFL69,13,321,NA,25,alive
2,PIFL,PIFL69,14,313,NA,25,alive
2,PIFL,PIFL69,15,300,NA,25,alive
2,PIFL,PIFL69,16,297,NA,25,alive
2,PIFL,PIFL69,17,296,NA,75,alive
2,PIFL,PIFL69,18,293,NA,90,dead
2,PIFL,PIFL69,19,292,NA,90,dead
2,PIFL,PIFL69,2,525,NA,10,alive
2,PIFL,PIFL69,20,290,NA,90,dead
2,PIFL,PIFL69,21,289,NA,100,dead
2,PIFL,PIFL69,22,NA,NA,100,dead
2,PIFL,PIFL69,23,NA,NA,100,dead
2,PIFL,PIFL69,24,NA,NA,100,dead
2,PIFL,PIFL69,25,NA,NA,100,dead
2,PIFL,PIFL69,26,NA,NA,100,dead
2,PIFL,PIFL69,27,NA,NA,100,dead
2,PIFL,PIFL69,28,NA,NA,100,dead
2,PIFL,PIFL69,29,NA,NA,100,dead
2,PIFL,PIFL69,3,487,NA,10,alive
2,PIFL,PIFL69,30,NA,NA,100,dead
2,PIFL,PIFL69,4,456,NA,25,alive
2,PIFL,PIFL69,5,432,NA,10,alive
2,PIFL,PIFL69,6,412,NA,25,alive
2,PIFL,PIFL69,7,389,NA,25,alive
2,PIFL,PIFL69,8,345,NA,25,alive
2,PIFL,PIFL69,9,341,NA,25,alive
2,PIFL,PIFL70,1,645,NA,10,alive
2,PIFL,PIFL70,10,387,NA,25,alive
2,PIFL,PIFL70,11,381,NA,25,alive
2,PIFL,PIFL70,12,377,NA,25,alive
2,PIFL,PIFL70,13,376,NA,25,alive
2,PIFL,PIFL70,14,370,NA,25,alive
2,PIFL,PIFL70,15,362,NA,25,alive
2,PIFL,PIFL70,16,359,NA,25,alive
2,PIFL,PIFL70,17,355,NA,25,alive
2,PIFL,PIFL70,18,348,NA,25,alive
2,PIFL,PIFL70,19,345,NA,25,alive
2,PIFL,PIFL70,2,594,NA,10,alive
2,PIFL,PIFL70,20,343,NA,25,alive
2,PIFL,PIFL70,21,341,NA,50,alive
2,PIFL,PIFL70,22,338,NA,75,alive
2,PIFL,PIFL70,23,337,NA,90,dead
2,PIFL,PIFL70,24,NA,NA,90,dead
2,PIFL,PIFL70,25,NA,NA,90,dead
2,PIFL,PIFL70,26,NA,NA,90,dead
2,PIFL,PIFL70,27,NA,NA,90,dead
2,PIFL,PIFL70,28,NA,NA,90,dead
2,PIFL,PIFL70,29,NA,NA,90,dead
2,PIFL,PIFL70,3,541,NA,10,alive
2,PIFL,PIFL70,30,NA,NA,90,dead
2,PIFL,PIFL70,4,505,NA,10,alive
2,PIFL,PIFL70,5,479,NA,25,alive
2,PIFL,PIFL70,6,459,NA,25,alive
2,PIFL,PIFL70,7,436,NA,25,alive
2,PIFL,PIFL70,8,395,NA,25,alive
2,PIFL,PIFL70,9,392,NA,25,alive
2,PIFL,PIFL71,1,532,NA,10,alive
2,PIFL,PIFL71,10,318,NA,75,alive
2,PIFL,PIFL71,11,317,NA,75,alive
2,PIFL,PIFL71,12,315,NA,75,alive
2,PIFL,PIFL71,13,316,NA,75,alive
2,PIFL,PIFL71,14,312,NA,75,alive
2,PIFL,PIFL71,15,306,NA,75,alive
2,PIFL,PIFL71,16,305,NA,75,alive
2,PIFL,PIFL71,17,304,NA,75,alive
2,PIFL,PIFL71,18,302,NA,75,alive
2,PIFL,PIFL71,19,301,NA,90,dead
2,PIFL,PIFL71,2,477,NA,25,alive
2,PIFL,PIFL71,20,299,NA,90,dead
2,PIFL,PIFL71,21,298,NA,100,dead
2,PIFL,PIFL71,22,NA,NA,100,dead
2,PIFL,PIFL71,23,NA,NA,100,dead
2,PIFL,PIFL71,24,NA,NA,100,dead
2,PIFL,PIFL71,25,NA,NA,100,dead
2,PIFL,PIFL71,26,NA,NA,100,dead
2,PIFL,PIFL71,27,NA,NA,100,dead
2,PIFL,PIFL71,28,NA,NA,100,dead
2,PIFL,PIFL71,29,NA,NA,100,dead
2,PIFL,PIFL71,3,437,NA,25,alive
2,PIFL,PIFL71,30,NA,NA,100,dead
2,PIFL,PIFL71,4,393,NA,50,alive
2,PIFL,PIFL71,5,372,NA,75,alive
2,PIFL,PIFL71,6,358,NA,75,alive
2,PIFL,PIFL71,7,341,NA,75,alive
2,PIFL,PIFL71,8,319,NA,75,alive
2,PIFL,PIFL71,9,319,NA,75,alive
2,PIFL,PIFL72,1,626,NA,10,alive
2,PIFL,PIFL72,10,368,NA,25,alive
2,PIFL,PIFL72,11,365,NA,25,alive
2,PIFL,PIFL72,12,364,NA,25,alive
2,PIFL,PIFL72,13,365,NA,25,alive
2,PIFL,PIFL72,14,361,NA,25,alive
2,PIFL,PIFL72,15,351,NA,50,alive
2,PIFL,PIFL72,16,351,NA,50,alive
2,PIFL,PIFL72,17,352,NA,50,alive
2,PIFL,PIFL72,18,348,NA,50,alive
2,PIFL,PIFL72,19,347,NA,75,alive
2,PIFL,PIFL72,2,567,NA,10,alive
2,PIFL,PIFL72,20,345,NA,90,dead
2,PIFL,PIFL72,21,344,NA,100,dead
2,PIFL,PIFL72,22,NA,NA,100,dead
2,PIFL,PIFL72,23,NA,NA,100,dead
2,PIFL,PIFL72,24,NA,NA,100,dead
2,PIFL,PIFL72,25,NA,NA,100,dead
2,PIFL,PIFL72,26,NA,NA,100,dead
2,PIFL,PIFL72,27,NA,NA,100,dead
2,PIFL,PIFL72,28,NA,NA,100,dead
2,PIFL,PIFL72,29,NA,NA,100,dead
2,PIFL,PIFL72,3,520,NA,10,alive
2,PIFL,PIFL72,30,NA,NA,100,dead
2,PIFL,PIFL72,4,472,NA,10,alive
2,PIFL,PIFL72,5,443,NA,50,alive
2,PIFL,PIFL72,6,419,NA,25,alive
2,PIFL,PIFL72,7,395,NA,25,alive
2,PIFL,PIFL72,8,369,NA,25,alive
2,PIFL,PIFL72,9,369,NA,25,alive
2,PIFL,PIFL73,1,643,NA,10,alive
2,PIFL,PIFL73,10,389,NA,25,alive
2,PIFL,PIFL73,11,387,NA,25,alive
2,PIFL,PIFL73,12,385,NA,25,alive
2,PIFL,PIFL73,13,386,NA,25,alive
2,PIFL,PIFL73,14,381,NA,25,alive
2,PIFL,PIFL73,15,370,NA,25,alive
2,PIFL,PIFL73,16,369,NA,50,alive
2,PIFL,PIFL73,17,369,NA,50,alive
2,PIFL,PIFL73,18,365,NA,50,alive
2,PIFL,PIFL73,19,364,NA,50,alive
2,PIFL,PIFL73,2,583,NA,10,alive
2,PIFL,PIFL73,20,361,NA,50,alive
2,PIFL,PIFL73,21,361,NA,90,dead
2,PIFL,PIFL73,22,NA,NA,90,dead
2,PIFL,PIFL73,23,NA,NA,90,dead
2,PIFL,PIFL73,24,NA,NA,90,dead
2,PIFL,PIFL73,25,NA,NA,90,dead
2,PIFL,PIFL73,26,NA,NA,90,dead
2,PIFL,PIFL73,27,NA,NA,90,dead
2,PIFL,PIFL73,28,NA,NA,90,dead
2,PIFL,PIFL73,29,NA,NA,90,dead
2,PIFL,PIFL73,3,533,NA,10,alive
2,PIFL,PIFL73,30,NA,NA,90,dead
2,PIFL,PIFL73,4,492,NA,25,alive
2,PIFL,PIFL73,5,461,NA,10,alive
2,PIFL,PIFL73,6,443,NA,25,alive
2,PIFL,PIFL73,7,420,NA,25,alive
2,PIFL,PIFL73,8,391,NA,25,alive
2,PIFL,PIFL73,9,391,NA,25,alive
2,PIFL,PIFL74,1,623,NA,10,alive
2,PIFL,PIFL74,10,395,NA,25,alive
2,PIFL,PIFL74,11,387,NA,25,alive
2,PIFL,PIFL74,12,379,NA,25,alive
2,PIFL,PIFL74,13,376,NA,25,alive
2,PIFL,PIFL74,14,365,NA,25,alive
2,PIFL,PIFL74,15,349,NA,25,alive
2,PIFL,PIFL74,16,343,NA,25,alive
2,PIFL,PIFL74,17,334,NA,25,alive
2,PIFL,PIFL74,18,325,NA,25,alive
2,PIFL,PIFL74,19,322,NA,25,alive
2,PIFL,PIFL74,2,586,NA,10,alive
2,PIFL,PIFL74,20,320,NA,25,alive
2,PIFL,PIFL74,21,319,NA,50,alive
2,PIFL,PIFL74,22,316,NA,50,alive
2,PIFL,PIFL74,23,315,NA,75,dead
2,PIFL,PIFL74,24,NA,NA,75,dead
2,PIFL,PIFL74,25,NA,NA,75,dead
2,PIFL,PIFL74,26,NA,NA,75,dead
2,PIFL,PIFL74,27,NA,NA,75,dead
2,PIFL,PIFL74,28,NA,NA,75,dead
2,PIFL,PIFL74,29,NA,NA,75,dead
2,PIFL,PIFL74,3,553,NA,10,alive
2,PIFL,PIFL74,30,NA,NA,75,dead
2,PIFL,PIFL74,4,527,NA,25,alive
2,PIFL,PIFL74,5,497,NA,10,alive
2,PIFL,PIFL74,6,479,NA,25,alive
2,PIFL,PIFL74,7,453,NA,25,alive
2,PIFL,PIFL74,8,404,NA,25,alive
2,PIFL,PIFL74,9,400,NA,25,alive
2,PIFL,PIFL75,1,484,NA,10,alive
2,PIFL,PIFL75,10,289,NA,25,alive
2,PIFL,PIFL75,11,285,NA,25,alive
2,PIFL,PIFL75,12,282,NA,25,alive
2,PIFL,PIFL75,13,282,NA,25,alive
2,PIFL,PIFL75,14,277,NA,25,alive
2,PIFL,PIFL75,15,268,NA,25,alive
2,PIFL,PIFL75,16,268,NA,25,alive
2,PIFL,PIFL75,17,269,NA,25,alive
2,PIFL,PIFL75,18,266,NA,25,alive
2,PIFL,PIFL75,19,265,NA,50,alive
2,PIFL,PIFL75,2,445,NA,10,alive
2,PIFL,PIFL75,20,264,NA,75,alive
2,PIFL,PIFL75,21,263,NA,90,dead
2,PIFL,PIFL75,22,NA,NA,90,dead
2,PIFL,PIFL75,23,NA,NA,90,dead
2,PIFL,PIFL75,24,NA,NA,90,dead
2,PIFL,PIFL75,25,NA,NA,90,dead
2,PIFL,PIFL75,26,NA,NA,90,dead
2,PIFL,PIFL75,27,NA,NA,90,dead
2,PIFL,PIFL75,28,NA,NA,90,dead
2,PIFL,PIFL75,29,NA,NA,90,dead
2,PIFL,PIFL75,3,417,NA,10,alive
2,PIFL,PIFL75,30,NA,NA,90,dead
2,PIFL,PIFL75,4,394,NA,10,alive
2,PIFL,PIFL75,5,371,NA,10,alive
2,PIFL,PIFL75,6,354,NA,25,alive
2,PIFL,PIFL75,7,336,NA,25,alive
2,PIFL,PIFL75,8,298,NA,25,alive
2,PIFL,PIFL75,9,293,NA,25,alive
2,PIFL,PIFL76,1,646,NA,10,alive
2,PIFL,PIFL76,10,701,NA,25,alive
2,PIFL,PIFL76,11,716,NA,25,alive
2,PIFL,PIFL76,12,709,NA,25,alive
2,PIFL,PIFL76,13,719,NA,25,alive
2,PIFL,PIFL76,14,694,NA,25,alive
2,PIFL,PIFL76,15,672,NA,25,alive
2,PIFL,PIFL76,16,650,NA,25,alive
2,PIFL,PIFL76,17,675,NA,25,alive
2,PIFL,PIFL76,18,634,NA,25,alive
2,PIFL,PIFL76,19,657,NA,25,alive
2,PIFL,PIFL76,2,587,NA,10,alive
2,PIFL,PIFL76,20,598,NA,25,alive
2,PIFL,PIFL76,21,634,NA,25,alive
2,PIFL,PIFL76,22,566,NA,25,alive
2,PIFL,PIFL76,23,524,NA,25,alive
2,PIFL,PIFL76,24,473,NA,25,alive
2,PIFL,PIFL76,25,NA,NA,25,alive
2,PIFL,PIFL76,26,NA,NA,25,alive
2,PIFL,PIFL76,27,NA,NA,25,alive
2,PIFL,PIFL76,28,NA,NA,25,alive
2,PIFL,PIFL76,29,NA,NA,25,alive
2,PIFL,PIFL76,3,649,NA,10,alive
2,PIFL,PIFL76,30,NA,NA,25,alive
2,PIFL,PIFL76,4,688,NA,10,alive
2,PIFL,PIFL76,5,639,NA,10,alive
2,PIFL,PIFL76,6,631,NA,10,alive
2,PIFL,PIFL76,7,658,NA,10,alive
2,PIFL,PIFL76,8,634,NA,25,alive
2,PIFL,PIFL76,9,705,NA,25,alive
2,PIFL,PIFL77,1,624,NA,10,alive
2,PIFL,PIFL77,10,650,NA,25,alive
2,PIFL,PIFL77,11,675,NA,25,alive
2,PIFL,PIFL77,12,664,NA,25,alive
2,PIFL,PIFL77,13,686,NA,25,alive
2,PIFL,PIFL77,14,654,NA,25,alive
2,PIFL,PIFL77,15,615,NA,25,alive
2,PIFL,PIFL77,16,579,NA,25,alive
2,PIFL,PIFL77,17,611,NA,25,alive
2,PIFL,PIFL77,18,543,NA,25,alive
2,PIFL,PIFL77,19,566,NA,25,alive
2,PIFL,PIFL77,2,545,NA,10,alive
2,PIFL,PIFL77,20,491,NA,25,alive
2,PIFL,PIFL77,21,541,NA,25,alive
2,PIFL,PIFL77,22,460,NA,25,alive
2,PIFL,PIFL77,23,465,NA,25,alive
2,PIFL,PIFL77,24,410,NA,25,alive
2,PIFL,PIFL77,25,NA,NA,25,alive
2,PIFL,PIFL77,26,NA,NA,25,alive
2,PIFL,PIFL77,27,NA,NA,25,alive
2,PIFL,PIFL77,28,NA,NA,25,alive
2,PIFL,PIFL77,29,NA,NA,25,alive
2,PIFL,PIFL77,3,613,NA,10,alive
2,PIFL,PIFL77,30,NA,NA,25,alive
2,PIFL,PIFL77,4,667,NA,25,alive
2,PIFL,PIFL77,5,673,NA,25,alive
2,PIFL,PIFL77,6,597,NA,25,alive
2,PIFL,PIFL77,7,618,NA,25,alive
2,PIFL,PIFL77,8,588,NA,25,alive
2,PIFL,PIFL77,9,656,NA,25,alive
2,PIFL,PIFL78,1,664,71.1,10,alive
2,PIFL,PIFL78,10,677,95.2,25,alive
2,PIFL,PIFL78,11,697,121.5,25,alive
2,PIFL,PIFL78,12,690,99.2,25,alive
2,PIFL,PIFL78,13,719,121.2,25,alive
2,PIFL,PIFL78,14,692,195.7,25,alive
2,PIFL,PIFL78,15,654,108.9,25,alive
2,PIFL,PIFL78,16,628,118,25,alive
2,PIFL,PIFL78,17,646,124.4,25,alive
2,PIFL,PIFL78,18,587,121.7,25,alive
2,PIFL,PIFL78,19,605,173.8,25,alive
2,PIFL,PIFL78,2,605,233.6,10,alive
2,PIFL,PIFL78,20,539,127.2,25,alive
2,PIFL,PIFL78,21,569,112.2,25,alive
2,PIFL,PIFL78,22,499,90.4,25,alive
2,PIFL,PIFL78,23,487,117.8,25,alive
2,PIFL,PIFL78,24,442,150.1,25,alive
2,PIFL,PIFL78,25,NA,150.1,25,alive
2,PIFL,PIFL78,26,NA,NA,25,alive
2,PIFL,PIFL78,27,NA,NA,25,alive
2,PIFL,PIFL78,28,NA,NA,25,alive
2,PIFL,PIFL78,29,NA,NA,25,alive
2,PIFL,PIFL78,3,654,240.7,10,alive
2,PIFL,PIFL78,30,NA,NA,25,alive
2,PIFL,PIFL78,4,682,161.8,10,alive
2,PIFL,PIFL78,5,649,164.1,10,alive
2,PIFL,PIFL78,6,618,45.5,10,alive
2,PIFL,PIFL78,7,642,66.3,10,alive
2,PIFL,PIFL78,8,619,63.6,25,alive
2,PIFL,PIFL78,9,687,95.6,25,alive
2,PIFL,PIFL79,1,627,68.8,10,alive
2,PIFL,PIFL79,10,667,60.7,10,alive
2,PIFL,PIFL79,11,676,56.7,10,alive
2,PIFL,PIFL79,12,665,67.4,10,alive
2,PIFL,PIFL79,13,683,74.5,10,alive
2,PIFL,PIFL79,14,658,99.3,10,alive
2,PIFL,PIFL79,15,632,87,10,alive
2,PIFL,PIFL79,16,609,98.6,10,alive
2,PIFL,PIFL79,17,625,89.3,10,alive
2,PIFL,PIFL79,18,575,86.7,10,alive
2,PIFL,PIFL79,19,612,119,10,alive
2,PIFL,PIFL79,2,577,200.8,10,alive
2,PIFL,PIFL79,20,555,97.7,10,alive
2,PIFL,PIFL79,21,570,101.8,10,alive
2,PIFL,PIFL79,22,492,89.5,10,alive
2,PIFL,PIFL79,23,520,103.7,10,alive
2,PIFL,PIFL79,24,463,93.8,10,alive
2,PIFL,PIFL79,25,NA,93.8,10,alive
2,PIFL,PIFL79,26,NA,NA,10,alive
2,PIFL,PIFL79,27,NA,NA,10,alive
2,PIFL,PIFL79,28,NA,NA,10,alive
2,PIFL,PIFL79,29,NA,NA,10,alive
2,PIFL,PIFL79,3,629,116.5,10,alive
2,PIFL,PIFL79,30,NA,NA,10,alive
2,PIFL,PIFL79,4,662,112.3,10,alive
2,PIFL,PIFL79,5,631,121.2,10,alive
2,PIFL,PIFL79,6,601,34.7,10,alive
2,PIFL,PIFL79,7,641,48.2,10,alive
2,PIFL,PIFL79,8,617,47.1,10,alive
2,PIFL,PIFL79,9,676,65.3,10,alive
2,PIFL,PIFL80,1,567,82.3,10,alive
2,PIFL,PIFL80,10,602,85.6,25,alive
2,PIFL,PIFL80,11,609,83.2,25,alive
2,PIFL,PIFL80,12,596,84.6,25,alive
2,PIFL,PIFL80,13,610,128.7,25,alive
2,PIFL,PIFL80,14,584,160.6,25,alive
2,PIFL,PIFL80,15,561,101.6,25,alive
2,PIFL,PIFL80,16,538,141.7,25,alive
2,PIFL,PIFL80,17,551,103.8,25,alive
2,PIFL,PIFL80,18,499,82.5,25,alive
2,PIFL,PIFL80,19,538,115.8,25,alive
2,PIFL,PIFL80,2,519,212,10,alive
2,PIFL,PIFL80,20,479,118.3,25,alive
2,PIFL,PIFL80,21,512,107.4,25,alive
2,PIFL,PIFL80,22,436,81.2,25,alive
2,PIFL,PIFL80,23,441,99.7,25,alive
2,PIFL,PIFL80,24,387,73.3,25,alive
2,PIFL,PIFL80,25,NA,73.3,25,alive
2,PIFL,PIFL80,26,NA,NA,25,alive
2,PIFL,PIFL80,27,NA,NA,25,alive
2,PIFL,PIFL80,28,NA,NA,25,alive
2,PIFL,PIFL80,29,NA,NA,25,alive
2,PIFL,PIFL80,3,578,143.7,10,alive
2,PIFL,PIFL80,30,NA,NA,25,alive
2,PIFL,PIFL80,4,612,126.1,25,alive
2,PIFL,PIFL80,5,584,183.1,25,alive
2,PIFL,PIFL80,6,553,42.2,25,alive
2,PIFL,PIFL80,7,605,84.1,25,alive
2,PIFL,PIFL80,8,582,58.4,25,alive
2,PIFL,PIFL80,9,615,126.5,25,alive
2,PIFL,PIFL81,1,598,54.9,10,alive
2,PIFL,PIFL81,10,381,84.4,25,alive
2,PIFL,PIFL81,11,371,65.3,25,alive
2,PIFL,PIFL81,12,366,80.1,25,alive
2,PIFL,PIFL81,13,362,60.3,25,alive
2,PIFL,PIFL81,14,355,61.5,25,alive
2,PIFL,PIFL81,15,347,53.6,25,alive
2,PIFL,PIFL81,16,343,120.1,25,alive
2,PIFL,PIFL81,17,337,61.4,25,alive
2,PIFL,PIFL81,18,328,55,25,alive
2,PIFL,PIFL81,19,323,74.2,25,alive
2,PIFL,PIFL81,2,547,238.1,10,alive
2,PIFL,PIFL81,20,319,48.3,25,alive
2,PIFL,PIFL81,21,317,52.5,50,alive
2,PIFL,PIFL81,22,314,57.7,75,dead
2,PIFL,PIFL81,23,NA,NA,75,dead
2,PIFL,PIFL81,24,NA,NA,75,dead
2,PIFL,PIFL81,25,NA,NA,75,dead
2,PIFL,PIFL81,26,NA,NA,75,dead
2,PIFL,PIFL81,27,NA,NA,75,dead
2,PIFL,PIFL81,28,NA,NA,75,dead
2,PIFL,PIFL81,29,NA,NA,75,dead
2,PIFL,PIFL81,3,507,84.6,10,alive
2,PIFL,PIFL81,30,NA,NA,75,dead
2,PIFL,PIFL81,4,474,149.9,10,alive
2,PIFL,PIFL81,5,446,178.8,10,alive
2,PIFL,PIFL81,6,426,38.5,25,alive
2,PIFL,PIFL81,7,407,51.1,25,alive
2,PIFL,PIFL81,8,395,63.3,25,alive
2,PIFL,PIFL81,9,387,61,25,alive
2,PIFL,PIFL82,1,613,52.8,10,alive
2,PIFL,PIFL82,10,420,68.2,10,alive
2,PIFL,PIFL82,11,410,60.3,10,alive
2,PIFL,PIFL82,12,403,75.4,10,alive
2,PIFL,PIFL82,13,399,79.3,10,alive
2,PIFL,PIFL82,14,389,102.4,10,alive
2,PIFL,PIFL82,15,373,74.2,10,alive
2,PIFL,PIFL82,16,363,77.6,10,alive
2,PIFL,PIFL82,17,350,91.7,10,alive
2,PIFL,PIFL82,18,340,55.1,10,alive
2,PIFL,PIFL82,19,332,63.5,10,alive
2,PIFL,PIFL82,2,576,157.1,10,alive
2,PIFL,PIFL82,20,320,41,10,alive
2,PIFL,PIFL82,21,314,46.2,10,alive
2,PIFL,PIFL82,22,310,45.7,10,alive
2,PIFL,PIFL82,23,308,44.5,25,alive
2,PIFL,PIFL82,24,308,53.5,50,dead
2,PIFL,PIFL82,25,NA,NA,50,dead
2,PIFL,PIFL82,26,NA,NA,50,dead
2,PIFL,PIFL82,27,NA,NA,50,dead
2,PIFL,PIFL82,28,NA,NA,50,dead
2,PIFL,PIFL82,29,NA,NA,50,dead
2,PIFL,PIFL82,3,549,78.4,10,alive
2,PIFL,PIFL82,30,NA,NA,50,dead
2,PIFL,PIFL82,4,521,88.9,10,alive
2,PIFL,PIFL82,5,498,115.2,10,alive
2,PIFL,PIFL82,6,474,34.9,10,alive
2,PIFL,PIFL82,7,450,46,10,alive
2,PIFL,PIFL82,8,432,48.2,10,alive
2,PIFL,PIFL82,9,427,64.5,10,alive
2,PIFL,PIFL83,1,502,124.8,10,alive
2,PIFL,PIFL83,10,299,57.2,10,alive
2,PIFL,PIFL83,11,294,47.8,10,alive
2,PIFL,PIFL83,12,292,53.1,10,alive
2,PIFL,PIFL83,13,292,56.9,10,alive
2,PIFL,PIFL83,14,290,72.5,10,alive
2,PIFL,PIFL83,15,283,54.8,10,alive
2,PIFL,PIFL83,16,282,74.5,10,alive
2,PIFL,PIFL83,17,280,62.4,25,alive
2,PIFL,PIFL83,18,277,51.1,25,alive
2,PIFL,PIFL83,19,276,61.4,25,alive
2,PIFL,PIFL83,2,453,256.4,10,alive
2,PIFL,PIFL83,20,273,49.8,25,alive
2,PIFL,PIFL83,21,272,49.8,50,alive
2,PIFL,PIFL83,22,270,50.5,75,alive
2,PIFL,PIFL83,23,269,54.4,75,dead
2,PIFL,PIFL83,24,NA,NA,75,dead
2,PIFL,PIFL83,25,NA,NA,75,dead
2,PIFL,PIFL83,26,NA,NA,75,dead
2,PIFL,PIFL83,27,NA,NA,75,dead
2,PIFL,PIFL83,28,NA,NA,75,dead
2,PIFL,PIFL83,29,NA,NA,75,dead
2,PIFL,PIFL83,3,412,126.1,10,alive
2,PIFL,PIFL83,30,NA,NA,75,dead
2,PIFL,PIFL83,4,375,167,10,alive
2,PIFL,PIFL83,5,347,160.5,10,alive
2,PIFL,PIFL83,6,330,54.2,10,alive
2,PIFL,PIFL83,7,314,73.2,10,alive
2,PIFL,PIFL83,8,304,67.5,10,alive
2,PIFL,PIFL83,9,301,61.1,10,alive
2,PIFL,PIFL84,1,559,93.7,10,alive
2,PIFL,PIFL84,10,382,55.2,25,alive
2,PIFL,PIFL84,11,378,55.8,25,alive
2,PIFL,PIFL84,12,376,54.1,25,alive
2,PIFL,PIFL84,13,375,67.2,25,alive
2,PIFL,PIFL84,14,371,58,25,alive
2,PIFL,PIFL84,15,366,48.5,25,alive
2,PIFL,PIFL84,16,363,60.8,25,alive
2,PIFL,PIFL84,17,360,54.6,25,alive
2,PIFL,PIFL84,18,355,51.8,50,alive
2,PIFL,PIFL84,19,353,60.2,50,alive
2,PIFL,PIFL84,2,502,234.8,10,alive
2,PIFL,PIFL84,20,349,49.3,50,alive
2,PIFL,PIFL84,21,347,47.3,75,alive
2,PIFL,PIFL84,22,344,59.1,90,dead
2,PIFL,PIFL84,23,NA,NA,90,dead
2,PIFL,PIFL84,24,NA,NA,90,dead
2,PIFL,PIFL84,25,NA,NA,90,dead
2,PIFL,PIFL84,26,NA,NA,90,dead
2,PIFL,PIFL84,27,NA,NA,90,dead
2,PIFL,PIFL84,28,NA,NA,90,dead
2,PIFL,PIFL84,29,NA,NA,90,dead
2,PIFL,PIFL84,3,461,169.9,10,alive
2,PIFL,PIFL84,30,NA,NA,90,dead
2,PIFL,PIFL84,4,434,163.2,10,alive
2,PIFL,PIFL84,5,414,180.7,10,alive
2,PIFL,PIFL84,6,403,57.4,10,alive
2,PIFL,PIFL84,7,392,82.7,10,alive
2,PIFL,PIFL84,8,386,63,25,alive
2,PIFL,PIFL84,9,384,73.4,25,alive
2,PIFL,PIFL85,1,661,98.8,10,alive
2,PIFL,PIFL85,10,460,84.7,10,alive
2,PIFL,PIFL85,11,448,66.2,10,alive
2,PIFL,PIFL85,12,440,110.3,10,alive
2,PIFL,PIFL85,13,435,106.8,10,alive
2,PIFL,PIFL85,14,421,120.8,10,alive
2,PIFL,PIFL85,15,406,76.7,10,alive
2,PIFL,PIFL85,16,395,124.8,10,alive
2,PIFL,PIFL85,17,384,95.9,10,alive
2,PIFL,PIFL85,18,372,57.2,10,alive
2,PIFL,PIFL85,19,365,49.1,10,alive
2,PIFL,PIFL85,2,621,262,10,alive
2,PIFL,PIFL85,20,356,42.7,10,alive
2,PIFL,PIFL85,21,348,46.8,10,alive
2,PIFL,PIFL85,22,339,53,10,alive
2,PIFL,PIFL85,23,336,44.9,25,alive
2,PIFL,PIFL85,24,336,60.1,50,dead
2,PIFL,PIFL85,25,NA,NA,50,dead
2,PIFL,PIFL85,26,NA,NA,50,dead
2,PIFL,PIFL85,27,NA,NA,50,dead
2,PIFL,PIFL85,28,NA,NA,50,dead
2,PIFL,PIFL85,29,NA,NA,50,dead
2,PIFL,PIFL85,3,591,90.4,10,alive
2,PIFL,PIFL85,30,NA,NA,50,dead
2,PIFL,PIFL85,4,562,134.1,10,alive
2,PIFL,PIFL85,5,539,146.2,10,alive
2,PIFL,PIFL85,6,516,33,10,alive
2,PIFL,PIFL85,7,492,56.1,10,alive
2,PIFL,PIFL85,8,474,53.5,10,alive
2,PIFL,PIFL85,9,467,76.1,10,alive
2,PIFL,PIFL86,1,652,89.5,10,alive
2,PIFL,PIFL86,10,444,63,25,alive
2,PIFL,PIFL86,11,435,64.9,25,alive
2,PIFL,PIFL86,12,430,46.1,25,alive
2,PIFL,PIFL86,13,426,73.8,25,alive
2,PIFL,PIFL86,14,416,61.5,25,alive
2,PIFL,PIFL86,15,402,84.4,25,alive
2,PIFL,PIFL86,16,394,64.7,25,alive
2,PIFL,PIFL86,17,387,57.9,25,alive
2,PIFL,PIFL86,18,380,58.3,25,alive
2,PIFL,PIFL86,19,374,55.8,25,alive
2,PIFL,PIFL86,2,607,232.2,10,alive
2,PIFL,PIFL86,20,366,49,25,alive
2,PIFL,PIFL86,21,356,41.7,25,alive
2,PIFL,PIFL86,22,352,49.3,25,alive
2,PIFL,PIFL86,23,351,52.9,25,alive
2,PIFL,PIFL86,24,350,55.3,50,dead
2,PIFL,PIFL86,25,NA,NA,50,dead
2,PIFL,PIFL86,26,NA,NA,50,dead
2,PIFL,PIFL86,27,NA,NA,50,dead
2,PIFL,PIFL86,28,NA,NA,50,dead
2,PIFL,PIFL86,29,NA,NA,50,dead
2,PIFL,PIFL86,3,569,140.8,10,alive
2,PIFL,PIFL86,30,NA,NA,50,dead
2,PIFL,PIFL86,4,543,117.7,25,alive
2,PIFL,PIFL86,5,518,108,25,alive
2,PIFL,PIFL86,6,492,36.4,25,alive
2,PIFL,PIFL86,7,469,46,25,alive
2,PIFL,PIFL86,8,454,62.8,25,alive
2,PIFL,PIFL86,9,449,60.8,25,alive
2,PIFL,PIFL87,1,568,81,10,alive
2,PIFL,PIFL87,10,383,84.6,10,alive
2,PIFL,PIFL87,11,377,66.7,10,alive
2,PIFL,PIFL87,12,373,60.4,10,alive
2,PIFL,PIFL87,13,371,68.6,10,alive
2,PIFL,PIFL87,14,366,62.1,10,alive
2,PIFL,PIFL87,15,360,48.2,10,alive
2,PIFL,PIFL87,16,357,77.2,10,alive
2,PIFL,PIFL87,17,351,59.5,10,alive
2,PIFL,PIFL87,18,346,49.7,25,alive
2,PIFL,PIFL87,19,340,52.6,25,alive
2,PIFL,PIFL87,2,523,239.3,10,alive
2,PIFL,PIFL87,20,335,46.7,25,alive
2,PIFL,PIFL87,21,333,46.8,25,alive
2,PIFL,PIFL87,22,330,42.3,25,alive
2,PIFL,PIFL87,23,329,51.2,50,alive
2,PIFL,PIFL87,24,329,57.4,75,dead
2,PIFL,PIFL87,25,NA,NA,75,dead
2,PIFL,PIFL87,26,NA,NA,75,dead
2,PIFL,PIFL87,27,NA,NA,75,dead
2,PIFL,PIFL87,28,NA,NA,75,dead
2,PIFL,PIFL87,29,NA,NA,75,dead
2,PIFL,PIFL87,3,484,161.9,10,alive
2,PIFL,PIFL87,30,NA,NA,75,dead
2,PIFL,PIFL87,4,454,184.1,10,alive
2,PIFL,PIFL87,5,428,183.6,10,alive
2,PIFL,PIFL87,6,412,78.3,10,alive
2,PIFL,PIFL87,7,400,46.1,10,alive
2,PIFL,PIFL87,8,390,68.6,10,alive
2,PIFL,PIFL87,9,387,79.3,10,alive
2,PIFL,PIFL88,1,648,85,10,alive
2,PIFL,PIFL88,10,422,89.3,10,alive
2,PIFL,PIFL88,11,412,100.9,10,alive
2,PIFL,PIFL88,12,404,76.5,10,alive
2,PIFL,PIFL88,13,400,94,10,alive
2,PIFL,PIFL88,14,391,81,10,alive
2,PIFL,PIFL88,15,385,54.8,10,alive
2,PIFL,PIFL88,16,380,70.9,10,alive
2,PIFL,PIFL88,17,372,52.7,10,alive
2,PIFL,PIFL88,18,365,43.4,10,alive
2,PIFL,PIFL88,19,360,58.8,10,alive
2,PIFL,PIFL88,2,596,279.2,10,alive
2,PIFL,PIFL88,20,355,45,10,alive
2,PIFL,PIFL88,21,354,46.3,25,alive
2,PIFL,PIFL88,22,350,56.2,25,alive
2,PIFL,PIFL88,23,350,53.4,25,alive
2,PIFL,PIFL88,24,350,59.7,50,dead
2,PIFL,PIFL88,25,NA,NA,50,dead
2,PIFL,PIFL88,26,NA,NA,50,dead
2,PIFL,PIFL88,27,NA,NA,50,dead
2,PIFL,PIFL88,28,NA,NA,50,dead
2,PIFL,PIFL88,29,NA,NA,50,dead
2,PIFL,PIFL88,3,553,147,10,alive
2,PIFL,PIFL88,30,NA,NA,50,dead
2,PIFL,PIFL88,4,518,176.5,10,alive
2,PIFL,PIFL88,5,487,127.7,10,alive
2,PIFL,PIFL88,6,469,36.1,10,alive
2,PIFL,PIFL88,7,452,76.3,10,alive
2,PIFL,PIFL88,8,435,76.1,10,alive
2,PIFL,PIFL88,9,430,73.9,10,alive
2,PIFL,PIFL89,1,665,56.9,10,alive
2,PIFL,PIFL89,10,442,75.3,10,alive
2,PIFL,PIFL89,11,432,78.1,10,alive
2,PIFL,PIFL89,12,423,86.7,10,alive
2,PIFL,PIFL89,13,419,71,10,alive
2,PIFL,PIFL89,14,411,75.4,10,alive
2,PIFL,PIFL89,15,399,58.9,10,alive
2,PIFL,PIFL89,16,394,64.3,10,alive
2,PIFL,PIFL89,17,388,56.8,10,alive
2,PIFL,PIFL89,18,382,47.1,10,alive
2,PIFL,PIFL89,19,377,54.2,10,alive
2,PIFL,PIFL89,2,617,207.8,10,alive
2,PIFL,PIFL89,20,370,43.5,10,alive
2,PIFL,PIFL89,21,365,50.6,25,alive
2,PIFL,PIFL89,22,360,47.7,25,alive
2,PIFL,PIFL89,23,358,64.9,50,alive
2,PIFL,PIFL89,24,357,58.2,75,dead
2,PIFL,PIFL89,25,NA,NA,75,dead
2,PIFL,PIFL89,26,NA,NA,75,dead
2,PIFL,PIFL89,27,NA,NA,75,dead
2,PIFL,PIFL89,28,NA,NA,75,dead
2,PIFL,PIFL89,29,NA,NA,75,dead
2,PIFL,PIFL89,3,579,162,10,alive
2,PIFL,PIFL89,30,NA,NA,75,dead
2,PIFL,PIFL89,4,547,141.7,10,alive
2,PIFL,PIFL89,5,521,119.1,10,alive
2,PIFL,PIFL89,6,498,55.2,10,alive
2,PIFL,PIFL89,7,475,79,10,alive
2,PIFL,PIFL89,8,458,83,10,alive
2,PIFL,PIFL89,9,450,89.5,10,alive
2,PIFL,PIFL90,1,503,81.5,10,alive
2,PIFL,PIFL90,10,311,58.9,10,alive
2,PIFL,PIFL90,11,306,53.1,10,alive
2,PIFL,PIFL90,12,303,51.5,10,alive
2,PIFL,PIFL90,13,302,58.3,10,alive
2,PIFL,PIFL90,14,299,58.9,10,alive
2,PIFL,PIFL90,15,291,47.1,10,alive
2,PIFL,PIFL90,16,289,71.2,10,alive
2,PIFL,PIFL90,17,287,56.2,25,alive
2,PIFL,PIFL90,18,285,58.1,25,alive
2,PIFL,PIFL90,19,283,70.8,50,alive
2,PIFL,PIFL90,2,450,201.6,10,alive
2,PIFL,PIFL90,20,282,51.5,50,alive
2,PIFL,PIFL90,21,280,56.1,50,alive
2,PIFL,PIFL90,22,277,48.6,90,dead
2,PIFL,PIFL90,23,NA,NA,90,dead
2,PIFL,PIFL90,24,NA,NA,90,dead
2,PIFL,PIFL90,25,NA,NA,90,dead
2,PIFL,PIFL90,26,NA,NA,90,dead
2,PIFL,PIFL90,27,NA,NA,90,dead
2,PIFL,PIFL90,28,NA,NA,90,dead
2,PIFL,PIFL90,29,NA,NA,90,dead
2,PIFL,PIFL90,3,404,103,10,alive
2,PIFL,PIFL90,30,NA,NA,90,dead
2,PIFL,PIFL90,4,379,118.8,10,alive
2,PIFL,PIFL90,5,358,124.4,10,alive
2,PIFL,PIFL90,6,343,58.5,10,alive
2,PIFL,PIFL90,7,330,65.7,10,alive
2,PIFL,PIFL90,8,320,41.4,10,alive
2,PIFL,PIFL90,9,316,74.1,10,alive
2,PIFL,PIFL91,1,511,NA,10,alive
2,PIFL,PIFL91,10,315,NA,25,alive
2,PIFL,PIFL91,11,309,NA,25,alive
2,PIFL,PIFL91,12,307,NA,25,alive
2,PIFL,PIFL91,13,304,NA,25,alive
2,PIFL,PIFL91,14,301,NA,25,alive
2,PIFL,PIFL91,15,293,NA,25,alive
2,PIFL,PIFL91,16,291,NA,25,alive
2,PIFL,PIFL91,17,289,NA,25,alive
2,PIFL,PIFL91,18,287,NA,50,alive
2,PIFL,PIFL91,19,286,NA,75,alive
2,PIFL,PIFL91,2,450,NA,10,alive
2,PIFL,PIFL91,20,283,NA,75,alive
2,PIFL,PIFL91,21,283,NA,90,dead
2,PIFL,PIFL91,22,NA,NA,90,dead
2,PIFL,PIFL91,23,NA,NA,90,dead
2,PIFL,PIFL91,24,NA,NA,90,dead
2,PIFL,PIFL91,25,NA,NA,90,dead
2,PIFL,PIFL91,26,NA,NA,90,dead
2,PIFL,PIFL91,27,NA,NA,90,dead
2,PIFL,PIFL91,28,NA,NA,90,dead
2,PIFL,PIFL91,29,NA,NA,90,dead
2,PIFL,PIFL91,3,405,NA,10,alive
2,PIFL,PIFL91,30,NA,NA,90,dead
2,PIFL,PIFL91,4,376,NA,25,alive
2,PIFL,PIFL91,5,353,NA,25,alive
2,PIFL,PIFL91,6,342,NA,25,alive
2,PIFL,PIFL91,7,329,NA,25,alive
2,PIFL,PIFL91,8,322,NA,25,alive
2,PIFL,PIFL91,9,319,NA,25,alive
2,PIFL,PIFL92,1,579,NA,10,alive
2,PIFL,PIFL92,10,350,NA,50,alive
2,PIFL,PIFL92,11,340,NA,50,alive
2,PIFL,PIFL92,12,334,NA,50,alive
2,PIFL,PIFL92,13,331,NA,50,alive
2,PIFL,PIFL92,14,326,NA,50,alive
2,PIFL,PIFL92,15,318,NA,50,alive
2,PIFL,PIFL92,16,318,NA,50,alive
2,PIFL,PIFL92,17,317,NA,50,alive
2,PIFL,PIFL92,18,314,NA,50,alive
2,PIFL,PIFL92,19,312,NA,75,alive
2,PIFL,PIFL92,2,521,NA,10,alive
2,PIFL,PIFL92,20,310,NA,75,alive
2,PIFL,PIFL92,21,309,NA,90,dead
2,PIFL,PIFL92,22,NA,NA,90,dead
2,PIFL,PIFL92,23,NA,NA,90,dead
2,PIFL,PIFL92,24,NA,NA,90,dead
2,PIFL,PIFL92,25,NA,NA,90,dead
2,PIFL,PIFL92,26,NA,NA,90,dead
2,PIFL,PIFL92,27,NA,NA,90,dead
2,PIFL,PIFL92,28,NA,NA,90,dead
2,PIFL,PIFL92,29,NA,NA,90,dead
2,PIFL,PIFL92,3,475,NA,10,alive
2,PIFL,PIFL92,30,NA,NA,90,dead
2,PIFL,PIFL92,4,436,NA,10,alive
2,PIFL,PIFL92,5,403,NA,10,alive
2,PIFL,PIFL92,6,388,NA,25,alive
2,PIFL,PIFL92,7,372,NA,25,alive
2,PIFL,PIFL92,8,361,NA,25,alive
2,PIFL,PIFL92,9,356,NA,50,alive
2,PIFL,PIFL93,1,586,NA,10,alive
2,PIFL,PIFL93,10,384,NA,25,alive
2,PIFL,PIFL93,11,375,NA,25,alive
2,PIFL,PIFL93,12,369,NA,25,alive
2,PIFL,PIFL93,13,364,NA,25,alive
2,PIFL,PIFL93,14,357,NA,25,alive
2,PIFL,PIFL93,15,349,NA,25,alive
2,PIFL,PIFL93,16,345,NA,25,alive
2,PIFL,PIFL93,17,339,NA,25,alive
2,PIFL,PIFL93,18,331,NA,25,alive
2,PIFL,PIFL93,19,327,NA,25,alive
2,PIFL,PIFL93,2,538,NA,10,alive
2,PIFL,PIFL93,20,321,NA,25,alive
2,PIFL,PIFL93,21,320,NA,50,alive
2,PIFL,PIFL93,22,316,NA,75,alive
2,PIFL,PIFL93,23,316,NA,90,dead
2,PIFL,PIFL93,24,NA,NA,90,dead
2,PIFL,PIFL93,25,NA,NA,90,dead
2,PIFL,PIFL93,26,NA,NA,90,dead
2,PIFL,PIFL93,27,NA,NA,90,dead
2,PIFL,PIFL93,28,NA,NA,90,dead
2,PIFL,PIFL93,29,NA,NA,90,dead
2,PIFL,PIFL93,3,501,NA,10,alive
2,PIFL,PIFL93,30,NA,NA,90,dead
2,PIFL,PIFL93,4,469,NA,10,alive
2,PIFL,PIFL93,5,441,NA,10,alive
2,PIFL,PIFL93,6,425,NA,25,alive
2,PIFL,PIFL93,7,409,NA,25,alive
2,PIFL,PIFL93,8,395,NA,25,alive
2,PIFL,PIFL93,9,389,NA,25,alive
2,PIFL,PIFL94,1,604,NA,10,alive
2,PIFL,PIFL94,10,410,NA,25,alive
2,PIFL,PIFL94,11,400,NA,25,alive
2,PIFL,PIFL94,12,393,NA,25,alive
2,PIFL,PIFL94,13,388,NA,25,alive
2,PIFL,PIFL94,14,379,NA,25,alive
2,PIFL,PIFL94,15,369,NA,25,alive
2,PIFL,PIFL94,16,363,NA,25,alive
2,PIFL,PIFL94,17,354,NA,25,alive
2,PIFL,PIFL94,18,346,NA,25,alive
2,PIFL,PIFL94,19,341,NA,25,alive
2,PIFL,PIFL94,2,564,NA,10,alive
2,PIFL,PIFL94,20,337,NA,25,alive
2,PIFL,PIFL94,21,336,NA,50,alive
2,PIFL,PIFL94,22,333,NA,50,alive
2,PIFL,PIFL94,23,332,NA,75,alive
2,PIFL,PIFL94,24,331,NA,75,dead
2,PIFL,PIFL94,25,NA,NA,75,dead
2,PIFL,PIFL94,26,NA,NA,75,dead
2,PIFL,PIFL94,27,NA,NA,75,dead
2,PIFL,PIFL94,28,NA,NA,75,dead
2,PIFL,PIFL94,29,NA,NA,75,dead
2,PIFL,PIFL94,3,526,NA,10,alive
2,PIFL,PIFL94,30,NA,NA,75,dead
2,PIFL,PIFL94,4,496,NA,25,alive
2,PIFL,PIFL94,5,470,NA,25,alive
2,PIFL,PIFL94,6,451,NA,25,alive
2,PIFL,PIFL94,7,434,NA,25,alive
2,PIFL,PIFL94,8,422,NA,25,alive
2,PIFL,PIFL94,9,415,NA,25,alive
2,PIFL,PIFL95,1,508,NA,10,alive
2,PIFL,PIFL95,10,331,NA,50,alive
2,PIFL,PIFL95,11,324,NA,50,alive
2,PIFL,PIFL95,12,323,NA,50,alive
2,PIFL,PIFL95,13,322,NA,50,alive
2,PIFL,PIFL95,14,321,NA,50,alive
2,PIFL,PIFL95,15,316,NA,50,alive
2,PIFL,PIFL95,16,316,NA,50,alive
2,PIFL,PIFL95,17,314,NA,75,alive
2,PIFL,PIFL95,18,312,NA,75,alive
2,PIFL,PIFL95,19,311,NA,75,alive
2,PIFL,PIFL95,2,460,NA,10,alive
2,PIFL,PIFL95,20,308,NA,75,alive
2,PIFL,PIFL95,21,308,NA,100,dead
2,PIFL,PIFL95,22,NA,NA,100,dead
2,PIFL,PIFL95,23,NA,NA,100,dead
2,PIFL,PIFL95,24,NA,NA,100,dead
2,PIFL,PIFL95,25,NA,NA,100,dead
2,PIFL,PIFL95,26,NA,NA,100,dead
2,PIFL,PIFL95,27,NA,NA,100,dead
2,PIFL,PIFL95,28,NA,NA,100,dead
2,PIFL,PIFL95,29,NA,NA,100,dead
2,PIFL,PIFL95,3,423,NA,10,alive
2,PIFL,PIFL95,30,NA,NA,100,dead
2,PIFL,PIFL95,4,399,NA,25,alive
2,PIFL,PIFL95,5,576,NA,25,alive
2,PIFL,PIFL95,6,358,NA,25,alive
2,PIFL,PIFL95,7,343,NA,25,alive
2,PIFL,PIFL95,8,337,NA,25,alive
2,PIFL,PIFL95,9,333,NA,50,alive
2,PIFL,PIFL96,1,531,NA,10,alive
2,PIFL,PIFL96,10,349,NA,50,alive
2,PIFL,PIFL96,11,341,NA,50,alive
2,PIFL,PIFL96,12,335,NA,50,alive
2,PIFL,PIFL96,13,330,NA,50,alive
2,PIFL,PIFL96,14,325,NA,50,alive
2,PIFL,PIFL96,15,315,NA,50,alive
2,PIFL,PIFL96,16,305,NA,50,alive
2,PIFL,PIFL96,17,294,NA,50,alive
2,PIFL,PIFL96,18,285,NA,50,alive
2,PIFL,PIFL96,19,278,NA,50,alive
2,PIFL,PIFL96,2,489,NA,10,alive
2,PIFL,PIFL96,20,268,NA,50,alive
2,PIFL,PIFL96,21,266,NA,50,alive
2,PIFL,PIFL96,22,264,NA,75,alive
2,PIFL,PIFL96,23,263,NA,75,alive
2,PIFL,PIFL96,24,263,NA,90,dead
2,PIFL,PIFL96,25,NA,NA,90,dead
2,PIFL,PIFL96,26,NA,NA,90,dead
2,PIFL,PIFL96,27,NA,NA,90,dead
2,PIFL,PIFL96,28,NA,NA,90,dead
2,PIFL,PIFL96,29,NA,NA,90,dead
2,PIFL,PIFL96,3,453,NA,10,alive
2,PIFL,PIFL96,30,NA,NA,90,dead
2,PIFL,PIFL96,4,426,NA,25,alive
2,PIFL,PIFL96,5,404,NA,25,alive
2,PIFL,PIFL96,6,385,NA,25,alive
2,PIFL,PIFL96,7,370,NA,50,alive
2,PIFL,PIFL96,8,360,NA,50,alive
2,PIFL,PIFL96,9,354,NA,50,alive
2,PIFL,PIFL97,1,617,NA,10,alive
2,PIFL,PIFL97,10,385,NA,25,alive
2,PIFL,PIFL97,11,377,NA,25,alive
2,PIFL,PIFL97,12,372,NA,25,alive
2,PIFL,PIFL97,13,368,NA,25,alive
2,PIFL,PIFL97,14,364,NA,25,alive
2,PIFL,PIFL97,15,353,NA,25,alive
2,PIFL,PIFL97,16,349,NA,25,alive
2,PIFL,PIFL97,17,345,NA,25,alive
2,PIFL,PIFL97,18,342,NA,50,alive
2,PIFL,PIFL97,19,340,NA,75,alive
2,PIFL,PIFL97,2,560,NA,10,alive
2,PIFL,PIFL97,20,338,NA,75,alive
2,PIFL,PIFL97,21,337,NA,90,dead
2,PIFL,PIFL97,22,NA,NA,90,dead
2,PIFL,PIFL97,23,NA,NA,90,dead
2,PIFL,PIFL97,24,NA,NA,90,dead
2,PIFL,PIFL97,25,NA,NA,90,dead
2,PIFL,PIFL97,26,NA,NA,90,dead
2,PIFL,PIFL97,27,NA,NA,90,dead
2,PIFL,PIFL97,28,NA,NA,90,dead
2,PIFL,PIFL97,29,NA,NA,90,dead
2,PIFL,PIFL97,3,519,NA,10,alive
2,PIFL,PIFL97,30,NA,NA,90,dead
2,PIFL,PIFL97,4,477,NA,10,alive
2,PIFL,PIFL97,5,447,NA,10,alive
2,PIFL,PIFL97,6,428,NA,25,alive
2,PIFL,PIFL97,7,410,NA,25,alive
2,PIFL,PIFL97,8,397,NA,25,alive
2,PIFL,PIFL97,9,391,NA,25,alive
2,PIFL,PIFL98,1,644,NA,10,alive
2,PIFL,PIFL98,10,400,NA,25,alive
2,PIFL,PIFL98,11,388,NA,25,alive
2,PIFL,PIFL98,12,380,NA,25,alive
2,PIFL,PIFL98,13,373,NA,25,alive
2,PIFL,PIFL98,14,367,NA,25,alive
2,PIFL,PIFL98,15,358,NA,25,alive
2,PIFL,PIFL98,16,350,NA,25,alive
2,PIFL,PIFL98,17,344,NA,25,alive
2,PIFL,PIFL98,18,340,NA,50,alive
2,PIFL,PIFL98,19,337,NA,75,alive
2,PIFL,PIFL98,2,592,NA,10,alive
2,PIFL,PIFL98,20,335,NA,75,alive
2,PIFL,PIFL98,21,334,NA,90,dead
2,PIFL,PIFL98,22,NA,NA,90,dead
2,PIFL,PIFL98,23,NA,NA,90,dead
2,PIFL,PIFL98,24,NA,NA,90,dead
2,PIFL,PIFL98,25,NA,NA,90,dead
2,PIFL,PIFL98,26,NA,NA,90,dead
2,PIFL,PIFL98,27,NA,NA,90,dead
2,PIFL,PIFL98,28,NA,NA,90,dead
2,PIFL,PIFL98,29,NA,NA,90,dead
2,PIFL,PIFL98,3,553,NA,10,alive
2,PIFL,PIFL98,30,NA,NA,90,dead
2,PIFL,PIFL98,4,517,NA,25,alive
2,PIFL,PIFL98,5,485,NA,25,alive
2,PIFL,PIFL98,6,460,NA,25,alive
2,PIFL,PIFL98,7,436,NA,25,alive
2,PIFL,PIFL98,8,418,NA,25,alive
2,PIFL,PIFL98,9,411,NA,25,alive
2,PIFL,PIFL99,1,554,NA,10,alive
2,PIFL,PIFL99,10,341,NA,25,alive
2,PIFL,PIFL99,11,337,NA,25,alive
2,PIFL,PIFL99,12,335,NA,25,alive
2,PIFL,PIFL99,13,334,NA,25,alive
2,PIFL,PIFL99,14,331,NA,25,alive
2,PIFL,PIFL99,15,326,NA,25,alive
2,PIFL,PIFL99,16,325,NA,25,alive
2,PIFL,PIFL99,17,325,NA,25,alive
2,PIFL,PIFL99,18,323,NA,50,alive
2,PIFL,PIFL99,19,321,NA,75,alive
2,PIFL,PIFL99,2,495,NA,10,alive
2,PIFL,PIFL99,20,319,NA,75,alive
2,PIFL,PIFL99,21,318,NA,90,dead
2,PIFL,PIFL99,22,NA,NA,90,dead
2,PIFL,PIFL99,23,NA,NA,90,dead
2,PIFL,PIFL99,24,NA,NA,90,dead
2,PIFL,PIFL99,25,NA,NA,90,dead
2,PIFL,PIFL99,26,NA,NA,90,dead
2,PIFL,PIFL99,27,NA,NA,90,dead
2,PIFL,PIFL99,28,NA,NA,90,dead
2,PIFL,PIFL99,29,NA,NA,90,dead
2,PIFL,PIFL99,3,451,NA,10,alive
2,PIFL,PIFL99,30,NA,NA,90,dead
2,PIFL,PIFL99,4,420,NA,10,alive
2,PIFL,PIFL99,5,385,NA,10,alive
2,PIFL,PIFL99,6,367,NA,25,alive
2,PIFL,PIFL99,7,354,NA,25,alive
2,PIFL,PIFL99,8,347,NA,25,alive
2,PIFL,PIFL99,9,345,NA,25,alive
