Phase,Species,SpeciesID,Week,Weight_g,Porometer,PercentBrown,Dead
1,PIPO,PIPO01,1.0,587,140.6,10,alive
1,PIPO,PIPO01,1.5,NA,NA,10,alive
1,PIPO,PIPO01,10.0,480,213.2,25,alive
1,PIPO,PIPO01,10.5,NA,NA,25,alive
1,PIPO,PIPO01,11.0,489,147,25,alive
1,PIPO,PIPO01,11.5,NA,NA,25,alive
1,PIPO,PIPO01,12.0,409,149.9,25,alive
1,PIPO,PIPO01,12.5,NA,NA,25,alive
1,PIPO,PIPO01,13.0,443,96.5,10,alive
1,PIPO,PIPO01,13.5,NA,NA,10,alive
1,PIPO,PIPO01,14.0,357,226.1,10,alive
1,PIPO,PIPO01,14.5,NA,NA,10,alive
1,PIPO,PIPO01,15.0,426,120,10,alive
1,PIPO,PIPO01,15.5,NA,NA,10,alive
1,PIPO,PIPO01,16.0,339,86.8,25,alive
1,PIPO,PIPO01,2.0,583,218.4,10,alive
1,PIPO,PIPO01,2.5,NA,NA,10,alive
1,PIPO,PIPO01,3.0,533,244.3,25,alive
1,PIPO,PIPO01,3.5,NA,NA,10,alive
1,PIPO,PIPO01,4.0,465,NA,10,alive
1,PIPO,PIPO01,4.5,NA,NA,10,alive
1,PIPO,PIPO01,5.0,499,234.8,10,alive
1,PIPO,PIPO01,5.5,NA,NA,25,alive
1,PIPO,PIPO01,6.0,449,142.3,10,alive
1,PIPO,PIPO01,6.5,NA,NA,25,alive
1,PIPO,PIPO01,7.0,522,117.9,10,alive
1,PIPO,PIPO01,7.5,NA,NA,25,alive
1,PIPO,PIPO01,8.0,425,152.9,25,alive
1,PIPO,PIPO01,8.5,NA,NA,25,alive
1,PIPO,PIPO01,9.0,485,87.3,25,alive
1,PIPO,PIPO01,9.5,NA,NA,NA,alive
1,PIPO,PIPO02,1.0,739,85.4,25,alive
1,PIPO,PIPO02,1.5,NA,NA,25,alive
1,PIPO,PIPO02,10.0,582,48,10,alive
1,PIPO,PIPO02,10.5,NA,NA,10,alive
1,PIPO,PIPO02,11.0,596,59.4,10,alive
1,PIPO,PIPO02,11.5,NA,NA,10,alive
1,PIPO,PIPO02,12.0,510,51.2,10,alive
1,PIPO,PIPO02,12.5,NA,NA,10,alive
1,PIPO,PIPO02,13.0,539,41.3,10,alive
1,PIPO,PIPO02,13.5,NA,NA,10,alive
1,PIPO,PIPO02,14.0,466,62,10,alive
1,PIPO,PIPO02,14.5,NA,NA,10,alive
1,PIPO,PIPO02,15.0,543,53.2,10,alive
1,PIPO,PIPO02,15.5,NA,NA,10,alive
1,PIPO,PIPO02,16.0,472,60.8,10,alive
1,PIPO,PIPO02,2.0,733,105.5,25,alive
1,PIPO,PIPO02,2.5,NA,NA,25,alive
1,PIPO,PIPO02,3.0,697,110.5,25,alive
1,PIPO,PIPO02,3.5,NA,NA,25,alive
1,PIPO,PIPO02,4.0,651,NA,25,alive
1,PIPO,PIPO02,4.5,NA,NA,25,alive
1,PIPO,PIPO02,5.0,671,119.4,25,alive
1,PIPO,PIPO02,5.5,NA,NA,25,alive
1,PIPO,PIPO02,6.0,625,72.1,10,alive
1,PIPO,PIPO02,6.5,NA,NA,25,alive
1,PIPO,PIPO02,7.0,663,62.1,10,alive
1,PIPO,PIPO02,7.5,NA,NA,25,alive
1,PIPO,PIPO02,8.0,574,89.8,25,alive
1,PIPO,PIPO02,8.5,NA,NA,25,alive
1,PIPO,PIPO02,9.0,610,81,25,alive
1,PIPO,PIPO02,9.5,NA,NA,NA,alive
1,PIPO,PIPO03,1.0,756,NA,10,alive
1,PIPO,PIPO03,1.5,NA,NA,10,alive
1,PIPO,PIPO03,10.0,624,NA,10,alive
1,PIPO,PIPO03,10.5,NA,NA,25,alive
1,PIPO,PIPO03,11.0,632,NA,25,alive
1,PIPO,PIPO03,11.5,NA,NA,25,alive
1,PIPO,PIPO03,12.0,546,NA,25,alive
1,PIPO,PIPO03,12.5,NA,NA,25,alive
1,PIPO,PIPO03,13.0,581,NA,75,alive
1,PIPO,PIPO03,13.5,NA,NA,90,dead
1,PIPO,PIPO03,14.0,514,NA,90,dead
1,PIPO,PIPO03,14.5,NA,NA,90,dead
1,PIPO,PIPO03,15.0,586,NA,90,dead
1,PIPO,PIPO03,15.5,NA,NA,90,dead
1,PIPO,PIPO03,16.0,508,NA,90,dead
1,PIPO,PIPO03,2.0,753,NA,10,alive
1,PIPO,PIPO03,2.5,NA,NA,10,alive
1,PIPO,PIPO03,3.0,730,NA,10,alive
1,PIPO,PIPO03,3.5,NA,NA,10,alive
1,PIPO,PIPO03,4.0,697,NA,10,alive
1,PIPO,PIPO03,4.5,NA,NA,10,alive
1,PIPO,PIPO03,5.0,715,NA,10,alive
1,PIPO,PIPO03,5.5,NA,NA,25,alive
1,PIPO,PIPO03,6.0,674,NA,25,alive
1,PIPO,PIPO03,6.5,NA,NA,25,alive
1,PIPO,PIPO03,7.0,674,NA,10,alive
1,PIPO,PIPO03,7.5,NA,NA,25,alive
1,PIPO,PIPO03,8.0,565,NA,25,alive
1,PIPO,PIPO03,8.5,NA,NA,25,alive
1,PIPO,PIPO03,9.0,618,NA,25,alive
1,PIPO,PIPO03,9.5,NA,NA,NA,alive
1,PIPO,PIPO04,1.0,687,88,10,alive
1,PIPO,PIPO04,1.5,NA,NA,10,alive
1,PIPO,PIPO04,10.0,333,45.7,75,dead
1,PIPO,PIPO04,10.5,NA,NA,75,dead
1,PIPO,PIPO04,11.0,330,62,90,dead
1,PIPO,PIPO04,11.5,NA,NA,90,dead
1,PIPO,PIPO04,12.0,327,59.8,75,dead
1,PIPO,PIPO04,12.5,NA,NA,90,dead
1,PIPO,PIPO04,13.0,324,36.8,90,dead
1,PIPO,PIPO04,13.5,NA,NA,90,dead
1,PIPO,PIPO04,14.0,NA,NA,NA,dead
1,PIPO,PIPO04,14.5,NA,NA,NA,dead
1,PIPO,PIPO04,15.0,NA,NA,NA,dead
1,PIPO,PIPO04,15.5,NA,NA,NA,dead
1,PIPO,PIPO04,16.0,NA,NA,NA,dead
1,PIPO,PIPO04,2.0,645,205.3,10,alive
1,PIPO,PIPO04,2.5,NA,NA,10,alive
1,PIPO,PIPO04,3.0,595,282.4,10,alive
1,PIPO,PIPO04,3.5,NA,NA,25,alive
1,PIPO,PIPO04,4.0,524,206.9,25,alive
1,PIPO,PIPO04,4.5,NA,NA,25,alive
1,PIPO,PIPO04,5.0,449,248.2,50,alive
1,PIPO,PIPO04,5.5,NA,NA,50,alive
1,PIPO,PIPO04,6.0,418,82,50,alive
1,PIPO,PIPO04,6.5,NA,NA,50,alive
1,PIPO,PIPO04,7.0,385,63.7,25,alive
1,PIPO,PIPO04,7.5,NA,NA,75,alive
1,PIPO,PIPO04,8.0,361,45.4,75,alive
1,PIPO,PIPO04,8.5,NA,NA,75,alive
1,PIPO,PIPO04,9.0,343,49.5,75,alive
1,PIPO,PIPO04,9.5,NA,NA,NA,NA
1,PIPO,PIPO05,1.0,771,95.5,10,alive
1,PIPO,PIPO05,1.5,NA,NA,10,alive
1,PIPO,PIPO05,10.0,450,NA,90,dead
1,PIPO,PIPO05,10.5,NA,NA,90,dead
1,PIPO,PIPO05,11.0,426,NA,90,dead
1,PIPO,PIPO05,11.5,NA,NA,90,dead
1,PIPO,PIPO05,12.0,412,NA,90,dead
1,PIPO,PIPO05,12.5,NA,NA,90,dead
1,PIPO,PIPO05,13.0,397,NA,90,dead
1,PIPO,PIPO05,13.5,NA,NA,90,dead
1,PIPO,PIPO05,14.0,NA,NA,NA,dead
1,PIPO,PIPO05,14.5,NA,NA,NA,dead
1,PIPO,PIPO05,15.0,NA,NA,NA,dead
1,PIPO,PIPO05,15.5,NA,NA,NA,dead
1,PIPO,PIPO05,16.0,NA,NA,NA,dead
1,PIPO,PIPO05,2.0,743,54.7,10,alive
1,PIPO,PIPO05,2.5,NA,NA,10,alive
1,PIPO,PIPO05,3.0,714,99.6,10,alive
1,PIPO,PIPO05,3.5,NA,NA,10,alive
1,PIPO,PIPO05,4.0,681,96.1,10,alive
1,PIPO,PIPO05,4.5,NA,NA,10,alive
1,PIPO,PIPO05,5.0,636,74.4,10,alive
1,PIPO,PIPO05,5.5,NA,NA,10,alive
1,PIPO,PIPO05,6.0,595,78.7,25,alive
1,PIPO,PIPO05,6.5,NA,NA,75,alive
1,PIPO,PIPO05,7.0,528,72.8,75,alive
1,PIPO,PIPO05,7.5,NA,NA,90,alive
1,PIPO,PIPO05,8.0,495,48.6,90,alive
1,PIPO,PIPO05,8.5,NA,NA,90,alive
1,PIPO,PIPO05,9.0,474,56.7,90,alive
1,PIPO,PIPO05,9.5,NA,NA,NA,NA
1,PIPO,PIPO06,1.0,740,NA,10,alive
1,PIPO,PIPO06,1.5,NA,NA,10,alive
1,PIPO,PIPO06,10.0,437,NA,90,dead
1,PIPO,PIPO06,10.5,NA,NA,90,dead
1,PIPO,PIPO06,11.0,416,NA,90,dead
1,PIPO,PIPO06,11.5,NA,NA,90,dead
1,PIPO,PIPO06,12.0,400,NA,90,dead
1,PIPO,PIPO06,12.5,NA,NA,90,dead
1,PIPO,PIPO06,13.0,365,NA,90,dead
1,PIPO,PIPO06,13.5,NA,NA,90,dead
1,PIPO,PIPO06,14.0,NA,NA,NA,dead
1,PIPO,PIPO06,14.5,NA,NA,NA,dead
1,PIPO,PIPO06,15.0,NA,NA,NA,dead
1,PIPO,PIPO06,15.5,NA,NA,NA,dead
1,PIPO,PIPO06,16.0,NA,NA,NA,dead
1,PIPO,PIPO06,2.0,717,NA,10,alive
1,PIPO,PIPO06,2.5,NA,NA,10,alive
1,PIPO,PIPO06,3.0,697,NA,10,alive
1,PIPO,PIPO06,3.5,NA,NA,10,alive
1,PIPO,PIPO06,4.0,671,NA,10,alive
1,PIPO,PIPO06,4.5,NA,NA,25,alive
1,PIPO,PIPO06,5.0,645,NA,10,alive
1,PIPO,PIPO06,5.5,NA,NA,50,alive
1,PIPO,PIPO06,6.0,619,NA,75,alive
1,PIPO,PIPO06,6.5,NA,NA,90,dead
1,PIPO,PIPO06,7.0,576,NA,90,dead
1,PIPO,PIPO06,7.5,NA,NA,90,dead
1,PIPO,PIPO06,8.0,496,NA,90,dead
1,PIPO,PIPO06,8.5,NA,NA,90,dead
1,PIPO,PIPO06,9.0,469,NA,90,dead
1,PIPO,PIPO06,9.5,NA,NA,NA,dead
1,PIPO,PIPO07,1.0,784,NA,10,alive
1,PIPO,PIPO07,1.5,NA,NA,10,alive
1,PIPO,PIPO07,10.0,407,NA,75,dead
1,PIPO,PIPO07,10.5,NA,NA,75,dead
1,PIPO,PIPO07,11.0,400,NA,75,dead
1,PIPO,PIPO07,11.5,NA,NA,90,dead
1,PIPO,PIPO07,12.0,398,NA,75,dead
1,PIPO,PIPO07,12.5,NA,NA,90,dead
1,PIPO,PIPO07,13.0,395,NA,75,dead
1,PIPO,PIPO07,13.5,NA,NA,90,dead
1,PIPO,PIPO07,14.0,NA,NA,NA,dead
1,PIPO,PIPO07,14.5,NA,NA,NA,dead
1,PIPO,PIPO07,15.0,NA,NA,NA,dead
1,PIPO,PIPO07,15.5,NA,NA,NA,dead
1,PIPO,PIPO07,16.0,NA,NA,NA,dead
1,PIPO,PIPO07,2.0,743,NA,10,alive
1,PIPO,PIPO07,2.5,NA,NA,10,alive
1,PIPO,PIPO07,3.0,693,NA,10,alive
1,PIPO,PIPO07,3.5,NA,NA,25,alive
1,PIPO,PIPO07,4.0,620,NA,25,alive
1,PIPO,PIPO07,4.5,NA,NA,25,alive
1,PIPO,PIPO07,5.0,531,NA,25,alive
1,PIPO,PIPO07,5.5,NA,NA,50,alive
1,PIPO,PIPO07,6.0,497,NA,25,alive
1,PIPO,PIPO07,6.5,NA,NA,25,alive
1,PIPO,PIPO07,7.0,466,NA,10,alive
1,PIPO,PIPO07,7.5,NA,NA,25,alive
1,PIPO,PIPO07,8.0,437,NA,25,alive
1,PIPO,PIPO07,8.5,NA,NA,25,alive
1,PIPO,PIPO07,9.0,419,NA,25,alive
1,PIPO,PIPO07,9.5,NA,NA,NA,NA
1,PIPO,PIPO08,1.0,690,114.6,10,alive
1,PIPO,PIPO08,1.5,NA,NA,10,alive
1,PIPO,PIPO08,10.0,328,54.8,50,dead
1,PIPO,PIPO08,10.5,NA,NA,50,dead
1,PIPO,PIPO08,11.0,323,67,50,dead
1,PIPO,PIPO08,11.5,NA,NA,50,dead
1,PIPO,PIPO08,12.0,322,52.7,50,dead
1,PIPO,PIPO08,12.5,NA,NA,75,dead
1,PIPO,PIPO08,13.0,320,43.2,50,dead
1,PIPO,PIPO08,13.5,NA,NA,75,dead
1,PIPO,PIPO08,14.0,NA,NA,NA,dead
1,PIPO,PIPO08,14.5,NA,NA,NA,dead
1,PIPO,PIPO08,15.0,NA,NA,NA,dead
1,PIPO,PIPO08,15.5,NA,NA,NA,dead
1,PIPO,PIPO08,16.0,NA,NA,NA,dead
1,PIPO,PIPO08,2.0,649,225.4,10,alive
1,PIPO,PIPO08,2.5,NA,NA,10,alive
1,PIPO,PIPO08,3.0,583,247.4,10,alive
1,PIPO,PIPO08,3.5,NA,NA,25,alive
1,PIPO,PIPO08,4.0,517,360.8,25,alive
1,PIPO,PIPO08,4.5,NA,NA,25,alive
1,PIPO,PIPO08,5.0,459,264.2,25,alive
1,PIPO,PIPO08,5.5,NA,NA,25,alive
1,PIPO,PIPO08,6.0,432,72.2,50,alive
1,PIPO,PIPO08,6.5,NA,NA,50,alive
1,PIPO,PIPO08,7.0,411,58.4,25,alive
1,PIPO,PIPO08,7.5,NA,NA,50,alive
1,PIPO,PIPO08,8.0,364,40.9,25,alive
1,PIPO,PIPO08,8.5,NA,NA,25,alive
1,PIPO,PIPO08,9.0,345,51,25,alive
1,PIPO,PIPO08,9.5,NA,NA,NA,NA
1,PIPO,PIPO09,1.0,660,NA,10,alive
1,PIPO,PIPO09,1.5,NA,NA,10,alive
1,PIPO,PIPO09,10.0,541,NA,10,alive
1,PIPO,PIPO09,10.5,NA,NA,25,alive
1,PIPO,PIPO09,11.0,554,NA,10,alive
1,PIPO,PIPO09,11.5,NA,NA,25,alive
1,PIPO,PIPO09,12.0,475,NA,25,alive
1,PIPO,PIPO09,12.5,NA,NA,25,alive
1,PIPO,PIPO09,13.0,521,NA,10,alive
1,PIPO,PIPO09,13.5,NA,NA,10,alive
1,PIPO,PIPO09,14.0,439,NA,25,alive
1,PIPO,PIPO09,14.5,NA,NA,25,alive
1,PIPO,PIPO09,15.0,499,NA,25,alive
1,PIPO,PIPO09,15.5,NA,NA,25,alive
1,PIPO,PIPO09,16.0,425,NA,10,alive
1,PIPO,PIPO09,2.0,664,NA,10,alive
1,PIPO,PIPO09,2.5,NA,NA,10,alive
1,PIPO,PIPO09,3.0,635,NA,10,alive
1,PIPO,PIPO09,3.5,NA,NA,10,alive
1,PIPO,PIPO09,4.0,599,NA,10,alive
1,PIPO,PIPO09,4.5,NA,NA,10,alive
1,PIPO,PIPO09,5.0,611,NA,10,alive
1,PIPO,PIPO09,5.5,NA,NA,10,alive
1,PIPO,PIPO09,6.0,571,NA,10,alive
1,PIPO,PIPO09,6.5,NA,NA,25,alive
1,PIPO,PIPO09,7.0,581,NA,10,alive
1,PIPO,PIPO09,7.5,NA,NA,25,alive
1,PIPO,PIPO09,8.0,504,NA,10,alive
1,PIPO,PIPO09,8.5,NA,NA,10,alive
1,PIPO,PIPO09,9.0,537,NA,10,alive
1,PIPO,PIPO09,9.5,NA,NA,NA,alive
1,PIPO,PIPO10,1.0,652,NA,10,alive
1,PIPO,PIPO10,1.5,NA,NA,10,alive
1,PIPO,PIPO10,10.0,323,NA,25,dead
1,PIPO,PIPO10,10.5,NA,NA,50,dead
1,PIPO,PIPO10,11.0,321,NA,50,dead
1,PIPO,PIPO10,11.5,NA,NA,50,dead
1,PIPO,PIPO10,12.0,320,NA,50,dead
1,PIPO,PIPO10,12.5,NA,NA,50,dead
1,PIPO,PIPO10,13.0,319,NA,50,dead
1,PIPO,PIPO10,13.5,NA,NA,50,dead
1,PIPO,PIPO10,14.0,NA,NA,NA,dead
1,PIPO,PIPO10,14.5,NA,NA,NA,dead
1,PIPO,PIPO10,15.0,NA,NA,NA,dead
1,PIPO,PIPO10,15.5,NA,NA,NA,dead
1,PIPO,PIPO10,16.0,NA,NA,NA,dead
1,PIPO,PIPO10,2.0,616,NA,10,alive
1,PIPO,PIPO10,2.5,NA,NA,10,alive
1,PIPO,PIPO10,3.0,578,NA,10,alive
1,PIPO,PIPO10,3.5,NA,NA,10,alive
1,PIPO,PIPO10,4.0,525,NA,10,alive
1,PIPO,PIPO10,4.5,NA,NA,10,alive
1,PIPO,PIPO10,5.0,459,NA,10,alive
1,PIPO,PIPO10,5.5,NA,NA,10,alive
1,PIPO,PIPO10,6.0,430,NA,10,alive
1,PIPO,PIPO10,6.5,NA,NA,25,alive
1,PIPO,PIPO10,7.0,403,NA,10,alive
1,PIPO,PIPO10,7.5,NA,NA,25,alive
1,PIPO,PIPO10,8.0,358,NA,25,alive
1,PIPO,PIPO10,8.5,NA,NA,10,alive
1,PIPO,PIPO10,9.0,334,NA,10,alive
1,PIPO,PIPO10,9.5,NA,NA,NA,NA
1,PIPO,PIPO11,1.0,650,214.6,10,alive
1,PIPO,PIPO11,1.5,NA,NA,10,alive
1,PIPO,PIPO11,10.0,345,45.8,25,alive
1,PIPO,PIPO11,10.5,NA,NA,75,alive
1,PIPO,PIPO11,11.0,323,53.1,75,alive
1,PIPO,PIPO11,11.5,NA,NA,75,alive
1,PIPO,PIPO11,12.0,313,55.4,75,dead
1,PIPO,PIPO11,12.5,NA,NA,75,dead
1,PIPO,PIPO11,13.0,311,45.2,75,dead
1,PIPO,PIPO11,13.5,NA,NA,75,dead
1,PIPO,PIPO11,14.0,311,64.8,75,dead
1,PIPO,PIPO11,14.5,NA,NA,NA,dead
1,PIPO,PIPO11,15.0,NA,NA,NA,dead
1,PIPO,PIPO11,15.5,NA,NA,NA,dead
1,PIPO,PIPO11,16.0,NA,NA,NA,dead
1,PIPO,PIPO11,2.0,616,95.6,10,alive
1,PIPO,PIPO11,2.5,NA,NA,10,alive
1,PIPO,PIPO11,3.0,582,79.8,10,alive
1,PIPO,PIPO11,3.5,NA,NA,10,alive
1,PIPO,PIPO11,4.0,537,147.2,10,alive
1,PIPO,PIPO11,4.5,NA,NA,25,alive
1,PIPO,PIPO11,5.0,477,103.7,25,alive
1,PIPO,PIPO11,5.5,NA,NA,25,alive
1,PIPO,PIPO11,6.0,441,78.8,25,alive
1,PIPO,PIPO11,6.5,NA,NA,25,alive
1,PIPO,PIPO11,7.0,416,80.3,25,alive
1,PIPO,PIPO11,7.5,NA,NA,25,alive
1,PIPO,PIPO11,8.0,382,68.3,25,alive
1,PIPO,PIPO11,8.5,NA,NA,25,alive
1,PIPO,PIPO11,9.0,364,51.4,25,alive
1,PIPO,PIPO11,9.5,NA,NA,NA,alive
1,PIPO,PIPO12,1.0,703,199,10,alive
1,PIPO,PIPO12,1.5,NA,NA,10,alive
1,PIPO,PIPO12,10.0,356,53.1,75,alive
1,PIPO,PIPO12,10.5,NA,NA,75,dead
1,PIPO,PIPO12,11.0,350,63.3,75,dead
1,PIPO,PIPO12,11.5,NA,NA,75,dead
1,PIPO,PIPO12,12.0,349,58.6,75,dead
1,PIPO,PIPO12,12.5,NA,NA,90,dead
1,PIPO,PIPO12,13.0,346,44.1,90,dead
1,PIPO,PIPO12,13.5,NA,NA,90,dead
1,PIPO,PIPO12,14.0,NA,NA,NA,dead
1,PIPO,PIPO12,14.5,NA,NA,NA,dead
1,PIPO,PIPO12,15.0,NA,NA,NA,dead
1,PIPO,PIPO12,15.5,NA,NA,NA,dead
1,PIPO,PIPO12,16.0,NA,NA,NA,dead
1,PIPO,PIPO12,2.0,663,225.3,10,alive
1,PIPO,PIPO12,2.5,NA,NA,25,alive
1,PIPO,PIPO12,3.0,614,141.6,25,alive
1,PIPO,PIPO12,3.5,NA,NA,25,alive
1,PIPO,PIPO12,4.0,552,408.5,25,alive
1,PIPO,PIPO12,4.5,NA,NA,25,alive
1,PIPO,PIPO12,5.0,477,198.5,25,alive
1,PIPO,PIPO12,5.5,NA,NA,25,alive
1,PIPO,PIPO12,6.0,451,111.9,50,alive
1,PIPO,PIPO12,6.5,NA,NA,50,alive
1,PIPO,PIPO12,7.0,421,131.4,25,alive
1,PIPO,PIPO12,7.5,NA,NA,50,alive
1,PIPO,PIPO12,8.0,389,51.2,50,alive
1,PIPO,PIPO12,8.5,NA,NA,50,alive
1,PIPO,PIPO12,9.0,377,53.5,50,alive
1,PIPO,PIPO12,9.5,NA,NA,NA,alive
1,PIPO,PIPO13,1.0,753,NA,75,alive
1,PIPO,PIPO13,1.5,NA,NA,50,alive
1,PIPO,PIPO13,10.0,407,NA,90,dead
1,PIPO,PIPO13,10.5,NA,NA,90,dead
1,PIPO,PIPO13,11.0,390,NA,90,dead
1,PIPO,PIPO13,11.5,NA,NA,90,dead
1,PIPO,PIPO13,12.0,377,NA,90,dead
1,PIPO,PIPO13,12.5,NA,NA,90,dead
1,PIPO,PIPO13,13.0,361,NA,90,dead
1,PIPO,PIPO13,13.5,NA,NA,90,dead
1,PIPO,PIPO13,14.0,NA,NA,NA,dead
1,PIPO,PIPO13,14.5,NA,NA,NA,dead
1,PIPO,PIPO13,15.0,NA,NA,NA,dead
1,PIPO,PIPO13,15.5,NA,NA,NA,dead
1,PIPO,PIPO13,16.0,NA,NA,NA,dead
1,PIPO,PIPO13,2.0,727,NA,50,alive
1,PIPO,PIPO13,2.5,NA,NA,50,alive
1,PIPO,PIPO13,3.0,703,NA,50,alive
1,PIPO,PIPO13,3.5,NA,NA,75,alive
1,PIPO,PIPO13,4.0,665,NA,75,alive
1,PIPO,PIPO13,4.5,NA,NA,90,dead
1,PIPO,PIPO13,5.0,631,NA,90,dead
1,PIPO,PIPO13,5.5,NA,NA,90,dead
1,PIPO,PIPO13,6.0,590,NA,90,dead
1,PIPO,PIPO13,6.5,NA,NA,90,dead
1,PIPO,PIPO13,7.0,549,NA,90,dead
1,PIPO,PIPO13,7.5,NA,NA,90,dead
1,PIPO,PIPO13,8.0,468,NA,90,dead
1,PIPO,PIPO13,8.5,NA,NA,90,dead
1,PIPO,PIPO13,9.0,436,NA,90,dead
1,PIPO,PIPO13,9.5,NA,NA,NA,dead
1,PIPO,PIPO14,1.0,711,NA,10,alive
1,PIPO,PIPO14,1.5,NA,NA,10,alive
1,PIPO,PIPO14,10.0,357,NA,75,alive
1,PIPO,PIPO14,10.5,NA,NA,75,alive
1,PIPO,PIPO14,11.0,353,NA,75,dead
1,PIPO,PIPO14,11.5,NA,NA,75,dead
1,PIPO,PIPO14,12.0,352,NA,75,dead
1,PIPO,PIPO14,12.5,NA,NA,75,dead
1,PIPO,PIPO14,13.0,350,NA,90,dead
1,PIPO,PIPO14,13.5,NA,NA,90,dead
1,PIPO,PIPO14,14.0,NA,NA,NA,dead
1,PIPO,PIPO14,14.5,NA,NA,NA,dead
1,PIPO,PIPO14,15.0,NA,NA,NA,dead
1,PIPO,PIPO14,15.5,NA,NA,NA,dead
1,PIPO,PIPO14,16.0,NA,NA,NA,dead
1,PIPO,PIPO14,2.0,673,NA,10,alive
1,PIPO,PIPO14,2.5,NA,NA,10,alive
1,PIPO,PIPO14,3.0,637,NA,10,alive
1,PIPO,PIPO14,3.5,NA,NA,10,alive
1,PIPO,PIPO14,4.0,586,NA,10,alive
1,PIPO,PIPO14,4.5,NA,NA,10,alive
1,PIPO,PIPO14,5.0,525,NA,10,alive
1,PIPO,PIPO14,5.5,NA,NA,25,alive
1,PIPO,PIPO14,6.0,492,NA,25,alive
1,PIPO,PIPO14,6.5,NA,NA,25,alive
1,PIPO,PIPO14,7.0,460,NA,25,alive
1,PIPO,PIPO14,7.5,NA,NA,50,alive
1,PIPO,PIPO14,8.0,425,NA,50,alive
1,PIPO,PIPO14,8.5,NA,NA,50,alive
1,PIPO,PIPO14,9.0,377,NA,50,alive
1,PIPO,PIPO14,9.5,NA,NA,NA,alive
1,PIPO,PIPO15,1.0,699,69.8,10,alive
1,PIPO,PIPO15,1.5,NA,NA,10,alive
1,PIPO,PIPO15,10.0,576,74.2,25,alive
1,PIPO,PIPO15,10.5,NA,NA,50,alive
1,PIPO,PIPO15,11.0,580,70.5,75,dead
1,PIPO,PIPO15,11.5,NA,NA,75,dead
1,PIPO,PIPO15,12.0,516,69,75,dead
1,PIPO,PIPO15,12.5,NA,NA,90,dead
1,PIPO,PIPO15,13.0,532,52.7,90,dead
1,PIPO,PIPO15,13.5,NA,NA,90,dead
1,PIPO,PIPO15,14.0,NA,NA,NA,dead
1,PIPO,PIPO15,14.5,NA,NA,NA,dead
1,PIPO,PIPO15,15.0,NA,NA,NA,dead
1,PIPO,PIPO15,15.5,NA,NA,NA,dead
1,PIPO,PIPO15,16.0,NA,NA,NA,dead
1,PIPO,PIPO15,2.0,688,111.1,10,alive
1,PIPO,PIPO15,2.5,NA,NA,10,alive
1,PIPO,PIPO15,3.0,663,74.6,10,alive
1,PIPO,PIPO15,3.5,NA,NA,10,alive
1,PIPO,PIPO15,4.0,634,NA,10,alive
1,PIPO,PIPO15,4.5,NA,NA,10,alive
1,PIPO,PIPO15,5.0,646,64.2,10,alive
1,PIPO,PIPO15,5.5,NA,NA,10,alive
1,PIPO,PIPO15,6.0,605,79.8,10,alive
1,PIPO,PIPO15,6.5,NA,NA,25,alive
1,PIPO,PIPO15,7.0,627,94.7,10,alive
1,PIPO,PIPO15,7.5,NA,NA,25,alive
1,PIPO,PIPO15,8.0,570,104.6,25,alive
1,PIPO,PIPO15,8.5,NA,NA,25,alive
1,PIPO,PIPO15,9.0,595,60.2,25,alive
1,PIPO,PIPO15,9.5,NA,NA,NA,alive
1,PIPO,PIPO16,1.0,665,NA,10,alive
1,PIPO,PIPO16,1.5,NA,NA,10,alive
1,PIPO,PIPO16,10.0,324,NA,75,dead
1,PIPO,PIPO16,10.5,NA,NA,50,dead
1,PIPO,PIPO16,11.0,322,NA,75,dead
1,PIPO,PIPO16,11.5,NA,NA,75,dead
1,PIPO,PIPO16,12.0,322,NA,75,dead
1,PIPO,PIPO16,12.5,NA,NA,50,dead
1,PIPO,PIPO16,13.0,321,NA,75,dead
1,PIPO,PIPO16,13.5,NA,NA,75,dead
1,PIPO,PIPO16,14.0,NA,NA,NA,dead
1,PIPO,PIPO16,14.5,NA,NA,NA,dead
1,PIPO,PIPO16,15.0,NA,NA,NA,dead
1,PIPO,PIPO16,15.5,NA,NA,NA,dead
1,PIPO,PIPO16,16.0,NA,NA,NA,dead
1,PIPO,PIPO16,2.0,621,NA,10,alive
1,PIPO,PIPO16,2.5,NA,NA,10,alive
1,PIPO,PIPO16,3.0,556,NA,10,alive
1,PIPO,PIPO16,3.5,NA,NA,10,alive
1,PIPO,PIPO16,4.0,485,NA,10,alive
1,PIPO,PIPO16,4.5,NA,NA,25,alive
1,PIPO,PIPO16,5.0,422,NA,25,alive
1,PIPO,PIPO16,5.5,NA,NA,25,alive
1,PIPO,PIPO16,6.0,393,NA,50,alive
1,PIPO,PIPO16,6.5,NA,NA,25,alive
1,PIPO,PIPO16,7.0,366,NA,10,alive
1,PIPO,PIPO16,7.5,NA,NA,50,alive
1,PIPO,PIPO16,8.0,336,NA,90,alive
1,PIPO,PIPO16,8.5,NA,NA,90,alive
1,PIPO,PIPO16,9.0,325,NA,90,alive
1,PIPO,PIPO16,9.5,NA,NA,NA,NA
1,PIPO,PIPO17,1.0,676,174.7,10,alive
1,PIPO,PIPO17,1.5,NA,NA,10,alive
1,PIPO,PIPO17,10.0,346,45.1,25,alive
1,PIPO,PIPO17,10.5,NA,NA,75,alive
1,PIPO,PIPO17,11.0,323,52.4,75,alive
1,PIPO,PIPO17,11.5,NA,NA,75,dead
1,PIPO,PIPO17,12.0,322,56.8,50,dead
1,PIPO,PIPO17,12.5,NA,NA,75,dead
1,PIPO,PIPO17,13.0,320,48.8,50,dead
1,PIPO,PIPO17,13.5,NA,NA,75,dead
1,PIPO,PIPO17,14.0,320,62.3,75,dead
1,PIPO,PIPO17,14.5,NA,NA,NA,dead
1,PIPO,PIPO17,15.0,NA,NA,NA,dead
1,PIPO,PIPO17,15.5,NA,NA,NA,dead
1,PIPO,PIPO17,16.0,NA,NA,NA,dead
1,PIPO,PIPO17,2.0,652,93.4,10,alive
1,PIPO,PIPO17,2.5,NA,NA,10,alive
1,PIPO,PIPO17,3.0,616,158.7,10,alive
1,PIPO,PIPO17,3.5,NA,NA,25,alive
1,PIPO,PIPO17,4.0,577,111.7,10,alive
1,PIPO,PIPO17,4.5,NA,NA,25,alive
1,PIPO,PIPO17,5.0,520,162.6,25,alive
1,PIPO,PIPO17,5.5,NA,NA,25,alive
1,PIPO,PIPO17,6.0,465,80.6,25,alive
1,PIPO,PIPO17,6.5,NA,NA,25,alive
1,PIPO,PIPO17,7.0,431,80.5,10,alive
1,PIPO,PIPO17,7.5,NA,NA,25,alive
1,PIPO,PIPO17,8.0,400,73.9,25,alive
1,PIPO,PIPO17,8.5,NA,NA,25,alive
1,PIPO,PIPO17,9.0,374,67,25,alive
1,PIPO,PIPO17,9.5,NA,NA,NA,alive
1,PIPO,PIPO18,1.0,762,111.5,10,alive
1,PIPO,PIPO18,1.5,NA,NA,10,alive
1,PIPO,PIPO18,10.0,631,111.6,10,alive
1,PIPO,PIPO18,10.5,NA,NA,10,alive
1,PIPO,PIPO18,11.0,615,88.2,10,alive
1,PIPO,PIPO18,11.5,NA,NA,10,alive
1,PIPO,PIPO18,12.0,559,121.3,10,alive
1,PIPO,PIPO18,12.5,NA,NA,10,alive
1,PIPO,PIPO18,13.0,593,87.8,10,alive
1,PIPO,PIPO18,13.5,NA,NA,10,alive
1,PIPO,PIPO18,14.0,516,119.2,10,alive
1,PIPO,PIPO18,14.5,NA,NA,10,alive
1,PIPO,PIPO18,15.0,566,75.7,10,alive
1,PIPO,PIPO18,15.5,NA,NA,10,alive
1,PIPO,PIPO18,16.0,506,124.5,10,alive
1,PIPO,PIPO18,2.0,761,118.1,10,alive
1,PIPO,PIPO18,2.5,NA,NA,10,alive
1,PIPO,PIPO18,3.0,739,158,10,alive
1,PIPO,PIPO18,3.5,NA,NA,10,alive
1,PIPO,PIPO18,4.0,714,NA,10,alive
1,PIPO,PIPO18,4.5,NA,NA,10,alive
1,PIPO,PIPO18,5.0,723,259.8,10,alive
1,PIPO,PIPO18,5.5,NA,NA,10,alive
1,PIPO,PIPO18,6.0,688,65,10,alive
1,PIPO,PIPO18,6.5,NA,NA,10,alive
1,PIPO,PIPO18,7.0,694,85.3,10,alive
1,PIPO,PIPO18,7.5,NA,NA,10,alive
1,PIPO,PIPO18,8.0,587,92.9,10,alive
1,PIPO,PIPO18,8.5,NA,NA,10,alive
1,PIPO,PIPO18,9.0,637,65.1,10,alive
1,PIPO,PIPO18,9.5,NA,NA,NA,alive
1,PIPO,PIPO19,1.0,760,81.3,10,alive
1,PIPO,PIPO19,1.5,NA,NA,10,alive
1,PIPO,PIPO19,10.0,408,56.1,25,alive
1,PIPO,PIPO19,10.5,NA,NA,50,alive
1,PIPO,PIPO19,11.0,391,62.4,50,alive
1,PIPO,PIPO19,11.5,NA,NA,50,alive
1,PIPO,PIPO19,12.0,381,57.9,75,dead
1,PIPO,PIPO19,12.5,NA,NA,50,dead
1,PIPO,PIPO19,13.0,376,50.7,75,dead
1,PIPO,PIPO19,13.5,NA,NA,75,dead
1,PIPO,PIPO19,14.0,375,87.8,75,dead
1,PIPO,PIPO19,14.5,NA,NA,NA,dead
1,PIPO,PIPO19,15.0,NA,NA,NA,dead
1,PIPO,PIPO19,15.5,NA,NA,NA,dead
1,PIPO,PIPO19,16.0,NA,NA,NA,dead
1,PIPO,PIPO19,2.0,732,177.1,10,alive
1,PIPO,PIPO19,2.5,NA,NA,25,alive
1,PIPO,PIPO19,3.0,695,160.7,25,alive
1,PIPO,PIPO19,3.5,NA,NA,25,alive
1,PIPO,PIPO19,4.0,640,300.7,25,alive
1,PIPO,PIPO19,4.5,NA,NA,25,alive
1,PIPO,PIPO19,5.0,600,203.1,25,alive
1,PIPO,PIPO19,5.5,NA,NA,25,alive
1,PIPO,PIPO19,6.0,558,83.5,25,alive
1,PIPO,PIPO19,6.5,NA,NA,25,alive
1,PIPO,PIPO19,7.0,507,137.1,25,alive
1,PIPO,PIPO19,7.5,NA,NA,25,alive
1,PIPO,PIPO19,8.0,450,97.1,25,alive
1,PIPO,PIPO19,8.5,NA,NA,25,alive
1,PIPO,PIPO19,9.0,430,53.5,25,alive
1,PIPO,PIPO19,9.5,NA,NA,NA,alive
1,PIPO,PIPO20,1.0,652,98.6,10,alive
1,PIPO,PIPO20,1.5,NA,NA,10,alive
1,PIPO,PIPO20,10.0,338,54.4,25,alive
1,PIPO,PIPO20,10.5,NA,NA,50,alive
1,PIPO,PIPO20,11.0,333,61.4,50,dead
1,PIPO,PIPO20,11.5,NA,NA,50,dead
1,PIPO,PIPO20,12.0,332,58,50,dead
1,PIPO,PIPO20,12.5,NA,NA,50,dead
1,PIPO,PIPO20,13.0,331,48.9,50,dead
1,PIPO,PIPO20,13.5,NA,NA,50,dead
1,PIPO,PIPO20,14.0,NA,NA,NA,dead
1,PIPO,PIPO20,14.5,NA,NA,NA,dead
1,PIPO,PIPO20,15.0,NA,NA,NA,dead
1,PIPO,PIPO20,15.5,NA,NA,NA,dead
1,PIPO,PIPO20,16.0,NA,NA,NA,dead
1,PIPO,PIPO20,2.0,627,108.8,10,alive
1,PIPO,PIPO20,2.5,NA,NA,10,alive
1,PIPO,PIPO20,3.0,595,140.5,10,alive
1,PIPO,PIPO20,3.5,NA,NA,10,alive
1,PIPO,PIPO20,4.0,550,138.5,10,alive
1,PIPO,PIPO20,4.5,NA,NA,10,alive
1,PIPO,PIPO20,5.0,505,239.5,10,alive
1,PIPO,PIPO20,5.5,NA,NA,10,alive
1,PIPO,PIPO20,6.0,477,82.4,10,alive
1,PIPO,PIPO20,6.5,NA,NA,25,alive
1,PIPO,PIPO20,7.0,438,79,10,alive
1,PIPO,PIPO20,7.5,NA,NA,10,alive
1,PIPO,PIPO20,8.0,383,68.3,10,alive
1,PIPO,PIPO20,8.5,NA,NA,10,alive
1,PIPO,PIPO20,9.0,369,52.4,10,alive
1,PIPO,PIPO20,9.5,NA,NA,NA,alive
1,PIPO,PIPO21,1.0,691,403.3,10,alive
1,PIPO,PIPO21,1.5,NA,NA,10,alive
1,PIPO,PIPO21,10.0,347,70.1,50,dead
1,PIPO,PIPO21,10.5,NA,NA,50,dead
1,PIPO,PIPO21,11.0,345,67.7,50,dead
1,PIPO,PIPO21,11.5,NA,NA,50,dead
1,PIPO,PIPO21,12.0,343,59.6,50,dead
1,PIPO,PIPO21,12.5,NA,NA,75,dead
1,PIPO,PIPO21,13.0,342,48.5,75,dead
1,PIPO,PIPO21,13.5,NA,NA,50,dead
1,PIPO,PIPO21,14.0,NA,NA,NA,dead
1,PIPO,PIPO21,14.5,NA,NA,NA,dead
1,PIPO,PIPO21,15.0,NA,NA,NA,dead
1,PIPO,PIPO21,15.5,NA,NA,NA,dead
1,PIPO,PIPO21,16.0,NA,NA,NA,dead
1,PIPO,PIPO21,2.0,649,440.9,10,alive
1,PIPO,PIPO21,2.5,NA,NA,10,alive
1,PIPO,PIPO21,3.0,597,217.1,10,alive
1,PIPO,PIPO21,3.5,NA,NA,10,alive
1,PIPO,PIPO21,4.0,522,318.2,10,alive
1,PIPO,PIPO21,4.5,NA,NA,10,alive
1,PIPO,PIPO21,5.0,456,286.1,25,alive
1,PIPO,PIPO21,5.5,NA,NA,25,alive
1,PIPO,PIPO21,6.0,432,103.5,25,alive
1,PIPO,PIPO21,6.5,NA,NA,25,alive
1,PIPO,PIPO21,7.0,408,125.4,10,alive
1,PIPO,PIPO21,7.5,NA,NA,25,alive
1,PIPO,PIPO21,8.0,372,65.3,25,alive
1,PIPO,PIPO21,8.5,NA,NA,25,alive
1,PIPO,PIPO21,9.0,354,47.8,25,alive
1,PIPO,PIPO21,9.5,NA,NA,NA,NA
1,PIPO,PIPO22,1.0,729,NA,10,alive
1,PIPO,PIPO22,1.5,NA,NA,10,alive
1,PIPO,PIPO22,10.0,412,NA,90,dead
1,PIPO,PIPO22,10.5,NA,NA,90,dead
1,PIPO,PIPO22,11.0,388,NA,90,dead
1,PIPO,PIPO22,11.5,NA,NA,90,dead
1,PIPO,PIPO22,12.0,369,NA,90,dead
1,PIPO,PIPO22,12.5,NA,NA,90,dead
1,PIPO,PIPO22,13.0,335,NA,90,dead
1,PIPO,PIPO22,13.5,NA,NA,90,dead
1,PIPO,PIPO22,14.0,NA,NA,NA,dead
1,PIPO,PIPO22,14.5,NA,NA,NA,dead
1,PIPO,PIPO22,15.0,NA,NA,NA,dead
1,PIPO,PIPO22,15.5,NA,NA,NA,dead
1,PIPO,PIPO22,16.0,NA,NA,NA,dead
1,PIPO,PIPO22,2.0,706,NA,10,alive
1,PIPO,PIPO22,2.5,NA,NA,25,alive
1,PIPO,PIPO22,3.0,679,NA,25,alive
1,PIPO,PIPO22,3.5,NA,NA,50,alive
1,PIPO,PIPO22,4.0,643,NA,50,alive
1,PIPO,PIPO22,4.5,NA,NA,50,alive
1,PIPO,PIPO22,5.0,606,NA,90,dead
1,PIPO,PIPO22,5.5,NA,NA,90,dead
1,PIPO,PIPO22,6.0,565,NA,90,dead
1,PIPO,PIPO22,6.5,NA,NA,90,dead
1,PIPO,PIPO22,7.0,511,NA,90,dead
1,PIPO,PIPO22,7.5,NA,NA,90,dead
1,PIPO,PIPO22,8.0,459,NA,90,dead
1,PIPO,PIPO22,8.5,NA,NA,90,dead
1,PIPO,PIPO22,9.0,434,NA,90,dead
1,PIPO,PIPO22,9.5,NA,NA,NA,dead
1,PIPO,PIPO23,1.0,697,NA,10,alive
1,PIPO,PIPO23,1.5,NA,NA,10,alive
1,PIPO,PIPO23,10.0,340,NA,50,dead
1,PIPO,PIPO23,10.5,NA,NA,50,dead
1,PIPO,PIPO23,11.0,339,NA,75,dead
1,PIPO,PIPO23,11.5,NA,NA,75,dead
1,PIPO,PIPO23,12.0,338,NA,75,dead
1,PIPO,PIPO23,12.5,NA,NA,75,dead
1,PIPO,PIPO23,13.0,338,NA,75,dead
1,PIPO,PIPO23,13.5,NA,NA,75,dead
1,PIPO,PIPO23,14.0,NA,NA,NA,dead
1,PIPO,PIPO23,14.5,NA,NA,NA,dead
1,PIPO,PIPO23,15.0,NA,NA,NA,dead
1,PIPO,PIPO23,15.5,NA,NA,NA,dead
1,PIPO,PIPO23,16.0,NA,NA,NA,dead
1,PIPO,PIPO23,2.0,657,NA,10,alive
1,PIPO,PIPO23,2.5,NA,NA,10,alive
1,PIPO,PIPO23,3.0,605,NA,10,alive
1,PIPO,PIPO23,3.5,NA,NA,10,alive
1,PIPO,PIPO23,4.0,542,NA,10,alive
1,PIPO,PIPO23,4.5,NA,NA,10,alive
1,PIPO,PIPO23,5.0,461,NA,10,alive
1,PIPO,PIPO23,5.5,NA,NA,25,alive
1,PIPO,PIPO23,6.0,423,NA,10,alive
1,PIPO,PIPO23,6.5,NA,NA,25,alive
1,PIPO,PIPO23,7.0,389,NA,10,alive
1,PIPO,PIPO23,7.5,NA,NA,25,alive
1,PIPO,PIPO23,8.0,342,NA,90,alive
1,PIPO,PIPO23,8.5,NA,NA,90,alive
1,PIPO,PIPO23,9.0,342,NA,90,alive
1,PIPO,PIPO23,9.5,NA,NA,NA,NA
1,PIPO,PIPO24,1.0,698,NA,10,alive
1,PIPO,PIPO24,1.5,NA,NA,10,alive
1,PIPO,PIPO24,10.0,539,NA,10,alive
1,PIPO,PIPO24,10.5,NA,NA,10,alive
1,PIPO,PIPO24,11.0,549,NA,10,alive
1,PIPO,PIPO24,11.5,NA,NA,10,alive
1,PIPO,PIPO24,12.0,461,NA,25,alive
1,PIPO,PIPO24,12.5,NA,NA,25,alive
1,PIPO,PIPO24,13.0,496,NA,10,alive
1,PIPO,PIPO24,13.5,NA,NA,25,alive
1,PIPO,PIPO24,14.0,414,NA,25,alive
1,PIPO,PIPO24,14.5,NA,NA,25,alive
1,PIPO,PIPO24,15.0,479,NA,25,alive
1,PIPO,PIPO24,15.5,NA,NA,25,alive
1,PIPO,PIPO24,16.0,407,NA,25,alive
1,PIPO,PIPO24,2.0,689,NA,10,alive
1,PIPO,PIPO24,2.5,NA,NA,10,alive
1,PIPO,PIPO24,3.0,621,NA,10,alive
1,PIPO,PIPO24,3.5,NA,NA,10,alive
1,PIPO,PIPO24,4.0,553,NA,10,alive
1,PIPO,PIPO24,4.5,NA,NA,10,alive
1,PIPO,PIPO24,5.0,533,NA,10,alive
1,PIPO,PIPO24,5.5,NA,NA,10,alive
1,PIPO,PIPO24,6.0,490,NA,10,alive
1,PIPO,PIPO24,6.5,NA,NA,25,alive
1,PIPO,PIPO24,7.0,603,NA,10,alive
1,PIPO,PIPO24,7.5,NA,NA,25,alive
1,PIPO,PIPO24,8.0,501,NA,25,alive
1,PIPO,PIPO24,8.5,NA,NA,25,alive
1,PIPO,PIPO24,9.0,577,NA,25,alive
1,PIPO,PIPO24,9.5,NA,NA,NA,alive
1,PIPO,PIPO25,1.0,737,87.6,10,alive
1,PIPO,PIPO25,1.5,NA,NA,10,alive
1,PIPO,PIPO25,10.0,428,58.6,75,dead
1,PIPO,PIPO25,10.5,NA,NA,90,dead
1,PIPO,PIPO25,11.0,412,62.7,90,dead
1,PIPO,PIPO25,11.5,NA,NA,90,dead
1,PIPO,PIPO25,12.0,395,60.8,90,dead
1,PIPO,PIPO25,12.5,NA,NA,90,dead
1,PIPO,PIPO25,13.0,359,42.7,90,dead
1,PIPO,PIPO25,13.5,NA,NA,90,dead
1,PIPO,PIPO25,14.0,NA,NA,NA,dead
1,PIPO,PIPO25,14.5,NA,NA,NA,dead
1,PIPO,PIPO25,15.0,NA,NA,NA,dead
1,PIPO,PIPO25,15.5,NA,NA,NA,dead
1,PIPO,PIPO25,16.0,NA,NA,NA,dead
1,PIPO,PIPO25,2.0,712,119.9,10,alive
1,PIPO,PIPO25,2.5,NA,NA,10,alive
1,PIPO,PIPO25,3.0,683,101.1,10,alive
1,PIPO,PIPO25,3.5,NA,NA,10,alive
1,PIPO,PIPO25,4.0,650,125.6,10,alive
1,PIPO,PIPO25,4.5,NA,NA,10,alive
1,PIPO,PIPO25,5.0,610,219.3,10,alive
1,PIPO,PIPO25,5.5,NA,NA,10,alive
1,PIPO,PIPO25,6.0,585,91.3,25,alive
1,PIPO,PIPO25,6.5,NA,NA,50,alive
1,PIPO,PIPO25,7.0,542,86.9,10,alive
1,PIPO,PIPO25,7.5,NA,NA,50,alive
1,PIPO,PIPO25,8.0,470,57.2,75,alive
1,PIPO,PIPO25,8.5,NA,NA,75,alive
1,PIPO,PIPO25,9.0,446,55.1,75,alive
1,PIPO,PIPO25,9.5,NA,NA,NA,NA
1,PIPO,PIPO26,1.0,521,123.7,25,alive
1,PIPO,PIPO26,1.5,NA,NA,25,alive
1,PIPO,PIPO26,10.0,350,52.6,75,dead
1,PIPO,PIPO26,10.5,NA,NA,75,dead
1,PIPO,PIPO26,11.0,346,56.1,75,dead
1,PIPO,PIPO26,11.5,NA,NA,75,dead
1,PIPO,PIPO26,12.0,345,56.1,75,dead
1,PIPO,PIPO26,12.5,NA,NA,75,dead
1,PIPO,PIPO26,13.0,343,47.7,75,dead
1,PIPO,PIPO26,13.5,NA,NA,75,dead
1,PIPO,PIPO26,14.0,NA,NA,NA,dead
1,PIPO,PIPO26,14.5,NA,NA,NA,dead
1,PIPO,PIPO26,15.0,NA,NA,NA,dead
1,PIPO,PIPO26,15.5,NA,NA,NA,dead
1,PIPO,PIPO26,16.0,NA,NA,NA,dead
1,PIPO,PIPO26,2.0,499,117.5,25,alive
1,PIPO,PIPO26,2.5,NA,NA,25,alive
1,PIPO,PIPO26,3.0,472,148.9,25,alive
1,PIPO,PIPO26,3.5,NA,NA,25,alive
1,PIPO,PIPO26,4.0,444,178.7,25,alive
1,PIPO,PIPO26,4.5,NA,NA,25,alive
1,PIPO,PIPO26,5.0,412,178.7,25,alive
1,PIPO,PIPO26,5.5,NA,NA,25,alive
1,PIPO,PIPO26,6.0,397,84.9,25,alive
1,PIPO,PIPO26,6.5,NA,NA,25,alive
1,PIPO,PIPO26,7.0,385,62.1,10,alive
1,PIPO,PIPO26,7.5,NA,NA,25,alive
1,PIPO,PIPO26,8.0,369,46.4,50,alive
1,PIPO,PIPO26,8.5,NA,NA,50,alive
1,PIPO,PIPO26,9.0,359,46.7,50,alive
1,PIPO,PIPO26,9.5,NA,NA,NA,NA
1,PIPO,PIPO27,1.0,704,NA,10,alive
1,PIPO,PIPO27,1.5,NA,NA,10,alive
1,PIPO,PIPO27,10.0,354,NA,75,dead
1,PIPO,PIPO27,10.5,NA,NA,75,dead
1,PIPO,PIPO27,11.0,353,NA,75,dead
1,PIPO,PIPO27,11.5,NA,NA,75,dead
1,PIPO,PIPO27,12.0,352,NA,75,dead
1,PIPO,PIPO27,12.5,NA,NA,75,dead
1,PIPO,PIPO27,13.0,350,NA,75,dead
1,PIPO,PIPO27,13.5,NA,NA,75,dead
1,PIPO,PIPO27,14.0,NA,NA,NA,dead
1,PIPO,PIPO27,14.5,NA,NA,NA,dead
1,PIPO,PIPO27,15.0,NA,NA,NA,dead
1,PIPO,PIPO27,15.5,NA,NA,NA,dead
1,PIPO,PIPO27,16.0,NA,NA,NA,dead
1,PIPO,PIPO27,2.0,664,NA,10,alive
1,PIPO,PIPO27,2.5,NA,NA,25,alive
1,PIPO,PIPO27,3.0,623,NA,25,alive
1,PIPO,PIPO27,3.5,NA,NA,25,alive
1,PIPO,PIPO27,4.0,551,NA,25,alive
1,PIPO,PIPO27,4.5,NA,NA,25,alive
1,PIPO,PIPO27,5.0,483,NA,25,alive
1,PIPO,PIPO27,5.5,NA,NA,25,alive
1,PIPO,PIPO27,6.0,452,NA,25,alive
1,PIPO,PIPO27,6.5,NA,NA,25,alive
1,PIPO,PIPO27,7.0,427,NA,10,alive
1,PIPO,PIPO27,7.5,NA,NA,50,alive
1,PIPO,PIPO27,8.0,384,NA,50,alive
1,PIPO,PIPO27,8.5,NA,NA,50,alive
1,PIPO,PIPO27,9.0,362,NA,50,alive
1,PIPO,PIPO27,9.5,NA,NA,NA,NA
1,PIPO,PIPO28,1.0,564,375.9,10,alive
1,PIPO,PIPO28,1.5,NA,NA,10,alive
1,PIPO,PIPO28,10.0,268,54.6,90,dead
1,PIPO,PIPO28,10.5,NA,NA,90,dead
1,PIPO,PIPO28,11.0,266,71.5,90,dead
1,PIPO,PIPO28,11.5,NA,NA,90,dead
1,PIPO,PIPO28,12.0,265,57.6,90,dead
1,PIPO,PIPO28,12.5,NA,NA,90,dead
1,PIPO,PIPO28,13.0,264,43,90,dead
1,PIPO,PIPO28,13.5,NA,NA,90,dead
1,PIPO,PIPO28,14.0,NA,NA,NA,dead
1,PIPO,PIPO28,14.5,NA,NA,NA,dead
1,PIPO,PIPO28,15.0,NA,NA,NA,dead
1,PIPO,PIPO28,15.5,NA,NA,NA,dead
1,PIPO,PIPO28,16.0,NA,NA,NA,dead
1,PIPO,PIPO28,2.0,493,293.1,10,alive
1,PIPO,PIPO28,2.5,NA,NA,10,alive
1,PIPO,PIPO28,3.0,416,270.1,10,alive
1,PIPO,PIPO28,3.5,NA,NA,10,alive
1,PIPO,PIPO28,4.0,335,187.7,25,alive
1,PIPO,PIPO28,4.5,NA,NA,25,alive
1,PIPO,PIPO28,5.0,303,68.1,25,alive
1,PIPO,PIPO28,5.5,NA,NA,50,alive
1,PIPO,PIPO28,6.0,290,70.8,50,alive
1,PIPO,PIPO28,6.5,NA,NA,50,alive
1,PIPO,PIPO28,7.0,284,69.2,25,alive
1,PIPO,PIPO28,7.5,NA,NA,75,alive
1,PIPO,PIPO28,8.0,269,61.3,90,alive
1,PIPO,PIPO28,8.5,NA,NA,90,alive
1,PIPO,PIPO28,9.0,269,65.6,90,alive
1,PIPO,PIPO28,9.5,NA,NA,NA,NA
1,PIPO,PIPO29,1.0,732,NA,10,alive
1,PIPO,PIPO29,1.5,NA,NA,10,alive
1,PIPO,PIPO29,10.0,376,NA,50,alive
1,PIPO,PIPO29,10.5,NA,NA,50,dead
1,PIPO,PIPO29,11.0,369,NA,50,dead
1,PIPO,PIPO29,11.5,NA,NA,75,dead
1,PIPO,PIPO29,12.0,368,NA,50,dead
1,PIPO,PIPO29,12.5,NA,NA,75,dead
1,PIPO,PIPO29,13.0,366,NA,75,dead
1,PIPO,PIPO29,13.5,NA,NA,75,dead
1,PIPO,PIPO29,14.0,NA,NA,NA,dead
1,PIPO,PIPO29,14.5,NA,NA,NA,dead
1,PIPO,PIPO29,15.0,NA,NA,NA,dead
1,PIPO,PIPO29,15.5,NA,NA,NA,dead
1,PIPO,PIPO29,16.0,NA,NA,NA,dead
1,PIPO,PIPO29,2.0,693,NA,10,alive
1,PIPO,PIPO29,2.5,NA,NA,10,alive
1,PIPO,PIPO29,3.0,650,NA,10,alive
1,PIPO,PIPO29,3.5,NA,NA,10,alive
1,PIPO,PIPO29,4.0,597,NA,10,alive
1,PIPO,PIPO29,4.5,NA,NA,10,alive
1,PIPO,PIPO29,5.0,541,NA,25,alive
1,PIPO,PIPO29,5.5,NA,NA,25,alive
1,PIPO,PIPO29,6.0,510,NA,25,alive
1,PIPO,PIPO29,6.5,NA,NA,25,alive
1,PIPO,PIPO29,7.0,480,NA,10,alive
1,PIPO,PIPO29,7.5,NA,NA,25,alive
1,PIPO,PIPO29,8.0,426,NA,25,alive
1,PIPO,PIPO29,8.5,NA,NA,25,alive
1,PIPO,PIPO29,9.0,402,NA,25,alive
1,PIPO,PIPO29,9.5,NA,NA,NA,alive
1,PIPO,PIPO30,1.0,517,62.4,10,alive
1,PIPO,PIPO30,1.5,NA,NA,25,alive
1,PIPO,PIPO30,10.0,307,52.8,50,dead
1,PIPO,PIPO30,10.5,NA,NA,50,dead
1,PIPO,PIPO30,11.0,306,64.2,50,dead
1,PIPO,PIPO30,11.5,NA,NA,50,dead
1,PIPO,PIPO30,12.0,305,57.5,50,dead
1,PIPO,PIPO30,12.5,NA,NA,75,dead
1,PIPO,PIPO30,13.0,303,48.3,50,dead
1,PIPO,PIPO30,13.5,NA,NA,75,dead
1,PIPO,PIPO30,14.0,NA,NA,NA,dead
1,PIPO,PIPO30,14.5,NA,NA,NA,dead
1,PIPO,PIPO30,15.0,NA,NA,NA,dead
1,PIPO,PIPO30,15.5,NA,NA,NA,dead
1,PIPO,PIPO30,16.0,NA,NA,NA,dead
1,PIPO,PIPO30,2.0,495,109.6,10,alive
1,PIPO,PIPO30,2.5,NA,NA,25,alive
1,PIPO,PIPO30,3.0,470,190.8,25,alive
1,PIPO,PIPO30,3.5,NA,NA,25,alive
1,PIPO,PIPO30,4.0,433,199.7,25,alive
1,PIPO,PIPO30,4.5,NA,NA,25,alive
1,PIPO,PIPO30,5.0,406,192,25,alive
1,PIPO,PIPO30,5.5,NA,NA,25,alive
1,PIPO,PIPO30,6.0,386,73.6,25,alive
1,PIPO,PIPO30,6.5,NA,NA,25,alive
1,PIPO,PIPO30,7.0,364,69.5,10,alive
1,PIPO,PIPO30,7.5,NA,NA,25,alive
1,PIPO,PIPO30,8.0,327,54.3,25,alive
1,PIPO,PIPO30,8.5,NA,NA,25,alive
1,PIPO,PIPO30,9.0,313,60.4,25,alive
1,PIPO,PIPO30,9.5,NA,NA,NA,NA
1,PIPO,PIPO31,1.0,697,134.2,10,alive
1,PIPO,PIPO31,1.5,NA,NA,10,alive
1,PIPO,PIPO31,10.0,337,32.8,10,alive
1,PIPO,PIPO31,10.5,NA,NA,50,alive
1,PIPO,PIPO31,11.0,328,56,50,dead
1,PIPO,PIPO31,11.5,NA,NA,75,dead
1,PIPO,PIPO31,12.0,326,60.4,75,dead
1,PIPO,PIPO31,12.5,NA,NA,75,dead
1,PIPO,PIPO31,13.0,325,44.5,75,dead
1,PIPO,PIPO31,13.5,NA,NA,75,dead
1,PIPO,PIPO31,14.0,NA,NA,NA,dead
1,PIPO,PIPO31,14.5,NA,NA,NA,dead
1,PIPO,PIPO31,15.0,NA,NA,NA,dead
1,PIPO,PIPO31,15.5,NA,NA,NA,dead
1,PIPO,PIPO31,16.0,NA,NA,NA,dead
1,PIPO,PIPO31,2.0,650,114.9,10,alive
1,PIPO,PIPO31,2.5,NA,NA,25,alive
1,PIPO,PIPO31,3.0,617,113.3,25,alive
1,PIPO,PIPO31,3.5,NA,NA,25,alive
1,PIPO,PIPO31,4.0,571,201.1,25,alive
1,PIPO,PIPO31,4.5,NA,NA,25,alive
1,PIPO,PIPO31,5.0,523,277.7,25,alive
1,PIPO,PIPO31,5.5,NA,NA,25,alive
1,PIPO,PIPO31,6.0,501,71.8,25,alive
1,PIPO,PIPO31,6.5,NA,NA,25,alive
1,PIPO,PIPO31,7.0,460,48.1,10,alive
1,PIPO,PIPO31,7.5,NA,NA,25,alive
1,PIPO,PIPO31,8.0,391,51.1,25,alive
1,PIPO,PIPO31,8.5,NA,NA,25,alive
1,PIPO,PIPO31,9.0,370,46.4,25,alive
1,PIPO,PIPO31,9.5,NA,NA,NA,alive
1,PIPO,PIPO32,1.0,718,NA,10,alive
1,PIPO,PIPO32,1.5,NA,NA,10,alive
1,PIPO,PIPO32,10.0,407,NA,25,alive
1,PIPO,PIPO32,10.5,NA,NA,25,alive
1,PIPO,PIPO32,11.0,380,NA,25,alive
1,PIPO,PIPO32,11.5,NA,NA,50,alive
1,PIPO,PIPO32,12.0,361,NA,50,alive
1,PIPO,PIPO32,12.5,NA,NA,50,dead
1,PIPO,PIPO32,13.0,353,NA,75,dead
1,PIPO,PIPO32,13.5,NA,NA,75,dead
1,PIPO,PIPO32,14.0,354,NA,75,dead
1,PIPO,PIPO32,14.5,NA,NA,75,dead
1,PIPO,PIPO32,15.0,353,NA,75,dead
1,PIPO,PIPO32,15.5,NA,NA,NA,dead
1,PIPO,PIPO32,16.0,NA,NA,NA,dead
1,PIPO,PIPO32,2.0,691,NA,10,alive
1,PIPO,PIPO32,2.5,NA,NA,10,alive
1,PIPO,PIPO32,3.0,659,NA,10,alive
1,PIPO,PIPO32,3.5,NA,NA,10,alive
1,PIPO,PIPO32,4.0,622,NA,10,alive
1,PIPO,PIPO32,4.5,NA,NA,10,alive
1,PIPO,PIPO32,5.0,571,NA,10,alive
1,PIPO,PIPO32,5.5,NA,NA,10,alive
1,PIPO,PIPO32,6.0,536,NA,10,alive
1,PIPO,PIPO32,6.5,NA,NA,25,alive
1,PIPO,PIPO32,7.0,493,NA,10,alive
1,PIPO,PIPO32,7.5,NA,NA,25,alive
1,PIPO,PIPO32,8.0,456,NA,10,alive
1,PIPO,PIPO32,8.5,NA,NA,10,alive
1,PIPO,PIPO32,9.0,436,NA,10,alive
1,PIPO,PIPO32,9.5,NA,NA,NA,alive
1,PIPO,PIPO33,1.0,739,86.4,10,alive
1,PIPO,PIPO33,1.5,NA,NA,10,alive
1,PIPO,PIPO33,10.0,423,104.8,10,alive
1,PIPO,PIPO33,10.5,NA,NA,10,alive
1,PIPO,PIPO33,11.0,401,86.4,10,alive
1,PIPO,PIPO33,11.5,NA,NA,10,alive
1,PIPO,PIPO33,12.0,383,54.9,25,alive
1,PIPO,PIPO33,12.5,NA,NA,25,alive
1,PIPO,PIPO33,13.0,358,44.6,25,alive
1,PIPO,PIPO33,13.5,NA,NA,50,dead
1,PIPO,PIPO33,14.0,355,66.9,50,dead
1,PIPO,PIPO33,14.5,NA,NA,50,dead
1,PIPO,PIPO33,15.0,356,63.8,75,dead
1,PIPO,PIPO33,15.5,NA,NA,75,dead
1,PIPO,PIPO33,16.0,355,64.7,75,dead
1,PIPO,PIPO33,2.0,714,94.1,10,alive
1,PIPO,PIPO33,2.5,NA,NA,10,alive
1,PIPO,PIPO33,3.0,684,104.2,10,alive
1,PIPO,PIPO33,3.5,NA,NA,10,alive
1,PIPO,PIPO33,4.0,651,124.5,10,alive
1,PIPO,PIPO33,4.5,NA,NA,10,alive
1,PIPO,PIPO33,5.0,619,76.4,10,alive
1,PIPO,PIPO33,5.5,NA,NA,10,alive
1,PIPO,PIPO33,6.0,591,77.3,10,alive
1,PIPO,PIPO33,6.5,NA,NA,25,alive
1,PIPO,PIPO33,7.0,546,97.1,10,alive
1,PIPO,PIPO33,7.5,NA,NA,25,alive
1,PIPO,PIPO33,8.0,470,79.9,10,alive
1,PIPO,PIPO33,8.5,NA,NA,10,alive
1,PIPO,PIPO33,9.0,447,56.4,10,alive
1,PIPO,PIPO33,9.5,NA,NA,NA,alive
1,PIPO,PIPO34,1.0,661,NA,10,alive
1,PIPO,PIPO34,1.5,NA,NA,10,alive
1,PIPO,PIPO34,10.0,325,NA,25,alive
1,PIPO,PIPO34,10.5,NA,NA,25,alive
1,PIPO,PIPO34,11.0,316,NA,25,dead
1,PIPO,PIPO34,11.5,NA,NA,50,dead
1,PIPO,PIPO34,12.0,314,NA,50,dead
1,PIPO,PIPO34,12.5,NA,NA,50,dead
1,PIPO,PIPO34,13.0,314,NA,50,dead
1,PIPO,PIPO34,13.5,NA,NA,75,dead
1,PIPO,PIPO34,14.0,NA,NA,NA,dead
1,PIPO,PIPO34,14.5,NA,NA,NA,dead
1,PIPO,PIPO34,15.0,NA,NA,NA,dead
1,PIPO,PIPO34,15.5,NA,NA,NA,dead
1,PIPO,PIPO34,16.0,NA,NA,NA,dead
1,PIPO,PIPO34,2.0,637,NA,10,alive
1,PIPO,PIPO34,2.5,NA,NA,10,alive
1,PIPO,PIPO34,3.0,601,NA,10,alive
1,PIPO,PIPO34,3.5,NA,NA,10,alive
1,PIPO,PIPO34,4.0,557,NA,10,alive
1,PIPO,PIPO34,4.5,NA,NA,10,alive
1,PIPO,PIPO34,5.0,508,NA,10,alive
1,PIPO,PIPO34,5.5,NA,NA,10,alive
1,PIPO,PIPO34,6.0,474,NA,10,alive
1,PIPO,PIPO34,6.5,NA,NA,10,alive
1,PIPO,PIPO34,7.0,427,NA,10,alive
1,PIPO,PIPO34,7.5,NA,NA,10,alive
1,PIPO,PIPO34,8.0,373,NA,10,alive
1,PIPO,PIPO34,8.5,NA,NA,10,alive
1,PIPO,PIPO34,9.0,354,NA,10,alive
1,PIPO,PIPO34,9.5,NA,NA,NA,alive
1,PIPO,PIPO35,1.0,712,125.2,10,alive
1,PIPO,PIPO35,1.5,NA,NA,10,alive
1,PIPO,PIPO35,10.0,606,55.1,10,alive
1,PIPO,PIPO35,10.5,NA,NA,25,alive
1,PIPO,PIPO35,11.0,581,61.6,25,alive
1,PIPO,PIPO35,11.5,NA,NA,25,alive
1,PIPO,PIPO35,12.0,517,71.6,25,alive
1,PIPO,PIPO35,12.5,NA,NA,25,alive
1,PIPO,PIPO35,13.0,555,70.1,25,alive
1,PIPO,PIPO35,13.5,NA,NA,25,alive
1,PIPO,PIPO35,14.0,475,79.3,25,alive
1,PIPO,PIPO35,14.5,NA,NA,25,alive
1,PIPO,PIPO35,15.0,560,75.1,25,alive
1,PIPO,PIPO35,15.5,NA,NA,25,alive
1,PIPO,PIPO35,16.0,474,97.6,25,alive
1,PIPO,PIPO35,2.0,723,184.7,10,alive
1,PIPO,PIPO35,2.5,NA,NA,10,alive
1,PIPO,PIPO35,3.0,685,168.6,10,alive
1,PIPO,PIPO35,3.5,NA,NA,10,alive
1,PIPO,PIPO35,4.0,628,NA,25,alive
1,PIPO,PIPO35,4.5,NA,NA,25,alive
1,PIPO,PIPO35,5.0,656,189.8,25,alive
1,PIPO,PIPO35,5.5,NA,NA,25,alive
1,PIPO,PIPO35,6.0,613,82.5,25,alive
1,PIPO,PIPO35,6.5,NA,NA,25,alive
1,PIPO,PIPO35,7.0,642,57.8,10,alive
1,PIPO,PIPO35,7.5,NA,NA,25,alive
1,PIPO,PIPO35,8.0,520,47.4,25,alive
1,PIPO,PIPO35,8.5,NA,NA,25,alive
1,PIPO,PIPO35,9.0,614,80.3,25,alive
1,PIPO,PIPO35,9.5,NA,NA,NA,alive
1,PIPO,PIPO36,1.0,721,NA,50,alive
1,PIPO,PIPO36,1.5,NA,NA,50,alive
1,PIPO,PIPO36,10.0,427,NA,90,dead
1,PIPO,PIPO36,10.5,NA,NA,90,dead
1,PIPO,PIPO36,11.0,412,NA,90,dead
1,PIPO,PIPO36,11.5,NA,NA,90,dead
1,PIPO,PIPO36,12.0,392,NA,90,dead
1,PIPO,PIPO36,12.5,NA,NA,90,dead
1,PIPO,PIPO36,13.0,369,NA,90,dead
1,PIPO,PIPO36,13.5,NA,NA,90,dead
1,PIPO,PIPO36,14.0,NA,NA,NA,dead
1,PIPO,PIPO36,14.5,NA,NA,NA,dead
1,PIPO,PIPO36,15.0,NA,NA,NA,dead
1,PIPO,PIPO36,15.5,NA,NA,NA,dead
1,PIPO,PIPO36,16.0,NA,NA,NA,dead
1,PIPO,PIPO36,2.0,701,NA,50,alive
1,PIPO,PIPO36,2.5,NA,NA,50,alive
1,PIPO,PIPO36,3.0,670,NA,50,alive
1,PIPO,PIPO36,3.5,NA,NA,90,dead
1,PIPO,PIPO36,4.0,645,NA,90,dead
1,PIPO,PIPO36,4.5,NA,NA,90,dead
1,PIPO,PIPO36,5.0,616,NA,90,dead
1,PIPO,PIPO36,5.5,NA,NA,90,dead
1,PIPO,PIPO36,6.0,591,NA,90,dead
1,PIPO,PIPO36,6.5,NA,NA,90,dead
1,PIPO,PIPO36,7.0,556,NA,90,dead
1,PIPO,PIPO36,7.5,NA,NA,90,dead
1,PIPO,PIPO36,8.0,483,NA,90,dead
1,PIPO,PIPO36,8.5,NA,NA,90,dead
1,PIPO,PIPO36,9.0,454,NA,90,dead
1,PIPO,PIPO36,9.5,NA,NA,NA,dead
1,PIPO,PIPO37,1.0,507,NA,10,alive
1,PIPO,PIPO37,1.5,NA,NA,10,alive
1,PIPO,PIPO37,10.0,307,NA,75,dead
1,PIPO,PIPO37,10.5,NA,NA,75,dead
1,PIPO,PIPO37,11.0,307,NA,75,dead
1,PIPO,PIPO37,11.5,NA,NA,75,dead
1,PIPO,PIPO37,12.0,306,NA,75,dead
1,PIPO,PIPO37,12.5,NA,NA,90,dead
1,PIPO,PIPO37,13.0,305,NA,75,dead
1,PIPO,PIPO37,13.5,NA,NA,90,dead
1,PIPO,PIPO37,14.0,NA,NA,NA,dead
1,PIPO,PIPO37,14.5,NA,NA,NA,dead
1,PIPO,PIPO37,15.0,NA,NA,NA,dead
1,PIPO,PIPO37,15.5,NA,NA,NA,dead
1,PIPO,PIPO37,16.0,NA,NA,NA,dead
1,PIPO,PIPO37,2.0,482,NA,10,alive
1,PIPO,PIPO37,2.5,NA,NA,10,alive
1,PIPO,PIPO37,3.0,453,NA,10,alive
1,PIPO,PIPO37,3.5,NA,NA,10,alive
1,PIPO,PIPO37,4.0,414,NA,10,alive
1,PIPO,PIPO37,4.5,NA,NA,25,alive
1,PIPO,PIPO37,5.0,370,NA,10,alive
1,PIPO,PIPO37,5.5,NA,NA,10,alive
1,PIPO,PIPO37,6.0,353,NA,25,alive
1,PIPO,PIPO37,6.5,NA,NA,25,alive
1,PIPO,PIPO37,7.0,339,NA,10,alive
1,PIPO,PIPO37,7.5,NA,NA,25,alive
1,PIPO,PIPO37,8.0,321,NA,25,alive
1,PIPO,PIPO37,8.5,NA,NA,25,alive
1,PIPO,PIPO37,9.0,310,NA,25,alive
1,PIPO,PIPO37,9.5,NA,NA,NA,NA
1,PIPO,PIPO38,1.0,597,103.3,10,alive
1,PIPO,PIPO38,1.5,NA,NA,10,alive
1,PIPO,PIPO38,10.0,286,50.8,75,dead
1,PIPO,PIPO38,10.5,NA,NA,75,dead
1,PIPO,PIPO38,11.0,284,55.3,90,dead
1,PIPO,PIPO38,11.5,NA,NA,90,dead
1,PIPO,PIPO38,12.0,283,53.2,75,dead
1,PIPO,PIPO38,12.5,NA,NA,90,dead
1,PIPO,PIPO38,13.0,281,48.2,75,dead
1,PIPO,PIPO38,13.5,NA,NA,90,dead
1,PIPO,PIPO38,14.0,NA,NA,NA,dead
1,PIPO,PIPO38,14.5,NA,NA,NA,dead
1,PIPO,PIPO38,15.0,NA,NA,NA,dead
1,PIPO,PIPO38,15.5,NA,NA,NA,dead
1,PIPO,PIPO38,16.0,NA,NA,NA,dead
1,PIPO,PIPO38,2.0,562,93.4,10,alive
1,PIPO,PIPO38,2.5,NA,NA,10,alive
1,PIPO,PIPO38,3.0,522,118.7,10,alive
1,PIPO,PIPO38,3.5,NA,NA,10,alive
1,PIPO,PIPO38,4.0,469,165.1,10,alive
1,PIPO,PIPO38,4.5,NA,NA,25,alive
1,PIPO,PIPO38,5.0,408,97.8,25,alive
1,PIPO,PIPO38,5.5,NA,NA,25,alive
1,PIPO,PIPO38,6.0,381,98.9,10,alive
1,PIPO,PIPO38,6.5,NA,NA,25,alive
1,PIPO,PIPO38,7.0,354,109.9,10,alive
1,PIPO,PIPO38,7.5,NA,NA,25,alive
1,PIPO,PIPO38,8.0,320,47,50,alive
1,PIPO,PIPO38,8.5,NA,NA,50,alive
1,PIPO,PIPO38,9.0,293,53.1,50,alive
1,PIPO,PIPO38,9.5,NA,NA,NA,NA
1,PIPO,PIPO39,1.0,775,154.1,10,alive
1,PIPO,PIPO39,1.5,NA,NA,10,alive
1,PIPO,PIPO39,10.0,409,46.4,25,alive
1,PIPO,PIPO39,10.5,NA,NA,25,alive
1,PIPO,PIPO39,11.0,385,59,50,alive
1,PIPO,PIPO39,11.5,NA,NA,75,alive
1,PIPO,PIPO39,12.0,379,62.1,50,dead
1,PIPO,PIPO39,12.5,NA,NA,50,dead
1,PIPO,PIPO39,13.0,378,45.3,50,dead
1,PIPO,PIPO39,13.5,NA,NA,75,dead
1,PIPO,PIPO39,14.0,378,66.2,50,dead
1,PIPO,PIPO39,14.5,NA,NA,NA,dead
1,PIPO,PIPO39,15.0,NA,NA,NA,dead
1,PIPO,PIPO39,15.5,NA,NA,NA,dead
1,PIPO,PIPO39,16.0,NA,NA,NA,dead
1,PIPO,PIPO39,2.0,738,129.1,10,alive
1,PIPO,PIPO39,2.5,NA,NA,10,alive
1,PIPO,PIPO39,3.0,693,126.4,10,alive
1,PIPO,PIPO39,3.5,NA,NA,10,alive
1,PIPO,PIPO39,4.0,644,108.6,10,alive
1,PIPO,PIPO39,4.5,NA,NA,10,alive
1,PIPO,PIPO39,5.0,574,115.5,10,alive
1,PIPO,PIPO39,5.5,NA,NA,10,alive
1,PIPO,PIPO39,6.0,543,101.6,10,alive
1,PIPO,PIPO39,6.5,NA,NA,10,alive
1,PIPO,PIPO39,7.0,510,84.4,10,alive
1,PIPO,PIPO39,7.5,NA,NA,10,alive
1,PIPO,PIPO39,8.0,463,56.7,25,alive
1,PIPO,PIPO39,8.5,NA,NA,25,alive
1,PIPO,PIPO39,9.0,435,62.9,25,alive
1,PIPO,PIPO39,9.5,NA,NA,NA,alive
1,PIPO,PIPO40,1.0,688,147.2,10,alive
1,PIPO,PIPO40,1.5,NA,NA,10,alive
1,PIPO,PIPO40,10.0,350,49.4,90,dead
1,PIPO,PIPO40,10.5,NA,NA,90,dead
1,PIPO,PIPO40,11.0,348,56.6,90,dead
1,PIPO,PIPO40,11.5,NA,NA,90,dead
1,PIPO,PIPO40,12.0,347,55.7,90,dead
1,PIPO,PIPO40,12.5,NA,NA,90,dead
1,PIPO,PIPO40,13.0,345,44.8,90,dead
1,PIPO,PIPO40,13.5,NA,NA,90,dead
1,PIPO,PIPO40,14.0,NA,NA,NA,dead
1,PIPO,PIPO40,14.5,NA,NA,NA,dead
1,PIPO,PIPO40,15.0,NA,NA,NA,dead
1,PIPO,PIPO40,15.5,NA,NA,NA,dead
1,PIPO,PIPO40,16.0,NA,NA,NA,dead
1,PIPO,PIPO40,2.0,639,194.9,10,alive
1,PIPO,PIPO40,2.5,NA,NA,10,alive
1,PIPO,PIPO40,3.0,578,215,10,alive
1,PIPO,PIPO40,3.5,NA,NA,10,alive
1,PIPO,PIPO40,4.0,505,317.4,10,alive
1,PIPO,PIPO40,4.5,NA,NA,10,alive
1,PIPO,PIPO40,5.0,440,286.8,25,alive
1,PIPO,PIPO40,5.5,NA,NA,25,alive
1,PIPO,PIPO40,6.0,416,88.7,25,alive
1,PIPO,PIPO40,6.5,NA,NA,50,alive
1,PIPO,PIPO40,7.0,396,49.8,25,alive
1,PIPO,PIPO40,7.5,NA,NA,50,alive
1,PIPO,PIPO40,8.0,361,54,75,alive
1,PIPO,PIPO40,8.5,NA,NA,75,alive
1,PIPO,PIPO40,9.0,352,57.2,90,alive
1,PIPO,PIPO40,9.5,NA,NA,NA,NA
1,PIPO,PIPO41,1.0,800,78.3,10,alive
1,PIPO,PIPO41,1.5,NA,NA,10,alive
1,PIPO,PIPO41,10.0,657,60.9,10,alive
1,PIPO,PIPO41,10.5,NA,NA,10,alive
1,PIPO,PIPO41,11.0,643,70.9,10,alive
1,PIPO,PIPO41,11.5,NA,NA,10,alive
1,PIPO,PIPO41,12.0,591,70.4,25,alive
1,PIPO,PIPO41,12.5,NA,NA,10,alive
1,PIPO,PIPO41,13.0,632,63.1,10,alive
1,PIPO,PIPO41,13.5,NA,NA,10,alive
1,PIPO,PIPO41,14.0,563,77.6,25,alive
1,PIPO,PIPO41,14.5,NA,NA,10,alive
1,PIPO,PIPO41,15.0,628,66.8,25,alive
1,PIPO,PIPO41,15.5,NA,NA,25,alive
1,PIPO,PIPO41,16.0,565,73.5,25,alive
1,PIPO,PIPO41,2.0,796,115,10,alive
1,PIPO,PIPO41,2.5,NA,NA,10,alive
1,PIPO,PIPO41,3.0,750,208.4,10,alive
1,PIPO,PIPO41,3.5,NA,NA,10,alive
1,PIPO,PIPO41,4.0,696,NA,10,alive
1,PIPO,PIPO41,4.5,NA,NA,10,alive
1,PIPO,PIPO41,5.0,733,193.3,10,alive
1,PIPO,PIPO41,5.5,NA,NA,10,alive
1,PIPO,PIPO41,6.0,687,90.1,10,alive
1,PIPO,PIPO41,6.5,NA,NA,25,alive
1,PIPO,PIPO41,7.0,715,68.2,10,alive
1,PIPO,PIPO41,7.5,NA,NA,25,alive
1,PIPO,PIPO41,8.0,600,58.8,25,alive
1,PIPO,PIPO41,8.5,NA,NA,25,alive
1,PIPO,PIPO41,9.0,685,65.7,25,alive
1,PIPO,PIPO41,9.5,NA,NA,NA,alive
1,PIPO,PIPO42,1.0,680,NA,10,alive
1,PIPO,PIPO42,1.5,NA,NA,10,alive
1,PIPO,PIPO42,10.0,350,NA,90,dead
1,PIPO,PIPO42,10.5,NA,NA,90,dead
1,PIPO,PIPO42,11.0,347,NA,90,dead
1,PIPO,PIPO42,11.5,NA,NA,90,dead
1,PIPO,PIPO42,12.0,347,NA,90,dead
1,PIPO,PIPO42,12.5,NA,NA,90,dead
1,PIPO,PIPO42,13.0,344,NA,90,dead
1,PIPO,PIPO42,13.5,NA,NA,90,dead
1,PIPO,PIPO42,14.0,NA,NA,NA,dead
1,PIPO,PIPO42,14.5,NA,NA,NA,dead
1,PIPO,PIPO42,15.0,NA,NA,NA,dead
1,PIPO,PIPO42,15.5,NA,NA,NA,dead
1,PIPO,PIPO42,16.0,NA,NA,NA,dead
1,PIPO,PIPO42,2.0,622,NA,10,alive
1,PIPO,PIPO42,2.5,NA,NA,10,alive
1,PIPO,PIPO42,3.0,559,NA,10,alive
1,PIPO,PIPO42,3.5,NA,NA,10,alive
1,PIPO,PIPO42,4.0,477,NA,25,alive
1,PIPO,PIPO42,4.5,NA,NA,25,alive
1,PIPO,PIPO42,5.0,414,NA,25,alive
1,PIPO,PIPO42,5.5,NA,NA,25,alive
1,PIPO,PIPO42,6.0,392,NA,50,alive
1,PIPO,PIPO42,6.5,NA,NA,50,alive
1,PIPO,PIPO42,7.0,369,NA,35,alive
1,PIPO,PIPO42,7.5,NA,NA,90,alive
1,PIPO,PIPO42,8.0,351,NA,90,alive
1,PIPO,PIPO42,8.5,NA,NA,90,alive
1,PIPO,PIPO42,9.0,351,NA,90,alive
1,PIPO,PIPO42,9.5,NA,NA,NA,NA
1,PIPO,PIPO43,1.0,722,NA,10,alive
1,PIPO,PIPO43,1.5,NA,NA,10,alive
1,PIPO,PIPO43,10.0,371,NA,75,alive
1,PIPO,PIPO43,10.5,NA,NA,75,alive
1,PIPO,PIPO43,11.0,358,NA,75,alive
1,PIPO,PIPO43,11.5,NA,NA,75,alive
1,PIPO,PIPO43,12.0,356,NA,75,dead
1,PIPO,PIPO43,12.5,NA,NA,75,dead
1,PIPO,PIPO43,13.0,354,NA,75,dead
1,PIPO,PIPO43,13.5,NA,NA,90,dead
1,PIPO,PIPO43,14.0,354,NA,75,dead
1,PIPO,PIPO43,14.5,NA,NA,NA,dead
1,PIPO,PIPO43,15.0,NA,NA,NA,dead
1,PIPO,PIPO43,15.5,NA,NA,NA,dead
1,PIPO,PIPO43,16.0,NA,NA,NA,dead
1,PIPO,PIPO43,2.0,688,NA,10,alive
1,PIPO,PIPO43,2.5,NA,NA,25,alive
1,PIPO,PIPO43,3.0,650,NA,25,alive
1,PIPO,PIPO43,3.5,NA,NA,25,alive
1,PIPO,PIPO43,4.0,598,NA,25,alive
1,PIPO,PIPO43,4.5,NA,NA,50,alive
1,PIPO,PIPO43,5.0,534,NA,50,alive
1,PIPO,PIPO43,5.5,NA,NA,50,alive
1,PIPO,PIPO43,6.0,498,NA,50,alive
1,PIPO,PIPO43,6.5,NA,NA,75,alive
1,PIPO,PIPO43,7.0,470,NA,25,alive
1,PIPO,PIPO43,7.5,NA,NA,50,alive
1,PIPO,PIPO43,8.0,430,NA,75,alive
1,PIPO,PIPO43,8.5,NA,NA,75,alive
1,PIPO,PIPO43,9.0,406,NA,75,alive
1,PIPO,PIPO43,9.5,NA,NA,NA,alive
1,PIPO,PIPO44,1.0,693,NA,10,alive
1,PIPO,PIPO44,1.5,NA,NA,10,alive
1,PIPO,PIPO44,10.0,369,NA,25,alive
1,PIPO,PIPO44,10.5,NA,NA,25,alive
1,PIPO,PIPO44,11.0,347,NA,50,alive
1,PIPO,PIPO44,11.5,NA,NA,50,alive
1,PIPO,PIPO44,12.0,338,NA,50,dead
1,PIPO,PIPO44,12.5,NA,NA,50,dead
1,PIPO,PIPO44,13.0,336,NA,50,dead
1,PIPO,PIPO44,13.5,NA,NA,75,dead
1,PIPO,PIPO44,14.0,336,NA,50,dead
1,PIPO,PIPO44,14.5,NA,NA,NA,dead
1,PIPO,PIPO44,15.0,NA,NA,NA,dead
1,PIPO,PIPO44,15.5,NA,NA,NA,dead
1,PIPO,PIPO44,16.0,NA,NA,NA,dead
1,PIPO,PIPO44,2.0,660,NA,10,alive
1,PIPO,PIPO44,2.5,NA,NA,10,alive
1,PIPO,PIPO44,3.0,629,NA,10,alive
1,PIPO,PIPO44,3.5,NA,NA,10,alive
1,PIPO,PIPO44,4.0,586,NA,10,alive
1,PIPO,PIPO44,4.5,NA,NA,10,alive
1,PIPO,PIPO44,5.0,532,NA,10,alive
1,PIPO,PIPO44,5.5,NA,NA,10,alive
1,PIPO,PIPO44,6.0,495,NA,10,alive
1,PIPO,PIPO44,6.5,NA,NA,25,alive
1,PIPO,PIPO44,7.0,461,NA,10,alive
1,PIPO,PIPO44,7.5,NA,NA,25,alive
1,PIPO,PIPO44,8.0,421,NA,25,alive
1,PIPO,PIPO44,8.5,NA,NA,25,alive
1,PIPO,PIPO44,9.0,397,NA,25,alive
1,PIPO,PIPO44,9.5,NA,NA,NA,alive
1,PIPO,PIPO45,1.0,642,NA,10,alive
1,PIPO,PIPO45,1.5,NA,NA,10,alive
1,PIPO,PIPO45,10.0,306,NA,75,dead
1,PIPO,PIPO45,10.5,NA,NA,75,dead
1,PIPO,PIPO45,11.0,304,NA,75,dead
1,PIPO,PIPO45,11.5,NA,NA,75,dead
1,PIPO,PIPO45,12.0,302,NA,75,dead
1,PIPO,PIPO45,12.5,NA,NA,75,dead
1,PIPO,PIPO45,13.0,301,NA,75,dead
1,PIPO,PIPO45,13.5,NA,NA,75,dead
1,PIPO,PIPO45,14.0,NA,NA,NA,dead
1,PIPO,PIPO45,14.5,NA,NA,NA,dead
1,PIPO,PIPO45,15.0,NA,NA,NA,dead
1,PIPO,PIPO45,15.5,NA,NA,NA,dead
1,PIPO,PIPO45,16.0,NA,NA,NA,dead
1,PIPO,PIPO45,2.0,603,NA,10,alive
1,PIPO,PIPO45,2.5,NA,NA,10,alive
1,PIPO,PIPO45,3.0,562,NA,10,alive
1,PIPO,PIPO45,3.5,NA,NA,10,alive
1,PIPO,PIPO45,4.0,508,NA,10,alive
1,PIPO,PIPO45,4.5,NA,NA,10,alive
1,PIPO,PIPO45,5.0,445,NA,10,alive
1,PIPO,PIPO45,5.5,NA,NA,10,alive
1,PIPO,PIPO45,6.0,420,NA,25,alive
1,PIPO,PIPO45,6.5,NA,NA,25,alive
1,PIPO,PIPO45,7.0,397,NA,10,alive
1,PIPO,PIPO45,7.5,NA,NA,25,alive
1,PIPO,PIPO45,8.0,367,NA,50,alive
1,PIPO,PIPO45,8.5,NA,NA,50,alive
1,PIPO,PIPO45,9.0,328,NA,50,alive
1,PIPO,PIPO45,9.5,NA,NA,NA,NA
1,PIPO,PIPO46,1.0,672,154.6,10,alive
1,PIPO,PIPO46,1.5,NA,NA,10,alive
1,PIPO,PIPO46,10.0,359,36.1,25,alive
1,PIPO,PIPO46,10.5,NA,NA,25,alive
1,PIPO,PIPO46,11.0,341,42.5,50,alive
1,PIPO,PIPO46,11.5,NA,NA,50,alive
1,PIPO,PIPO46,12.0,323,60.6,50,alive
1,PIPO,PIPO46,12.5,NA,NA,50,dead
1,PIPO,PIPO46,13.0,320,38.4,50,dead
1,PIPO,PIPO46,13.5,NA,NA,75,dead
1,PIPO,PIPO46,14.0,320,63.7,75,dead
1,PIPO,PIPO46,14.5,NA,NA,75,dead
1,PIPO,PIPO46,15.0,319,63.4,90,dead
1,PIPO,PIPO46,15.5,NA,NA,NA,dead
1,PIPO,PIPO46,16.0,NA,NA,NA,dead
1,PIPO,PIPO46,2.0,641,122.5,10,alive
1,PIPO,PIPO46,2.5,NA,NA,10,alive
1,PIPO,PIPO46,3.0,604,205.8,10,alive
1,PIPO,PIPO46,3.5,NA,NA,10,alive
1,PIPO,PIPO46,4.0,554,182.2,10,alive
1,PIPO,PIPO46,4.5,NA,NA,25,alive
1,PIPO,PIPO46,5.0,482,125.3,25,alive
1,PIPO,PIPO46,5.5,NA,NA,25,alive
1,PIPO,PIPO46,6.0,462,66.1,25,alive
1,PIPO,PIPO46,6.5,NA,NA,25,alive
1,PIPO,PIPO46,7.0,439,64.1,10,alive
1,PIPO,PIPO46,7.5,NA,NA,25,alive
1,PIPO,PIPO46,8.0,411,57.2,25,alive
1,PIPO,PIPO46,8.5,NA,NA,10,alive
1,PIPO,PIPO46,9.0,385,48.4,10,alive
1,PIPO,PIPO46,9.5,NA,NA,NA,alive
1,PIPO,PIPO47,1.0,647,NA,10,alive
1,PIPO,PIPO47,1.5,NA,NA,10,alive
1,PIPO,PIPO47,10.0,312,NA,75,alive
1,PIPO,PIPO47,10.5,NA,NA,75,dead
1,PIPO,PIPO47,11.0,309,NA,75,dead
1,PIPO,PIPO47,11.5,NA,NA,75,dead
1,PIPO,PIPO47,12.0,307,NA,75,dead
1,PIPO,PIPO47,12.5,NA,NA,75,dead
1,PIPO,PIPO47,13.0,305,NA,50,dead
1,PIPO,PIPO47,13.5,NA,NA,75,dead
1,PIPO,PIPO47,14.0,NA,NA,NA,dead
1,PIPO,PIPO47,14.5,NA,NA,NA,dead
1,PIPO,PIPO47,15.0,NA,NA,NA,dead
1,PIPO,PIPO47,15.5,NA,NA,NA,dead
1,PIPO,PIPO47,16.0,NA,NA,NA,dead
1,PIPO,PIPO47,2.0,610,NA,10,alive
1,PIPO,PIPO47,2.5,NA,NA,10,alive
1,PIPO,PIPO47,3.0,566,NA,10,alive
1,PIPO,PIPO47,3.5,NA,NA,25,alive
1,PIPO,PIPO47,4.0,512,NA,10,alive
1,PIPO,PIPO47,4.5,NA,NA,25,alive
1,PIPO,PIPO47,5.0,447,NA,25,alive
1,PIPO,PIPO47,5.5,NA,NA,50,alive
1,PIPO,PIPO47,6.0,420,NA,50,alive
1,PIPO,PIPO47,6.5,NA,NA,50,alive
1,PIPO,PIPO47,7.0,392,NA,25,alive
1,PIPO,PIPO47,7.5,NA,NA,50,alive
1,PIPO,PIPO47,8.0,364,NA,50,alive
1,PIPO,PIPO47,8.5,NA,NA,50,alive
1,PIPO,PIPO47,9.0,338,NA,50,alive
1,PIPO,PIPO47,9.5,NA,NA,NA,alive
1,PIPO,PIPO48,1.0,703,NA,10,alive
1,PIPO,PIPO48,1.5,NA,NA,10,alive
1,PIPO,PIPO48,10.0,571,NA,25,alive
1,PIPO,PIPO48,10.5,NA,NA,25,alive
1,PIPO,PIPO48,11.0,577,NA,25,alive
1,PIPO,PIPO48,11.5,NA,NA,25,alive
1,PIPO,PIPO48,12.0,517,NA,25,alive
1,PIPO,PIPO48,12.5,NA,NA,10,alive
1,PIPO,PIPO48,13.0,551,NA,25,alive
1,PIPO,PIPO48,13.5,NA,NA,25,alive
1,PIPO,PIPO48,14.0,476,NA,10,alive
1,PIPO,PIPO48,14.5,NA,NA,25,alive
1,PIPO,PIPO48,15.0,558,NA,25,alive
1,PIPO,PIPO48,15.5,NA,NA,25,alive
1,PIPO,PIPO48,16.0,475,NA,25,alive
1,PIPO,PIPO48,2.0,701,NA,10,alive
1,PIPO,PIPO48,2.5,NA,NA,10,alive
1,PIPO,PIPO48,3.0,653,NA,10,alive
1,PIPO,PIPO48,3.5,NA,NA,25,alive
1,PIPO,PIPO48,4.0,594,NA,25,alive
1,PIPO,PIPO48,4.5,NA,NA,25,alive
1,PIPO,PIPO48,5.0,620,NA,25,alive
1,PIPO,PIPO48,5.5,NA,NA,25,alive
1,PIPO,PIPO48,6.0,580,NA,25,alive
1,PIPO,PIPO48,6.5,NA,NA,25,alive
1,PIPO,PIPO48,7.0,629,NA,10,alive
1,PIPO,PIPO48,7.5,NA,NA,25,alive
1,PIPO,PIPO48,8.0,516,NA,25,alive
1,PIPO,PIPO48,8.5,NA,NA,25,alive
1,PIPO,PIPO48,9.0,583,NA,25,alive
1,PIPO,PIPO48,9.5,NA,NA,NA,alive
1,PIPO,PIPO49,1.0,723,NA,10,alive
1,PIPO,PIPO49,1.5,NA,NA,10,alive
1,PIPO,PIPO49,10.0,422,NA,10,alive
1,PIPO,PIPO49,10.5,NA,NA,10,alive
1,PIPO,PIPO49,11.0,397,NA,25,alive
1,PIPO,PIPO49,11.5,NA,NA,25,alive
1,PIPO,PIPO49,12.0,375,NA,25,alive
1,PIPO,PIPO49,12.5,NA,NA,25,alive
1,PIPO,PIPO49,13.0,355,NA,25,dead
1,PIPO,PIPO49,13.5,NA,NA,50,dead
1,PIPO,PIPO49,14.0,354,NA,50,dead
1,PIPO,PIPO49,14.5,NA,NA,50,dead
1,PIPO,PIPO49,15.0,354,NA,75,dead
1,PIPO,PIPO49,15.5,NA,NA,NA,dead
1,PIPO,PIPO49,16.0,NA,NA,NA,dead
1,PIPO,PIPO49,2.0,702,NA,10,alive
1,PIPO,PIPO49,2.5,NA,NA,10,alive
1,PIPO,PIPO49,3.0,672,NA,10,alive
1,PIPO,PIPO49,3.5,NA,NA,10,alive
1,PIPO,PIPO49,4.0,632,NA,10,alive
1,PIPO,PIPO49,4.5,NA,NA,10,alive
1,PIPO,PIPO49,5.0,583,NA,10,alive
1,PIPO,PIPO49,5.5,NA,NA,10,alive
1,PIPO,PIPO49,6.0,545,NA,10,alive
1,PIPO,PIPO49,6.5,NA,NA,10,alive
1,PIPO,PIPO49,7.0,505,NA,10,alive
1,PIPO,PIPO49,7.5,NA,NA,10,alive
1,PIPO,PIPO49,8.0,469,NA,10,alive
1,PIPO,PIPO49,8.5,NA,NA,10,alive
1,PIPO,PIPO49,9.0,447,NA,10,alive
1,PIPO,PIPO49,9.5,NA,NA,NA,alive
1,PIPO,PIPO50,1.0,726,127.9,10,alive
1,PIPO,PIPO50,1.5,NA,NA,25,alive
1,PIPO,PIPO50,10.0,364,44.4,50,dead
1,PIPO,PIPO50,10.5,NA,NA,50,dead
1,PIPO,PIPO50,11.0,362,79.1,50,dead
1,PIPO,PIPO50,11.5,NA,NA,75,dead
1,PIPO,PIPO50,12.0,361,63.9,75,dead
1,PIPO,PIPO50,12.5,NA,NA,90,dead
1,PIPO,PIPO50,13.0,358,56.5,90,dead
1,PIPO,PIPO50,13.5,NA,NA,75,dead
1,PIPO,PIPO50,14.0,NA,NA,NA,dead
1,PIPO,PIPO50,14.5,NA,NA,NA,dead
1,PIPO,PIPO50,15.0,NA,NA,NA,dead
1,PIPO,PIPO50,15.5,NA,NA,NA,dead
1,PIPO,PIPO50,16.0,NA,NA,NA,dead
1,PIPO,PIPO50,2.0,671,217.3,10,alive
1,PIPO,PIPO50,2.5,NA,NA,10,alive
1,PIPO,PIPO50,3.0,623,304.7,10,alive
1,PIPO,PIPO50,3.5,NA,NA,10,alive
1,PIPO,PIPO50,4.0,558,260.1,25,alive
1,PIPO,PIPO50,4.5,NA,NA,25,alive
1,PIPO,PIPO50,5.0,483,358.2,25,alive
1,PIPO,PIPO50,5.5,NA,NA,25,alive
1,PIPO,PIPO50,6.0,452,119.1,10,alive
1,PIPO,PIPO50,6.5,NA,NA,25,alive
1,PIPO,PIPO50,7.0,424,101.6,10,alive
1,PIPO,PIPO50,7.5,NA,NA,25,alive
1,PIPO,PIPO50,8.0,388,41.9,10,alive
1,PIPO,PIPO50,8.5,NA,NA,10,alive
1,PIPO,PIPO50,9.0,368,49.6,10,alive
1,PIPO,PIPO50,9.5,NA,NA,NA,NA
2,PIPO,PIPO100,1,553,NA,10,alive
2,PIPO,PIPO100,10,NA,NA,90,dead
2,PIPO,PIPO100,11,NA,NA,90,dead
2,PIPO,PIPO100,12,NA,NA,90,dead
2,PIPO,PIPO100,13,NA,NA,90,dead
2,PIPO,PIPO100,14,NA,NA,90,dead
2,PIPO,PIPO100,15,NA,NA,90,dead
2,PIPO,PIPO100,16,NA,NA,90,dead
2,PIPO,PIPO100,17,NA,NA,90,dead
2,PIPO,PIPO100,18,NA,NA,90,dead
2,PIPO,PIPO100,19,NA,NA,90,dead
2,PIPO,PIPO100,2,437,NA,10,alive
2,PIPO,PIPO100,20,NA,NA,90,dead
2,PIPO,PIPO100,21,NA,NA,90,dead
2,PIPO,PIPO100,22,NA,NA,90,dead
2,PIPO,PIPO100,23,NA,NA,90,dead
2,PIPO,PIPO100,24,NA,NA,90,dead
2,PIPO,PIPO100,25,NA,NA,90,dead
2,PIPO,PIPO100,26,NA,NA,90,dead
2,PIPO,PIPO100,27,NA,NA,90,dead
2,PIPO,PIPO100,28,NA,NA,90,dead
2,PIPO,PIPO100,29,NA,NA,90,dead
2,PIPO,PIPO100,3,374,NA,10,alive
2,PIPO,PIPO100,30,NA,NA,90,dead
2,PIPO,PIPO100,31,NA,NA,90,dead
2,PIPO,PIPO100,32,NA,NA,90,dead
2,PIPO,PIPO100,4,338,NA,10,alive
2,PIPO,PIPO100,5,331,NA,25,alive
2,PIPO,PIPO100,6,331,NA,75,dead
2,PIPO,PIPO100,7,330,NA,75,dead
2,PIPO,PIPO100,8,328,NA,90,dead
2,PIPO,PIPO100,9,NA,NA,90,dead
2,PIPO,PIPO51,1,486,NA,10,alive
2,PIPO,PIPO51,10,386,NA,10,alive
2,PIPO,PIPO51,11,457,NA,25,alive
2,PIPO,PIPO51,12,395,NA,25,alive
2,PIPO,PIPO51,13,465,NA,25,alive
2,PIPO,PIPO51,14,400,NA,25,alive
2,PIPO,PIPO51,15,499,NA,25,alive
2,PIPO,PIPO51,16,NA,NA,25,alive
2,PIPO,PIPO51,17,NA,NA,25,alive
2,PIPO,PIPO51,18,NA,NA,25,alive
2,PIPO,PIPO51,19,NA,NA,25,alive
2,PIPO,PIPO51,2,402,NA,10,alive
2,PIPO,PIPO51,20,NA,NA,25,alive
2,PIPO,PIPO51,21,NA,NA,25,alive
2,PIPO,PIPO51,22,NA,NA,25,alive
2,PIPO,PIPO51,23,NA,NA,25,alive
2,PIPO,PIPO51,24,NA,NA,25,alive
2,PIPO,PIPO51,25,NA,NA,25,alive
2,PIPO,PIPO51,26,NA,NA,25,alive
2,PIPO,PIPO51,27,NA,NA,25,alive
2,PIPO,PIPO51,28,NA,NA,25,alive
2,PIPO,PIPO51,29,NA,NA,25,alive
2,PIPO,PIPO51,3,463,NA,10,alive
2,PIPO,PIPO51,30,NA,NA,25,alive
2,PIPO,PIPO51,31,NA,NA,25,alive
2,PIPO,PIPO51,32,NA,NA,25,alive
2,PIPO,PIPO51,4,393,NA,10,alive
2,PIPO,PIPO51,5,519,NA,10,alive
2,PIPO,PIPO51,6,639,NA,10,alive
2,PIPO,PIPO51,7,555,NA,10,alive
2,PIPO,PIPO51,8,389,NA,10,alive
2,PIPO,PIPO51,9,431,NA,10,alive
2,PIPO,PIPO52,1,479,NA,10,alive
2,PIPO,PIPO52,10,374,NA,10,alive
2,PIPO,PIPO52,11,451,NA,10,alive
2,PIPO,PIPO52,12,386,NA,10,alive
2,PIPO,PIPO52,13,444,NA,10,alive
2,PIPO,PIPO52,14,380,NA,10,alive
2,PIPO,PIPO52,15,459,NA,10,alive
2,PIPO,PIPO52,16,NA,NA,10,alive
2,PIPO,PIPO52,17,NA,NA,10,alive
2,PIPO,PIPO52,18,NA,NA,10,alive
2,PIPO,PIPO52,19,NA,NA,10,alive
2,PIPO,PIPO52,2,373,NA,10,alive
2,PIPO,PIPO52,20,NA,NA,10,alive
2,PIPO,PIPO52,21,NA,NA,10,alive
2,PIPO,PIPO52,22,NA,NA,10,alive
2,PIPO,PIPO52,23,NA,NA,10,alive
2,PIPO,PIPO52,24,NA,NA,10,alive
2,PIPO,PIPO52,25,NA,NA,10,alive
2,PIPO,PIPO52,26,NA,NA,10,alive
2,PIPO,PIPO52,27,NA,NA,10,alive
2,PIPO,PIPO52,28,NA,NA,10,alive
2,PIPO,PIPO52,29,NA,NA,10,alive
2,PIPO,PIPO52,3,432,NA,10,alive
2,PIPO,PIPO52,30,NA,NA,10,alive
2,PIPO,PIPO52,31,NA,NA,10,alive
2,PIPO,PIPO52,32,NA,NA,10,alive
2,PIPO,PIPO52,4,366,NA,10,alive
2,PIPO,PIPO52,5,472,NA,10,alive
2,PIPO,PIPO52,6,566,NA,10,alive
2,PIPO,PIPO52,7,495,NA,10,alive
2,PIPO,PIPO52,8,351,NA,10,alive
2,PIPO,PIPO52,9,434,NA,10,alive
2,PIPO,PIPO53,1,568,42.9,10,alive
2,PIPO,PIPO53,10,399,136.1,10,alive
2,PIPO,PIPO53,11,458,98,10,alive
2,PIPO,PIPO53,12,389,82.5,10,alive
2,PIPO,PIPO53,13,481,87.6,10,alive
2,PIPO,PIPO53,14,399,82.3,10,alive
2,PIPO,PIPO53,15,475,95.1,10,alive
2,PIPO,PIPO53,16,NA,NA,10,alive
2,PIPO,PIPO53,17,NA,NA,10,alive
2,PIPO,PIPO53,18,NA,NA,10,alive
2,PIPO,PIPO53,19,NA,NA,10,alive
2,PIPO,PIPO53,2,414,312.9,10,alive
2,PIPO,PIPO53,20,NA,NA,10,alive
2,PIPO,PIPO53,21,NA,NA,10,alive
2,PIPO,PIPO53,22,NA,NA,10,alive
2,PIPO,PIPO53,23,NA,NA,10,alive
2,PIPO,PIPO53,24,NA,NA,10,alive
2,PIPO,PIPO53,25,NA,NA,10,alive
2,PIPO,PIPO53,26,NA,NA,10,alive
2,PIPO,PIPO53,27,NA,NA,10,alive
2,PIPO,PIPO53,28,NA,NA,10,alive
2,PIPO,PIPO53,29,NA,NA,10,alive
2,PIPO,PIPO53,3,464,97.3,10,alive
2,PIPO,PIPO53,30,NA,NA,10,alive
2,PIPO,PIPO53,31,NA,NA,10,alive
2,PIPO,PIPO53,32,NA,NA,10,alive
2,PIPO,PIPO53,4,386,93.7,10,alive
2,PIPO,PIPO53,5,505,101.8,10,alive
2,PIPO,PIPO53,6,631,77.9,10,alive
2,PIPO,PIPO53,7,561,90.4,10,alive
2,PIPO,PIPO53,8,369,32.8,10,alive
2,PIPO,PIPO53,9,468,83.8,10,alive
2,PIPO,PIPO54,1,454,71.4,10,alive
2,PIPO,PIPO54,10,348,103.6,10,alive
2,PIPO,PIPO54,11,438,116.2,10,alive
2,PIPO,PIPO54,12,366,123.1,10,alive
2,PIPO,PIPO54,13,466,102,10,alive
2,PIPO,PIPO54,14,389,95.8,10,alive
2,PIPO,PIPO54,15,467,138,10,alive
2,PIPO,PIPO54,16,NA,NA,10,alive
2,PIPO,PIPO54,17,NA,NA,10,alive
2,PIPO,PIPO54,18,NA,NA,10,alive
2,PIPO,PIPO54,19,NA,NA,10,alive
2,PIPO,PIPO54,2,349,185.1,10,alive
2,PIPO,PIPO54,20,NA,NA,10,alive
2,PIPO,PIPO54,21,NA,NA,10,alive
2,PIPO,PIPO54,22,NA,NA,10,alive
2,PIPO,PIPO54,23,NA,NA,10,alive
2,PIPO,PIPO54,24,NA,NA,10,alive
2,PIPO,PIPO54,25,NA,NA,10,alive
2,PIPO,PIPO54,26,NA,NA,10,alive
2,PIPO,PIPO54,27,NA,NA,10,alive
2,PIPO,PIPO54,28,NA,NA,10,alive
2,PIPO,PIPO54,29,NA,NA,10,alive
2,PIPO,PIPO54,3,398,94.1,10,alive
2,PIPO,PIPO54,30,NA,NA,10,alive
2,PIPO,PIPO54,31,NA,NA,10,alive
2,PIPO,PIPO54,32,NA,NA,10,alive
2,PIPO,PIPO54,4,333,54.1,10,alive
2,PIPO,PIPO54,5,463,89.5,10,alive
2,PIPO,PIPO54,6,521,61.7,10,alive
2,PIPO,PIPO54,7,461,70.4,10,alive
2,PIPO,PIPO54,8,329,42.8,10,alive
2,PIPO,PIPO54,9,410,73.1,10,alive
2,PIPO,PIPO55,1,539,92.5,10,alive
2,PIPO,PIPO55,10,405,63.2,10,alive
2,PIPO,PIPO55,11,497,59.5,25,alive
2,PIPO,PIPO55,12,446,62.2,25,alive
2,PIPO,PIPO55,13,531,75.7,25,alive
2,PIPO,PIPO55,14,474,81,25,alive
2,PIPO,PIPO55,15,547,87.1,25,alive
2,PIPO,PIPO55,16,NA,NA,25,alive
2,PIPO,PIPO55,17,NA,NA,25,alive
2,PIPO,PIPO55,18,NA,NA,25,alive
2,PIPO,PIPO55,19,NA,NA,25,alive
2,PIPO,PIPO55,2,424,124.9,10,alive
2,PIPO,PIPO55,20,NA,NA,25,alive
2,PIPO,PIPO55,21,NA,NA,25,alive
2,PIPO,PIPO55,22,NA,NA,25,alive
2,PIPO,PIPO55,23,NA,NA,25,alive
2,PIPO,PIPO55,24,NA,NA,25,alive
2,PIPO,PIPO55,25,NA,NA,25,alive
2,PIPO,PIPO55,26,NA,NA,25,alive
2,PIPO,PIPO55,27,NA,NA,25,alive
2,PIPO,PIPO55,28,NA,NA,25,alive
2,PIPO,PIPO55,29,NA,NA,25,alive
2,PIPO,PIPO55,3,466,63.3,10,alive
2,PIPO,PIPO55,30,NA,NA,25,alive
2,PIPO,PIPO55,31,NA,NA,25,alive
2,PIPO,PIPO55,32,NA,NA,25,alive
2,PIPO,PIPO55,4,379,63.2,10,alive
2,PIPO,PIPO55,5,497,92.9,10,alive
2,PIPO,PIPO55,6,524,56.3,10,alive
2,PIPO,PIPO55,7,455,74.6,10,alive
2,PIPO,PIPO55,8,356,32.6,10,alive
2,PIPO,PIPO55,9,440,76.6,10,alive
2,PIPO,PIPO56,1,498,56.9,10,alive
2,PIPO,PIPO56,10,NA,NA,90,dead
2,PIPO,PIPO56,11,NA,NA,90,dead
2,PIPO,PIPO56,12,NA,NA,90,dead
2,PIPO,PIPO56,13,NA,NA,90,dead
2,PIPO,PIPO56,14,NA,NA,90,dead
2,PIPO,PIPO56,15,NA,NA,90,dead
2,PIPO,PIPO56,16,NA,NA,90,dead
2,PIPO,PIPO56,17,NA,NA,90,dead
2,PIPO,PIPO56,18,NA,NA,90,dead
2,PIPO,PIPO56,19,NA,NA,90,dead
2,PIPO,PIPO56,2,418,141.7,10,alive
2,PIPO,PIPO56,20,NA,NA,90,dead
2,PIPO,PIPO56,21,NA,NA,90,dead
2,PIPO,PIPO56,22,NA,NA,90,dead
2,PIPO,PIPO56,23,NA,NA,90,dead
2,PIPO,PIPO56,24,NA,NA,90,dead
2,PIPO,PIPO56,25,NA,NA,90,dead
2,PIPO,PIPO56,26,NA,NA,90,dead
2,PIPO,PIPO56,27,NA,NA,90,dead
2,PIPO,PIPO56,28,NA,NA,90,dead
2,PIPO,PIPO56,29,NA,NA,90,dead
2,PIPO,PIPO56,3,373,22.5,10,alive
2,PIPO,PIPO56,30,NA,NA,90,dead
2,PIPO,PIPO56,31,NA,NA,90,dead
2,PIPO,PIPO56,32,NA,NA,90,dead
2,PIPO,PIPO56,4,344,50.5,10,alive
2,PIPO,PIPO56,5,339,36.6,50,dead
2,PIPO,PIPO56,6,340,70.8,75,dead
2,PIPO,PIPO56,7,340,58,90,dead
2,PIPO,PIPO56,8,336,45.2,90,dead
2,PIPO,PIPO56,9,NA,NA,90,dead
2,PIPO,PIPO57,1,581,47.1,10,alive
2,PIPO,PIPO57,10,NA,NA,75,dead
2,PIPO,PIPO57,11,NA,NA,75,dead
2,PIPO,PIPO57,12,NA,NA,75,dead
2,PIPO,PIPO57,13,NA,NA,75,dead
2,PIPO,PIPO57,14,NA,NA,75,dead
2,PIPO,PIPO57,15,NA,NA,75,dead
2,PIPO,PIPO57,16,NA,NA,75,dead
2,PIPO,PIPO57,17,NA,NA,75,dead
2,PIPO,PIPO57,18,NA,NA,75,dead
2,PIPO,PIPO57,19,NA,NA,75,dead
2,PIPO,PIPO57,2,485,51.2,10,alive
2,PIPO,PIPO57,20,NA,NA,75,dead
2,PIPO,PIPO57,21,NA,NA,75,dead
2,PIPO,PIPO57,22,NA,NA,75,dead
2,PIPO,PIPO57,23,NA,NA,75,dead
2,PIPO,PIPO57,24,NA,NA,75,dead
2,PIPO,PIPO57,25,NA,NA,75,dead
2,PIPO,PIPO57,26,NA,NA,75,dead
2,PIPO,PIPO57,27,NA,NA,75,dead
2,PIPO,PIPO57,28,NA,NA,75,dead
2,PIPO,PIPO57,29,NA,NA,75,dead
2,PIPO,PIPO57,3,424,26.6,10,alive
2,PIPO,PIPO57,30,NA,NA,75,dead
2,PIPO,PIPO57,31,NA,NA,75,dead
2,PIPO,PIPO57,32,NA,NA,75,dead
2,PIPO,PIPO57,4,372,60,10,alive
2,PIPO,PIPO57,5,348,38.3,25,alive
2,PIPO,PIPO57,6,329,49.9,25,alive
2,PIPO,PIPO57,7,321,58.1,50,alive
2,PIPO,PIPO57,8,312,46.9,75,dead
2,PIPO,PIPO57,9,NA,NA,75,dead
2,PIPO,PIPO58,1,594,59.5,10,alive
2,PIPO,PIPO58,10,NA,NA,90,dead
2,PIPO,PIPO58,11,NA,NA,90,dead
2,PIPO,PIPO58,12,NA,NA,90,dead
2,PIPO,PIPO58,13,NA,NA,90,dead
2,PIPO,PIPO58,14,NA,NA,90,dead
2,PIPO,PIPO58,15,NA,NA,90,dead
2,PIPO,PIPO58,16,NA,NA,90,dead
2,PIPO,PIPO58,17,NA,NA,90,dead
2,PIPO,PIPO58,18,NA,NA,90,dead
2,PIPO,PIPO58,19,NA,NA,90,dead
2,PIPO,PIPO58,2,483,132.9,10,alive
2,PIPO,PIPO58,20,NA,NA,90,dead
2,PIPO,PIPO58,21,NA,NA,90,dead
2,PIPO,PIPO58,22,NA,NA,90,dead
2,PIPO,PIPO58,23,NA,NA,90,dead
2,PIPO,PIPO58,24,NA,NA,90,dead
2,PIPO,PIPO58,25,NA,NA,90,dead
2,PIPO,PIPO58,26,NA,NA,90,dead
2,PIPO,PIPO58,27,NA,NA,90,dead
2,PIPO,PIPO58,28,NA,NA,90,dead
2,PIPO,PIPO58,29,NA,NA,90,dead
2,PIPO,PIPO58,3,415,64.8,10,alive
2,PIPO,PIPO58,30,NA,NA,90,dead
2,PIPO,PIPO58,31,NA,NA,90,dead
2,PIPO,PIPO58,32,NA,NA,90,dead
2,PIPO,PIPO58,4,381,51.6,10,alive
2,PIPO,PIPO58,5,369,34.8,25,alive
2,PIPO,PIPO58,6,357,51.6,50,alive
2,PIPO,PIPO58,7,355,63.1,50,dead
2,PIPO,PIPO58,8,349,44.4,90,dead
2,PIPO,PIPO58,9,NA,NA,90,dead
2,PIPO,PIPO59,1,441,147.3,10,alive
2,PIPO,PIPO59,10,NA,NA,90,dead
2,PIPO,PIPO59,11,NA,NA,90,dead
2,PIPO,PIPO59,12,NA,NA,90,dead
2,PIPO,PIPO59,13,NA,NA,90,dead
2,PIPO,PIPO59,14,NA,NA,90,dead
2,PIPO,PIPO59,15,NA,NA,90,dead
2,PIPO,PIPO59,16,NA,NA,90,dead
2,PIPO,PIPO59,17,NA,NA,90,dead
2,PIPO,PIPO59,18,NA,NA,90,dead
2,PIPO,PIPO59,19,NA,NA,90,dead
2,PIPO,PIPO59,2,382,47.3,10,alive
2,PIPO,PIPO59,20,NA,NA,90,dead
2,PIPO,PIPO59,21,NA,NA,90,dead
2,PIPO,PIPO59,22,NA,NA,90,dead
2,PIPO,PIPO59,23,NA,NA,90,dead
2,PIPO,PIPO59,24,NA,NA,90,dead
2,PIPO,PIPO59,25,NA,NA,90,dead
2,PIPO,PIPO59,26,NA,NA,90,dead
2,PIPO,PIPO59,27,NA,NA,90,dead
2,PIPO,PIPO59,28,NA,NA,90,dead
2,PIPO,PIPO59,29,NA,NA,90,dead
2,PIPO,PIPO59,3,358,25.2,10,alive
2,PIPO,PIPO59,30,NA,NA,90,dead
2,PIPO,PIPO59,31,NA,NA,90,dead
2,PIPO,PIPO59,32,NA,NA,90,dead
2,PIPO,PIPO59,4,334,52.4,25,dead
2,PIPO,PIPO59,5,332,39.8,50,dead
2,PIPO,PIPO59,6,333,70.7,75,dead
2,PIPO,PIPO59,7,332,75.8,75,dead
2,PIPO,PIPO59,8,329,43,90,dead
2,PIPO,PIPO59,9,NA,NA,90,dead
2,PIPO,PIPO60,1,463,64.9,10,alive
2,PIPO,PIPO60,10,NA,NA,90,dead
2,PIPO,PIPO60,11,NA,NA,90,dead
2,PIPO,PIPO60,12,NA,NA,90,dead
2,PIPO,PIPO60,13,NA,NA,90,dead
2,PIPO,PIPO60,14,NA,NA,90,dead
2,PIPO,PIPO60,15,NA,NA,90,dead
2,PIPO,PIPO60,16,NA,NA,90,dead
2,PIPO,PIPO60,17,NA,NA,90,dead
2,PIPO,PIPO60,18,NA,NA,90,dead
2,PIPO,PIPO60,19,NA,NA,90,dead
2,PIPO,PIPO60,2,376,140.8,10,alive
2,PIPO,PIPO60,20,NA,NA,90,dead
2,PIPO,PIPO60,21,NA,NA,90,dead
2,PIPO,PIPO60,22,NA,NA,90,dead
2,PIPO,PIPO60,23,NA,NA,90,dead
2,PIPO,PIPO60,24,NA,NA,90,dead
2,PIPO,PIPO60,25,NA,NA,90,dead
2,PIPO,PIPO60,26,NA,NA,90,dead
2,PIPO,PIPO60,27,NA,NA,90,dead
2,PIPO,PIPO60,28,NA,NA,90,dead
2,PIPO,PIPO60,29,NA,NA,90,dead
2,PIPO,PIPO60,3,351,23.6,10,alive
2,PIPO,PIPO60,30,NA,NA,90,dead
2,PIPO,PIPO60,31,NA,NA,90,dead
2,PIPO,PIPO60,32,NA,NA,90,dead
2,PIPO,PIPO60,4,331,45.7,10,alive
2,PIPO,PIPO60,5,322,34.5,25,alive
2,PIPO,PIPO60,6,320,47.7,75,dead
2,PIPO,PIPO60,7,319,53.8,75,dead
2,PIPO,PIPO60,8,315,45,90,dead
2,PIPO,PIPO60,9,NA,NA,90,dead
2,PIPO,PIPO61,1,431,88.4,10,alive
2,PIPO,PIPO61,10,NA,NA,90,dead
2,PIPO,PIPO61,11,NA,NA,90,dead
2,PIPO,PIPO61,12,NA,NA,90,dead
2,PIPO,PIPO61,13,NA,NA,90,dead
2,PIPO,PIPO61,14,NA,NA,90,dead
2,PIPO,PIPO61,15,NA,NA,90,dead
2,PIPO,PIPO61,16,NA,NA,90,dead
2,PIPO,PIPO61,17,NA,NA,90,dead
2,PIPO,PIPO61,18,NA,NA,90,dead
2,PIPO,PIPO61,19,NA,NA,90,dead
2,PIPO,PIPO61,2,382,50.6,10,alive
2,PIPO,PIPO61,20,NA,NA,90,dead
2,PIPO,PIPO61,21,NA,NA,90,dead
2,PIPO,PIPO61,22,NA,NA,90,dead
2,PIPO,PIPO61,23,NA,NA,90,dead
2,PIPO,PIPO61,24,NA,NA,90,dead
2,PIPO,PIPO61,25,NA,NA,90,dead
2,PIPO,PIPO61,26,NA,NA,90,dead
2,PIPO,PIPO61,27,NA,NA,90,dead
2,PIPO,PIPO61,28,NA,NA,90,dead
2,PIPO,PIPO61,29,NA,NA,90,dead
2,PIPO,PIPO61,3,360,21.8,10,alive
2,PIPO,PIPO61,30,NA,NA,90,dead
2,PIPO,PIPO61,31,NA,NA,90,dead
2,PIPO,PIPO61,32,NA,NA,90,dead
2,PIPO,PIPO61,4,339,57.6,25,alive
2,PIPO,PIPO61,5,335,44.6,50,dead
2,PIPO,PIPO61,6,335,72,75,dead
2,PIPO,PIPO61,7,335,63.5,90,dead
2,PIPO,PIPO61,8,331,42.4,90,dead
2,PIPO,PIPO61,9,NA,NA,90,dead
2,PIPO,PIPO62,1,585,50.6,10,alive
2,PIPO,PIPO62,10,NA,NA,90,dead
2,PIPO,PIPO62,11,NA,NA,90,dead
2,PIPO,PIPO62,12,NA,NA,90,dead
2,PIPO,PIPO62,13,NA,NA,90,dead
2,PIPO,PIPO62,14,NA,NA,90,dead
2,PIPO,PIPO62,15,NA,NA,90,dead
2,PIPO,PIPO62,16,NA,NA,90,dead
2,PIPO,PIPO62,17,NA,NA,90,dead
2,PIPO,PIPO62,18,NA,NA,90,dead
2,PIPO,PIPO62,19,NA,NA,90,dead
2,PIPO,PIPO62,2,493,55.1,10,alive
2,PIPO,PIPO62,20,NA,NA,90,dead
2,PIPO,PIPO62,21,NA,NA,90,dead
2,PIPO,PIPO62,22,NA,NA,90,dead
2,PIPO,PIPO62,23,NA,NA,90,dead
2,PIPO,PIPO62,24,NA,NA,90,dead
2,PIPO,PIPO62,25,NA,NA,90,dead
2,PIPO,PIPO62,26,NA,NA,90,dead
2,PIPO,PIPO62,27,NA,NA,90,dead
2,PIPO,PIPO62,28,NA,NA,90,dead
2,PIPO,PIPO62,29,NA,NA,90,dead
2,PIPO,PIPO62,3,437,25.8,10,alive
2,PIPO,PIPO62,30,NA,NA,90,dead
2,PIPO,PIPO62,31,NA,NA,90,dead
2,PIPO,PIPO62,32,NA,NA,90,dead
2,PIPO,PIPO62,4,391,57.9,10,alive
2,PIPO,PIPO62,5,362,38.6,10,alive
2,PIPO,PIPO62,6,339,42.4,10,alive
2,PIPO,PIPO62,7,332,58.2,50,dead
2,PIPO,PIPO62,8,325,40.8,90,dead
2,PIPO,PIPO62,9,NA,NA,90,dead
2,PIPO,PIPO63,1,471,61.8,10,alive
2,PIPO,PIPO63,10,NA,NA,90,dead
2,PIPO,PIPO63,11,NA,NA,90,dead
2,PIPO,PIPO63,12,NA,NA,90,dead
2,PIPO,PIPO63,13,NA,NA,90,dead
2,PIPO,PIPO63,14,NA,NA,90,dead
2,PIPO,PIPO63,15,NA,NA,90,dead
2,PIPO,PIPO63,16,NA,NA,90,dead
2,PIPO,PIPO63,17,NA,NA,90,dead
2,PIPO,PIPO63,18,NA,NA,90,dead
2,PIPO,PIPO63,19,NA,NA,90,dead
2,PIPO,PIPO63,2,396,216.9,10,alive
2,PIPO,PIPO63,20,NA,NA,90,dead
2,PIPO,PIPO63,21,NA,NA,90,dead
2,PIPO,PIPO63,22,NA,NA,90,dead
2,PIPO,PIPO63,23,NA,NA,90,dead
2,PIPO,PIPO63,24,NA,NA,90,dead
2,PIPO,PIPO63,25,NA,NA,90,dead
2,PIPO,PIPO63,26,NA,NA,90,dead
2,PIPO,PIPO63,27,NA,NA,90,dead
2,PIPO,PIPO63,28,NA,NA,90,dead
2,PIPO,PIPO63,29,NA,NA,90,dead
2,PIPO,PIPO63,3,368,18.7,10,alive
2,PIPO,PIPO63,30,NA,NA,90,dead
2,PIPO,PIPO63,31,NA,NA,90,dead
2,PIPO,PIPO63,32,NA,NA,90,dead
2,PIPO,PIPO63,4,341,58,10,alive
2,PIPO,PIPO63,5,331,31.6,25,alive
2,PIPO,PIPO63,6,329,59.9,75,dead
2,PIPO,PIPO63,7,329,61.1,75,dead
2,PIPO,PIPO63,8,324,43.4,90,dead
2,PIPO,PIPO63,9,NA,NA,90,dead
2,PIPO,PIPO64,1,601,50.5,10,alive
2,PIPO,PIPO64,10,NA,NA,90,dead
2,PIPO,PIPO64,11,NA,NA,90,dead
2,PIPO,PIPO64,12,NA,NA,90,dead
2,PIPO,PIPO64,13,NA,NA,90,dead
2,PIPO,PIPO64,14,NA,NA,90,dead
2,PIPO,PIPO64,15,NA,NA,90,dead
2,PIPO,PIPO64,16,NA,NA,90,dead
2,PIPO,PIPO64,17,NA,NA,90,dead
2,PIPO,PIPO64,18,NA,NA,90,dead
2,PIPO,PIPO64,19,NA,NA,90,dead
2,PIPO,PIPO64,2,483,76.7,10,alive
2,PIPO,PIPO64,20,NA,NA,90,dead
2,PIPO,PIPO64,21,NA,NA,90,dead
2,PIPO,PIPO64,22,NA,NA,90,dead
2,PIPO,PIPO64,23,NA,NA,90,dead
2,PIPO,PIPO64,24,NA,NA,90,dead
2,PIPO,PIPO64,25,NA,NA,90,dead
2,PIPO,PIPO64,26,NA,NA,90,dead
2,PIPO,PIPO64,27,NA,NA,90,dead
2,PIPO,PIPO64,28,NA,NA,90,dead
2,PIPO,PIPO64,29,NA,NA,90,dead
2,PIPO,PIPO64,3,425,30.6,10,alive
2,PIPO,PIPO64,30,NA,NA,90,dead
2,PIPO,PIPO64,31,NA,NA,90,dead
2,PIPO,PIPO64,32,NA,NA,90,dead
2,PIPO,PIPO64,4,394,44.8,10,alive
2,PIPO,PIPO64,5,380,37.9,10,alive
2,PIPO,PIPO64,6,371,41.1,10,alive
2,PIPO,PIPO64,7,369,58.4,50,dead
2,PIPO,PIPO64,8,364,41.1,90,dead
2,PIPO,PIPO64,9,NA,NA,90,dead
2,PIPO,PIPO65,1,596,41.2,10,alive
2,PIPO,PIPO65,10,NA,NA,75,dead
2,PIPO,PIPO65,11,NA,NA,75,dead
2,PIPO,PIPO65,12,NA,NA,75,dead
2,PIPO,PIPO65,13,NA,NA,75,dead
2,PIPO,PIPO65,14,NA,NA,75,dead
2,PIPO,PIPO65,15,NA,NA,75,dead
2,PIPO,PIPO65,16,NA,NA,75,dead
2,PIPO,PIPO65,17,NA,NA,75,dead
2,PIPO,PIPO65,18,NA,NA,75,dead
2,PIPO,PIPO65,19,NA,NA,75,dead
2,PIPO,PIPO65,2,492,73.3,10,alive
2,PIPO,PIPO65,20,NA,NA,75,dead
2,PIPO,PIPO65,21,NA,NA,75,dead
2,PIPO,PIPO65,22,NA,NA,75,dead
2,PIPO,PIPO65,23,NA,NA,75,dead
2,PIPO,PIPO65,24,NA,NA,75,dead
2,PIPO,PIPO65,25,NA,NA,75,dead
2,PIPO,PIPO65,26,NA,NA,75,dead
2,PIPO,PIPO65,27,NA,NA,75,dead
2,PIPO,PIPO65,28,NA,NA,75,dead
2,PIPO,PIPO65,29,NA,NA,75,dead
2,PIPO,PIPO65,3,432,32.7,10,alive
2,PIPO,PIPO65,30,NA,NA,75,dead
2,PIPO,PIPO65,31,NA,NA,75,dead
2,PIPO,PIPO65,32,NA,NA,75,dead
2,PIPO,PIPO65,4,385,49.2,10,alive
2,PIPO,PIPO65,5,364,37.6,10,alive
2,PIPO,PIPO65,6,345,49.2,50,alive
2,PIPO,PIPO65,7,341,63.6,50,dead
2,PIPO,PIPO65,8,336,38.9,75,dead
2,PIPO,PIPO65,9,NA,NA,75,dead
2,PIPO,PIPO66,1,553,NA,10,alive
2,PIPO,PIPO66,10,NA,NA,50,dead
2,PIPO,PIPO66,11,NA,NA,50,dead
2,PIPO,PIPO66,12,NA,NA,50,dead
2,PIPO,PIPO66,13,NA,NA,50,dead
2,PIPO,PIPO66,14,NA,NA,50,dead
2,PIPO,PIPO66,15,NA,NA,50,dead
2,PIPO,PIPO66,16,NA,NA,50,dead
2,PIPO,PIPO66,17,NA,NA,50,dead
2,PIPO,PIPO66,18,NA,NA,50,dead
2,PIPO,PIPO66,19,NA,NA,50,dead
2,PIPO,PIPO66,2,472,NA,10,alive
2,PIPO,PIPO66,20,NA,NA,50,dead
2,PIPO,PIPO66,21,NA,NA,50,dead
2,PIPO,PIPO66,22,NA,NA,50,dead
2,PIPO,PIPO66,23,NA,NA,50,dead
2,PIPO,PIPO66,24,NA,NA,50,dead
2,PIPO,PIPO66,25,NA,NA,50,dead
2,PIPO,PIPO66,26,NA,NA,50,dead
2,PIPO,PIPO66,27,NA,NA,50,dead
2,PIPO,PIPO66,28,NA,NA,50,dead
2,PIPO,PIPO66,29,NA,NA,50,dead
2,PIPO,PIPO66,3,417,NA,10,alive
2,PIPO,PIPO66,30,NA,NA,50,dead
2,PIPO,PIPO66,31,NA,NA,50,dead
2,PIPO,PIPO66,32,NA,NA,50,dead
2,PIPO,PIPO66,4,371,NA,10,alive
2,PIPO,PIPO66,5,350,NA,25,alive
2,PIPO,PIPO66,6,324,NA,25,alive
2,PIPO,PIPO66,7,314,NA,25,alive
2,PIPO,PIPO66,8,308,NA,50,dead
2,PIPO,PIPO66,9,NA,NA,50,dead
2,PIPO,PIPO67,1,534,NA,10,alive
2,PIPO,PIPO67,10,NA,NA,75,dead
2,PIPO,PIPO67,11,NA,NA,75,dead
2,PIPO,PIPO67,12,NA,NA,75,dead
2,PIPO,PIPO67,13,NA,NA,75,dead
2,PIPO,PIPO67,14,NA,NA,75,dead
2,PIPO,PIPO67,15,NA,NA,75,dead
2,PIPO,PIPO67,16,NA,NA,75,dead
2,PIPO,PIPO67,17,NA,NA,75,dead
2,PIPO,PIPO67,18,NA,NA,75,dead
2,PIPO,PIPO67,19,NA,NA,75,dead
2,PIPO,PIPO67,2,460,NA,10,alive
2,PIPO,PIPO67,20,NA,NA,75,dead
2,PIPO,PIPO67,21,NA,NA,75,dead
2,PIPO,PIPO67,22,NA,NA,75,dead
2,PIPO,PIPO67,23,NA,NA,75,dead
2,PIPO,PIPO67,24,NA,NA,75,dead
2,PIPO,PIPO67,25,NA,NA,75,dead
2,PIPO,PIPO67,26,NA,NA,75,dead
2,PIPO,PIPO67,27,NA,NA,75,dead
2,PIPO,PIPO67,28,NA,NA,75,dead
2,PIPO,PIPO67,29,NA,NA,75,dead
2,PIPO,PIPO67,3,405,NA,10,alive
2,PIPO,PIPO67,30,NA,NA,75,dead
2,PIPO,PIPO67,31,NA,NA,75,dead
2,PIPO,PIPO67,32,NA,NA,75,dead
2,PIPO,PIPO67,4,354,NA,10,alive
2,PIPO,PIPO67,5,326,NA,25,alive
2,PIPO,PIPO67,6,324,NA,50,dead
2,PIPO,PIPO67,7,324,NA,50,dead
2,PIPO,PIPO67,8,320,NA,75,dead
2,PIPO,PIPO67,9,NA,NA,75,dead
2,PIPO,PIPO68,1,669,NA,10,alive
2,PIPO,PIPO68,10,NA,NA,75,dead
2,PIPO,PIPO68,11,NA,NA,75,dead
2,PIPO,PIPO68,12,NA,NA,75,dead
2,PIPO,PIPO68,13,NA,NA,75,dead
2,PIPO,PIPO68,14,NA,NA,75,dead
2,PIPO,PIPO68,15,NA,NA,75,dead
2,PIPO,PIPO68,16,NA,NA,75,dead
2,PIPO,PIPO68,17,NA,NA,75,dead
2,PIPO,PIPO68,18,NA,NA,75,dead
2,PIPO,PIPO68,19,NA,NA,75,dead
2,PIPO,PIPO68,2,589,NA,10,alive
2,PIPO,PIPO68,20,NA,NA,75,dead
2,PIPO,PIPO68,21,NA,NA,75,dead
2,PIPO,PIPO68,22,NA,NA,75,dead
2,PIPO,PIPO68,23,NA,NA,75,dead
2,PIPO,PIPO68,24,NA,NA,75,dead
2,PIPO,PIPO68,25,NA,NA,75,dead
2,PIPO,PIPO68,26,NA,NA,75,dead
2,PIPO,PIPO68,27,NA,NA,75,dead
2,PIPO,PIPO68,28,NA,NA,75,dead
2,PIPO,PIPO68,29,NA,NA,75,dead
2,PIPO,PIPO68,3,504,NA,10,alive
2,PIPO,PIPO68,30,NA,NA,75,dead
2,PIPO,PIPO68,31,NA,NA,75,dead
2,PIPO,PIPO68,32,NA,NA,75,dead
2,PIPO,PIPO68,4,437,NA,10,alive
2,PIPO,PIPO68,5,405,NA,10,alive
2,PIPO,PIPO68,6,387,NA,10,alive
2,PIPO,PIPO68,7,379,NA,50,alive
2,PIPO,PIPO68,8,370,NA,75,dead
2,PIPO,PIPO68,9,NA,NA,75,dead
2,PIPO,PIPO69,1,441,NA,10,alive
2,PIPO,PIPO69,10,NA,NA,90,dead
2,PIPO,PIPO69,11,NA,NA,90,dead
2,PIPO,PIPO69,12,NA,NA,90,dead
2,PIPO,PIPO69,13,NA,NA,90,dead
2,PIPO,PIPO69,14,NA,NA,90,dead
2,PIPO,PIPO69,15,NA,NA,90,dead
2,PIPO,PIPO69,16,NA,NA,90,dead
2,PIPO,PIPO69,17,NA,NA,90,dead
2,PIPO,PIPO69,18,NA,NA,90,dead
2,PIPO,PIPO69,19,NA,NA,90,dead
2,PIPO,PIPO69,2,374,NA,10,alive
2,PIPO,PIPO69,20,NA,NA,90,dead
2,PIPO,PIPO69,21,NA,NA,90,dead
2,PIPO,PIPO69,22,NA,NA,90,dead
2,PIPO,PIPO69,23,NA,NA,90,dead
2,PIPO,PIPO69,24,NA,NA,90,dead
2,PIPO,PIPO69,25,NA,NA,90,dead
2,PIPO,PIPO69,26,NA,NA,90,dead
2,PIPO,PIPO69,27,NA,NA,90,dead
2,PIPO,PIPO69,28,NA,NA,90,dead
2,PIPO,PIPO69,29,NA,NA,90,dead
2,PIPO,PIPO69,3,339,NA,10,alive
2,PIPO,PIPO69,30,NA,NA,90,dead
2,PIPO,PIPO69,31,NA,NA,90,dead
2,PIPO,PIPO69,32,NA,NA,90,dead
2,PIPO,PIPO69,4,332,NA,50,dead
2,PIPO,PIPO69,5,330,NA,75,dead
2,PIPO,PIPO69,6,331,NA,90,dead
2,PIPO,PIPO69,7,331,NA,90,dead
2,PIPO,PIPO69,8,327,NA,90,dead
2,PIPO,PIPO69,9,NA,NA,90,dead
2,PIPO,PIPO70,1,519,NA,10,alive
2,PIPO,PIPO70,10,NA,NA,90,dead
2,PIPO,PIPO70,11,NA,NA,90,dead
2,PIPO,PIPO70,12,NA,NA,90,dead
2,PIPO,PIPO70,13,NA,NA,90,dead
2,PIPO,PIPO70,14,NA,NA,90,dead
2,PIPO,PIPO70,15,NA,NA,90,dead
2,PIPO,PIPO70,16,NA,NA,90,dead
2,PIPO,PIPO70,17,NA,NA,90,dead
2,PIPO,PIPO70,18,NA,NA,90,dead
2,PIPO,PIPO70,19,NA,NA,90,dead
2,PIPO,PIPO70,2,411,NA,10,alive
2,PIPO,PIPO70,20,NA,NA,90,dead
2,PIPO,PIPO70,21,NA,NA,90,dead
2,PIPO,PIPO70,22,NA,NA,90,dead
2,PIPO,PIPO70,23,NA,NA,90,dead
2,PIPO,PIPO70,24,NA,NA,90,dead
2,PIPO,PIPO70,25,NA,NA,90,dead
2,PIPO,PIPO70,26,NA,NA,90,dead
2,PIPO,PIPO70,27,NA,NA,90,dead
2,PIPO,PIPO70,28,NA,NA,90,dead
2,PIPO,PIPO70,29,NA,NA,90,dead
2,PIPO,PIPO70,3,378,NA,10,alive
2,PIPO,PIPO70,30,NA,NA,90,dead
2,PIPO,PIPO70,31,NA,NA,90,dead
2,PIPO,PIPO70,32,NA,NA,90,dead
2,PIPO,PIPO70,4,348,NA,10,alive
2,PIPO,PIPO70,5,343,NA,25,alive
2,PIPO,PIPO70,6,339,NA,75,alive
2,PIPO,PIPO70,7,338,NA,90,dead
2,PIPO,PIPO70,8,333,NA,90,dead
2,PIPO,PIPO70,9,NA,NA,90,dead
2,PIPO,PIPO71,1,453,NA,10,alive
2,PIPO,PIPO71,10,NA,NA,90,dead
2,PIPO,PIPO71,11,NA,NA,90,dead
2,PIPO,PIPO71,12,NA,NA,90,dead
2,PIPO,PIPO71,13,NA,NA,90,dead
2,PIPO,PIPO71,14,NA,NA,90,dead
2,PIPO,PIPO71,15,NA,NA,90,dead
2,PIPO,PIPO71,16,NA,NA,90,dead
2,PIPO,PIPO71,17,NA,NA,90,dead
2,PIPO,PIPO71,18,NA,NA,90,dead
2,PIPO,PIPO71,19,NA,NA,90,dead
2,PIPO,PIPO71,2,360,NA,10,alive
2,PIPO,PIPO71,20,NA,NA,90,dead
2,PIPO,PIPO71,21,NA,NA,90,dead
2,PIPO,PIPO71,22,NA,NA,90,dead
2,PIPO,PIPO71,23,NA,NA,90,dead
2,PIPO,PIPO71,24,NA,NA,90,dead
2,PIPO,PIPO71,25,NA,NA,90,dead
2,PIPO,PIPO71,26,NA,NA,90,dead
2,PIPO,PIPO71,27,NA,NA,90,dead
2,PIPO,PIPO71,28,NA,NA,90,dead
2,PIPO,PIPO71,29,NA,NA,90,dead
2,PIPO,PIPO71,3,328,NA,10,alive
2,PIPO,PIPO71,30,NA,NA,90,dead
2,PIPO,PIPO71,31,NA,NA,90,dead
2,PIPO,PIPO71,32,NA,NA,90,dead
2,PIPO,PIPO71,4,305,NA,50,alive
2,PIPO,PIPO71,5,303,NA,75,dead
2,PIPO,PIPO71,6,304,NA,90,dead
2,PIPO,PIPO71,7,304,NA,90,dead
2,PIPO,PIPO71,8,300,NA,90,dead
2,PIPO,PIPO71,9,NA,NA,90,dead
2,PIPO,PIPO72,1,675,NA,10,alive
2,PIPO,PIPO72,10,NA,NA,75,dead
2,PIPO,PIPO72,11,NA,NA,75,dead
2,PIPO,PIPO72,12,NA,NA,75,dead
2,PIPO,PIPO72,13,NA,NA,75,dead
2,PIPO,PIPO72,14,NA,NA,75,dead
2,PIPO,PIPO72,15,NA,NA,75,dead
2,PIPO,PIPO72,16,NA,NA,75,dead
2,PIPO,PIPO72,17,NA,NA,75,dead
2,PIPO,PIPO72,18,NA,NA,75,dead
2,PIPO,PIPO72,19,NA,NA,75,dead
2,PIPO,PIPO72,2,570,NA,10,alive
2,PIPO,PIPO72,20,NA,NA,75,dead
2,PIPO,PIPO72,21,NA,NA,75,dead
2,PIPO,PIPO72,22,NA,NA,75,dead
2,PIPO,PIPO72,23,NA,NA,75,dead
2,PIPO,PIPO72,24,NA,NA,75,dead
2,PIPO,PIPO72,25,NA,NA,75,dead
2,PIPO,PIPO72,26,NA,NA,75,dead
2,PIPO,PIPO72,27,NA,NA,75,dead
2,PIPO,PIPO72,28,NA,NA,75,dead
2,PIPO,PIPO72,29,NA,NA,75,dead
2,PIPO,PIPO72,3,507,NA,10,alive
2,PIPO,PIPO72,30,NA,NA,75,dead
2,PIPO,PIPO72,31,NA,NA,75,dead
2,PIPO,PIPO72,32,NA,NA,75,dead
2,PIPO,PIPO72,4,456,NA,10,alive
2,PIPO,PIPO72,5,428,NA,10,alive
2,PIPO,PIPO72,6,407,NA,10,alive
2,PIPO,PIPO72,7,394,NA,10,alive
2,PIPO,PIPO72,8,372,NA,75,dead
2,PIPO,PIPO72,9,NA,NA,75,dead
2,PIPO,PIPO73,1,485,NA,10,alive
2,PIPO,PIPO73,10,NA,NA,90,dead
2,PIPO,PIPO73,11,NA,NA,90,dead
2,PIPO,PIPO73,12,NA,NA,90,dead
2,PIPO,PIPO73,13,NA,NA,90,dead
2,PIPO,PIPO73,14,NA,NA,90,dead
2,PIPO,PIPO73,15,NA,NA,90,dead
2,PIPO,PIPO73,16,NA,NA,90,dead
2,PIPO,PIPO73,17,NA,NA,90,dead
2,PIPO,PIPO73,18,NA,NA,90,dead
2,PIPO,PIPO73,19,NA,NA,90,dead
2,PIPO,PIPO73,2,390,NA,10,alive
2,PIPO,PIPO73,20,NA,NA,90,dead
2,PIPO,PIPO73,21,NA,NA,90,dead
2,PIPO,PIPO73,22,NA,NA,90,dead
2,PIPO,PIPO73,23,NA,NA,90,dead
2,PIPO,PIPO73,24,NA,NA,90,dead
2,PIPO,PIPO73,25,NA,NA,90,dead
2,PIPO,PIPO73,26,NA,NA,90,dead
2,PIPO,PIPO73,27,NA,NA,90,dead
2,PIPO,PIPO73,28,NA,NA,90,dead
2,PIPO,PIPO73,29,NA,NA,90,dead
2,PIPO,PIPO73,3,350,NA,10,alive
2,PIPO,PIPO73,30,NA,NA,90,dead
2,PIPO,PIPO73,31,NA,NA,90,dead
2,PIPO,PIPO73,32,NA,NA,90,dead
2,PIPO,PIPO73,4,317,NA,25,alive
2,PIPO,PIPO73,5,314,NA,75,dead
2,PIPO,PIPO73,6,315,NA,90,dead
2,PIPO,PIPO73,7,315,NA,90,dead
2,PIPO,PIPO73,8,310,NA,90,dead
2,PIPO,PIPO73,9,NA,NA,90,dead
2,PIPO,PIPO74,1,564,NA,10,alive
2,PIPO,PIPO74,10,NA,NA,50,dead
2,PIPO,PIPO74,11,NA,NA,50,dead
2,PIPO,PIPO74,12,NA,NA,50,dead
2,PIPO,PIPO74,13,NA,NA,50,dead
2,PIPO,PIPO74,14,NA,NA,50,dead
2,PIPO,PIPO74,15,NA,NA,50,dead
2,PIPO,PIPO74,16,NA,NA,50,dead
2,PIPO,PIPO74,17,NA,NA,50,dead
2,PIPO,PIPO74,18,NA,NA,50,dead
2,PIPO,PIPO74,19,NA,NA,50,dead
2,PIPO,PIPO74,2,491,NA,10,alive
2,PIPO,PIPO74,20,NA,NA,50,dead
2,PIPO,PIPO74,21,NA,NA,50,dead
2,PIPO,PIPO74,22,NA,NA,50,dead
2,PIPO,PIPO74,23,NA,NA,50,dead
2,PIPO,PIPO74,24,NA,NA,50,dead
2,PIPO,PIPO74,25,NA,NA,50,dead
2,PIPO,PIPO74,26,NA,NA,50,dead
2,PIPO,PIPO74,27,NA,NA,50,dead
2,PIPO,PIPO74,28,NA,NA,50,dead
2,PIPO,PIPO74,29,NA,NA,50,dead
2,PIPO,PIPO74,3,431,NA,10,alive
2,PIPO,PIPO74,30,NA,NA,50,dead
2,PIPO,PIPO74,31,NA,NA,50,dead
2,PIPO,PIPO74,32,NA,NA,50,dead
2,PIPO,PIPO74,4,384,NA,10,alive
2,PIPO,PIPO74,5,360,NA,10,alive
2,PIPO,PIPO74,6,334,NA,10,alive
2,PIPO,PIPO74,7,322,NA,10,alive
2,PIPO,PIPO74,8,309,NA,50,dead
2,PIPO,PIPO74,9,NA,NA,50,dead
2,PIPO,PIPO75,1,494,NA,10,alive
2,PIPO,PIPO75,10,NA,NA,90,dead
2,PIPO,PIPO75,11,NA,NA,90,dead
2,PIPO,PIPO75,12,NA,NA,90,dead
2,PIPO,PIPO75,13,NA,NA,90,dead
2,PIPO,PIPO75,14,NA,NA,90,dead
2,PIPO,PIPO75,15,NA,NA,90,dead
2,PIPO,PIPO75,16,NA,NA,90,dead
2,PIPO,PIPO75,17,NA,NA,90,dead
2,PIPO,PIPO75,18,NA,NA,90,dead
2,PIPO,PIPO75,19,NA,NA,90,dead
2,PIPO,PIPO75,2,431,NA,10,alive
2,PIPO,PIPO75,20,NA,NA,90,dead
2,PIPO,PIPO75,21,NA,NA,90,dead
2,PIPO,PIPO75,22,NA,NA,90,dead
2,PIPO,PIPO75,23,NA,NA,90,dead
2,PIPO,PIPO75,24,NA,NA,90,dead
2,PIPO,PIPO75,25,NA,NA,90,dead
2,PIPO,PIPO75,26,NA,NA,90,dead
2,PIPO,PIPO75,27,NA,NA,90,dead
2,PIPO,PIPO75,28,NA,NA,90,dead
2,PIPO,PIPO75,29,NA,NA,90,dead
2,PIPO,PIPO75,3,394,NA,10,alive
2,PIPO,PIPO75,30,NA,NA,90,dead
2,PIPO,PIPO75,31,NA,NA,90,dead
2,PIPO,PIPO75,32,NA,NA,90,dead
2,PIPO,PIPO75,4,371,NA,50,dead
2,PIPO,PIPO75,5,369,NA,75,dead
2,PIPO,PIPO75,6,369,NA,90,dead
2,PIPO,PIPO75,7,369,NA,90,dead
2,PIPO,PIPO75,8,365,NA,90,dead
2,PIPO,PIPO75,9,NA,NA,90,dead
2,PIPO,PIPO76,1,494,NA,10,alive
2,PIPO,PIPO76,10,372,NA,10,alive
2,PIPO,PIPO76,11,481,NA,10,alive
2,PIPO,PIPO76,12,392,NA,10,alive
2,PIPO,PIPO76,13,484,NA,10,alive
2,PIPO,PIPO76,14,390,NA,10,alive
2,PIPO,PIPO76,15,471,NA,10,alive
2,PIPO,PIPO76,16,NA,NA,10,alive
2,PIPO,PIPO76,17,NA,NA,10,alive
2,PIPO,PIPO76,18,NA,NA,10,alive
2,PIPO,PIPO76,19,NA,NA,10,alive
2,PIPO,PIPO76,2,408,NA,10,alive
2,PIPO,PIPO76,20,NA,NA,10,alive
2,PIPO,PIPO76,21,NA,NA,10,alive
2,PIPO,PIPO76,22,NA,NA,10,alive
2,PIPO,PIPO76,23,NA,NA,10,alive
2,PIPO,PIPO76,24,NA,NA,10,alive
2,PIPO,PIPO76,25,NA,NA,10,alive
2,PIPO,PIPO76,26,NA,NA,10,alive
2,PIPO,PIPO76,27,NA,NA,10,alive
2,PIPO,PIPO76,28,NA,NA,10,alive
2,PIPO,PIPO76,29,NA,NA,10,alive
2,PIPO,PIPO76,3,493,NA,10,alive
2,PIPO,PIPO76,30,NA,NA,10,alive
2,PIPO,PIPO76,31,NA,NA,10,alive
2,PIPO,PIPO76,32,NA,NA,10,alive
2,PIPO,PIPO76,4,400,NA,10,alive
2,PIPO,PIPO76,5,505,NA,10,alive
2,PIPO,PIPO76,6,509,NA,10,alive
2,PIPO,PIPO76,7,420,NA,10,alive
2,PIPO,PIPO76,8,362,NA,10,alive
2,PIPO,PIPO76,9,430,NA,10,alive
2,PIPO,PIPO77,1,456,NA,10,alive
2,PIPO,PIPO77,10,380,NA,10,alive
2,PIPO,PIPO77,11,523,NA,10,alive
2,PIPO,PIPO77,12,434,NA,10,alive
2,PIPO,PIPO77,13,547,NA,10,alive
2,PIPO,PIPO77,14,441,NA,10,alive
2,PIPO,PIPO77,15,532,NA,10,alive
2,PIPO,PIPO77,16,NA,NA,10,alive
2,PIPO,PIPO77,17,NA,NA,10,alive
2,PIPO,PIPO77,18,NA,NA,10,alive
2,PIPO,PIPO77,19,NA,NA,10,alive
2,PIPO,PIPO77,2,389,NA,10,alive
2,PIPO,PIPO77,20,NA,NA,10,alive
2,PIPO,PIPO77,21,NA,NA,10,alive
2,PIPO,PIPO77,22,NA,NA,10,alive
2,PIPO,PIPO77,23,NA,NA,10,alive
2,PIPO,PIPO77,24,NA,NA,10,alive
2,PIPO,PIPO77,25,NA,NA,10,alive
2,PIPO,PIPO77,26,NA,NA,10,alive
2,PIPO,PIPO77,27,NA,NA,10,alive
2,PIPO,PIPO77,28,NA,NA,10,alive
2,PIPO,PIPO77,29,NA,NA,10,alive
2,PIPO,PIPO77,3,478,NA,10,alive
2,PIPO,PIPO77,30,NA,NA,10,alive
2,PIPO,PIPO77,31,NA,NA,10,alive
2,PIPO,PIPO77,32,NA,NA,10,alive
2,PIPO,PIPO77,4,390,NA,10,alive
2,PIPO,PIPO77,5,540,NA,10,alive
2,PIPO,PIPO77,6,512,NA,10,alive
2,PIPO,PIPO77,7,427,NA,10,alive
2,PIPO,PIPO77,8,374,NA,10,alive
2,PIPO,PIPO77,9,428,NA,10,alive
2,PIPO,PIPO78,1,550,55,10,alive
2,PIPO,PIPO78,10,365,54.8,10,alive
2,PIPO,PIPO78,11,535,55.6,25,alive
2,PIPO,PIPO78,12,465,64.4,25,alive
2,PIPO,PIPO78,13,576,113.6,25,alive
2,PIPO,PIPO78,14,512,98.4,25,alive
2,PIPO,PIPO78,15,571,107.2,25,alive
2,PIPO,PIPO78,16,NA,NA,25,alive
2,PIPO,PIPO78,17,NA,NA,25,alive
2,PIPO,PIPO78,18,NA,NA,25,alive
2,PIPO,PIPO78,19,NA,NA,25,alive
2,PIPO,PIPO78,2,435,160.7,10,alive
2,PIPO,PIPO78,20,NA,NA,25,alive
2,PIPO,PIPO78,21,NA,NA,25,alive
2,PIPO,PIPO78,22,NA,NA,25,alive
2,PIPO,PIPO78,23,NA,NA,25,alive
2,PIPO,PIPO78,24,NA,NA,25,alive
2,PIPO,PIPO78,25,NA,NA,25,alive
2,PIPO,PIPO78,26,NA,NA,25,alive
2,PIPO,PIPO78,27,NA,NA,25,alive
2,PIPO,PIPO78,28,NA,NA,25,alive
2,PIPO,PIPO78,29,NA,NA,25,alive
2,PIPO,PIPO78,3,491,48.3,10,alive
2,PIPO,PIPO78,30,NA,NA,25,alive
2,PIPO,PIPO78,31,NA,NA,25,alive
2,PIPO,PIPO78,32,NA,NA,25,alive
2,PIPO,PIPO78,4,387,171.1,10,alive
2,PIPO,PIPO78,5,515,254.3,10,alive
2,PIPO,PIPO78,6,533,59.6,10,alive
2,PIPO,PIPO78,7,435,70.5,10,alive
2,PIPO,PIPO78,8,367,54.4,10,alive
2,PIPO,PIPO78,9,413,92.8,10,alive
2,PIPO,PIPO79,1,699,32.3,10,alive
2,PIPO,PIPO79,10,510,96.9,10,alive
2,PIPO,PIPO79,11,617,108.4,10,alive
2,PIPO,PIPO79,12,567,126,10,alive
2,PIPO,PIPO79,13,665,119.1,10,alive
2,PIPO,PIPO79,14,613,135.1,10,alive
2,PIPO,PIPO79,15,662,107.4,25,alive
2,PIPO,PIPO79,16,NA,NA,25,alive
2,PIPO,PIPO79,17,NA,NA,25,alive
2,PIPO,PIPO79,18,NA,NA,25,alive
2,PIPO,PIPO79,19,NA,NA,25,alive
2,PIPO,PIPO79,2,616,187,10,alive
2,PIPO,PIPO79,20,NA,NA,25,alive
2,PIPO,PIPO79,21,NA,NA,25,alive
2,PIPO,PIPO79,22,NA,NA,25,alive
2,PIPO,PIPO79,23,NA,NA,25,alive
2,PIPO,PIPO79,24,NA,NA,25,alive
2,PIPO,PIPO79,25,NA,NA,25,alive
2,PIPO,PIPO79,26,NA,NA,25,alive
2,PIPO,PIPO79,27,NA,NA,25,alive
2,PIPO,PIPO79,28,NA,NA,25,alive
2,PIPO,PIPO79,29,NA,NA,25,alive
2,PIPO,PIPO79,3,666,37.5,10,alive
2,PIPO,PIPO79,30,NA,NA,25,alive
2,PIPO,PIPO79,31,NA,NA,25,alive
2,PIPO,PIPO79,32,NA,NA,25,alive
2,PIPO,PIPO79,4,554,97.8,10,alive
2,PIPO,PIPO79,5,690,106,10,alive
2,PIPO,PIPO79,6,701,78.5,10,alive
2,PIPO,PIPO79,7,607,73.3,10,alive
2,PIPO,PIPO79,8,528,89.5,10,alive
2,PIPO,PIPO79,9,557,111,10,alive
2,PIPO,PIPO80,1,535,50.7,10,alive
2,PIPO,PIPO80,10,370,133.4,10,alive
2,PIPO,PIPO80,11,486,87.7,10,alive
2,PIPO,PIPO80,12,432,87,10,alive
2,PIPO,PIPO80,13,532,92.4,10,alive
2,PIPO,PIPO80,14,474,96.9,10,alive
2,PIPO,PIPO80,15,543,108.9,10,alive
2,PIPO,PIPO80,16,NA,NA,10,alive
2,PIPO,PIPO80,17,NA,NA,10,alive
2,PIPO,PIPO80,18,NA,NA,10,alive
2,PIPO,PIPO80,19,NA,NA,10,alive
2,PIPO,PIPO80,2,432,147.7,10,alive
2,PIPO,PIPO80,20,NA,NA,10,alive
2,PIPO,PIPO80,21,NA,NA,10,alive
2,PIPO,PIPO80,22,NA,NA,10,alive
2,PIPO,PIPO80,23,NA,NA,10,alive
2,PIPO,PIPO80,24,NA,NA,10,alive
2,PIPO,PIPO80,25,NA,NA,10,alive
2,PIPO,PIPO80,26,NA,NA,10,alive
2,PIPO,PIPO80,27,NA,NA,10,alive
2,PIPO,PIPO80,28,NA,NA,10,alive
2,PIPO,PIPO80,29,NA,NA,10,alive
2,PIPO,PIPO80,3,484,34.8,10,alive
2,PIPO,PIPO80,30,NA,NA,10,alive
2,PIPO,PIPO80,31,NA,NA,10,alive
2,PIPO,PIPO80,32,NA,NA,10,alive
2,PIPO,PIPO80,4,398,99.2,10,alive
2,PIPO,PIPO80,5,517,180.9,10,alive
2,PIPO,PIPO80,6,547,65.1,10,alive
2,PIPO,PIPO80,7,454,74.3,10,alive
2,PIPO,PIPO80,8,375,65.7,10,alive
2,PIPO,PIPO80,9,423,91.3,10,alive
2,PIPO,PIPO81,1,506,74.7,10,alive
2,PIPO,PIPO81,10,NA,NA,90,dead
2,PIPO,PIPO81,11,NA,NA,90,dead
2,PIPO,PIPO81,12,NA,NA,90,dead
2,PIPO,PIPO81,13,NA,NA,90,dead
2,PIPO,PIPO81,14,NA,NA,90,dead
2,PIPO,PIPO81,15,NA,NA,90,dead
2,PIPO,PIPO81,16,NA,NA,90,dead
2,PIPO,PIPO81,17,NA,NA,90,dead
2,PIPO,PIPO81,18,NA,NA,90,dead
2,PIPO,PIPO81,19,NA,NA,90,dead
2,PIPO,PIPO81,2,427,72.5,10,alive
2,PIPO,PIPO81,20,NA,NA,90,dead
2,PIPO,PIPO81,21,NA,NA,90,dead
2,PIPO,PIPO81,22,NA,NA,90,dead
2,PIPO,PIPO81,23,NA,NA,90,dead
2,PIPO,PIPO81,24,NA,NA,90,dead
2,PIPO,PIPO81,25,NA,NA,90,dead
2,PIPO,PIPO81,26,NA,NA,90,dead
2,PIPO,PIPO81,27,NA,NA,90,dead
2,PIPO,PIPO81,28,NA,NA,90,dead
2,PIPO,PIPO81,29,NA,NA,90,dead
2,PIPO,PIPO81,3,393,22.2,10,alive
2,PIPO,PIPO81,30,NA,NA,90,dead
2,PIPO,PIPO81,31,NA,NA,90,dead
2,PIPO,PIPO81,32,NA,NA,90,dead
2,PIPO,PIPO81,4,373,52.3,25,alive
2,PIPO,PIPO81,5,360,32.5,25,alive
2,PIPO,PIPO81,6,357,57.8,50,dead
2,PIPO,PIPO81,7,356,49,75,dead
2,PIPO,PIPO81,8,355,59.7,90,dead
2,PIPO,PIPO81,9,NA,NA,90,dead
2,PIPO,PIPO82,1,532,57.9,10,alive
2,PIPO,PIPO82,10,NA,NA,90,dead
2,PIPO,PIPO82,11,NA,NA,90,dead
2,PIPO,PIPO82,12,NA,NA,90,dead
2,PIPO,PIPO82,13,NA,NA,90,dead
2,PIPO,PIPO82,14,NA,NA,90,dead
2,PIPO,PIPO82,15,NA,NA,90,dead
2,PIPO,PIPO82,16,NA,NA,90,dead
2,PIPO,PIPO82,17,NA,NA,90,dead
2,PIPO,PIPO82,18,NA,NA,90,dead
2,PIPO,PIPO82,19,NA,NA,90,dead
2,PIPO,PIPO82,2,408,223.4,10,alive
2,PIPO,PIPO82,20,NA,NA,90,dead
2,PIPO,PIPO82,21,NA,NA,90,dead
2,PIPO,PIPO82,22,NA,NA,90,dead
2,PIPO,PIPO82,23,NA,NA,90,dead
2,PIPO,PIPO82,24,NA,NA,90,dead
2,PIPO,PIPO82,25,NA,NA,90,dead
2,PIPO,PIPO82,26,NA,NA,90,dead
2,PIPO,PIPO82,27,NA,NA,90,dead
2,PIPO,PIPO82,28,NA,NA,90,dead
2,PIPO,PIPO82,29,NA,NA,90,dead
2,PIPO,PIPO82,3,351,25,10,alive
2,PIPO,PIPO82,30,NA,NA,90,dead
2,PIPO,PIPO82,31,NA,NA,90,dead
2,PIPO,PIPO82,32,NA,NA,90,dead
2,PIPO,PIPO82,4,322,50.6,10,alive
2,PIPO,PIPO82,5,317,31.4,10,alive
2,PIPO,PIPO82,6,315,53.8,75,dead
2,PIPO,PIPO82,7,315,62.6,90,dead
2,PIPO,PIPO82,8,313,53,90,dead
2,PIPO,PIPO82,9,NA,NA,90,dead
2,PIPO,PIPO83,1,553,69.8,10,alive
2,PIPO,PIPO83,10,NA,NA,90,dead
2,PIPO,PIPO83,11,NA,NA,90,dead
2,PIPO,PIPO83,12,NA,NA,90,dead
2,PIPO,PIPO83,13,NA,NA,90,dead
2,PIPO,PIPO83,14,NA,NA,90,dead
2,PIPO,PIPO83,15,NA,NA,90,dead
2,PIPO,PIPO83,16,NA,NA,90,dead
2,PIPO,PIPO83,17,NA,NA,90,dead
2,PIPO,PIPO83,18,NA,NA,90,dead
2,PIPO,PIPO83,19,NA,NA,90,dead
2,PIPO,PIPO83,2,439,114.9,10,alive
2,PIPO,PIPO83,20,NA,NA,90,dead
2,PIPO,PIPO83,21,NA,NA,90,dead
2,PIPO,PIPO83,22,NA,NA,90,dead
2,PIPO,PIPO83,23,NA,NA,90,dead
2,PIPO,PIPO83,24,NA,NA,90,dead
2,PIPO,PIPO83,25,NA,NA,90,dead
2,PIPO,PIPO83,26,NA,NA,90,dead
2,PIPO,PIPO83,27,NA,NA,90,dead
2,PIPO,PIPO83,28,NA,NA,90,dead
2,PIPO,PIPO83,29,NA,NA,90,dead
2,PIPO,PIPO83,3,389,33.8,10,alive
2,PIPO,PIPO83,30,NA,NA,90,dead
2,PIPO,PIPO83,31,NA,NA,90,dead
2,PIPO,PIPO83,32,NA,NA,90,dead
2,PIPO,PIPO83,4,353,66.2,25,alive
2,PIPO,PIPO83,5,342,43.6,25,dead
2,PIPO,PIPO83,6,342,51.9,90,dead
2,PIPO,PIPO83,7,341,54.8,90,dead
2,PIPO,PIPO83,8,338,57.8,90,dead
2,PIPO,PIPO83,9,NA,NA,90,dead
2,PIPO,PIPO84,1,493,67.3,10,alive
2,PIPO,PIPO84,10,NA,NA,90,dead
2,PIPO,PIPO84,11,NA,NA,90,dead
2,PIPO,PIPO84,12,NA,NA,90,dead
2,PIPO,PIPO84,13,NA,NA,90,dead
2,PIPO,PIPO84,14,NA,NA,90,dead
2,PIPO,PIPO84,15,NA,NA,90,dead
2,PIPO,PIPO84,16,NA,NA,90,dead
2,PIPO,PIPO84,17,NA,NA,90,dead
2,PIPO,PIPO84,18,NA,NA,90,dead
2,PIPO,PIPO84,19,NA,NA,90,dead
2,PIPO,PIPO84,2,408,124.9,10,alive
2,PIPO,PIPO84,20,NA,NA,90,dead
2,PIPO,PIPO84,21,NA,NA,90,dead
2,PIPO,PIPO84,22,NA,NA,90,dead
2,PIPO,PIPO84,23,NA,NA,90,dead
2,PIPO,PIPO84,24,NA,NA,90,dead
2,PIPO,PIPO84,25,NA,NA,90,dead
2,PIPO,PIPO84,26,NA,NA,90,dead
2,PIPO,PIPO84,27,NA,NA,90,dead
2,PIPO,PIPO84,28,NA,NA,90,dead
2,PIPO,PIPO84,29,NA,NA,90,dead
2,PIPO,PIPO84,3,350,35.7,10,alive
2,PIPO,PIPO84,30,NA,NA,90,dead
2,PIPO,PIPO84,31,NA,NA,90,dead
2,PIPO,PIPO84,32,NA,NA,90,dead
2,PIPO,PIPO84,4,318,49.4,10,alive
2,PIPO,PIPO84,5,297,34.3,10,alive
2,PIPO,PIPO84,6,295,64.2,75,dead
2,PIPO,PIPO84,7,295,50.1,75,dead
2,PIPO,PIPO84,8,293,49.3,90,dead
2,PIPO,PIPO84,9,NA,NA,90,dead
2,PIPO,PIPO85,1,527,47.5,10,alive
2,PIPO,PIPO85,10,NA,NA,90,dead
2,PIPO,PIPO85,11,NA,NA,90,dead
2,PIPO,PIPO85,12,NA,NA,90,dead
2,PIPO,PIPO85,13,NA,NA,90,dead
2,PIPO,PIPO85,14,NA,NA,90,dead
2,PIPO,PIPO85,15,NA,NA,90,dead
2,PIPO,PIPO85,16,NA,NA,90,dead
2,PIPO,PIPO85,17,NA,NA,90,dead
2,PIPO,PIPO85,18,NA,NA,90,dead
2,PIPO,PIPO85,19,NA,NA,90,dead
2,PIPO,PIPO85,2,454,69.9,10,alive
2,PIPO,PIPO85,20,NA,NA,90,dead
2,PIPO,PIPO85,21,NA,NA,90,dead
2,PIPO,PIPO85,22,NA,NA,90,dead
2,PIPO,PIPO85,23,NA,NA,90,dead
2,PIPO,PIPO85,24,NA,NA,90,dead
2,PIPO,PIPO85,25,NA,NA,90,dead
2,PIPO,PIPO85,26,NA,NA,90,dead
2,PIPO,PIPO85,27,NA,NA,90,dead
2,PIPO,PIPO85,28,NA,NA,90,dead
2,PIPO,PIPO85,29,NA,NA,90,dead
2,PIPO,PIPO85,3,413,28.6,10,alive
2,PIPO,PIPO85,30,NA,NA,90,dead
2,PIPO,PIPO85,31,NA,NA,90,dead
2,PIPO,PIPO85,32,NA,NA,90,dead
2,PIPO,PIPO85,4,388,52.7,10,alive
2,PIPO,PIPO85,5,373,46.2,10,alive
2,PIPO,PIPO85,6,361,56.5,50,dead
2,PIPO,PIPO85,7,360,56.4,75,dead
2,PIPO,PIPO85,8,359,56.9,90,dead
2,PIPO,PIPO85,9,NA,NA,90,dead
2,PIPO,PIPO86,1,412,61.4,10,alive
2,PIPO,PIPO86,10,NA,NA,90,dead
2,PIPO,PIPO86,11,NA,NA,90,dead
2,PIPO,PIPO86,12,NA,NA,90,dead
2,PIPO,PIPO86,13,NA,NA,90,dead
2,PIPO,PIPO86,14,NA,NA,90,dead
2,PIPO,PIPO86,15,NA,NA,90,dead
2,PIPO,PIPO86,16,NA,NA,90,dead
2,PIPO,PIPO86,17,NA,NA,90,dead
2,PIPO,PIPO86,18,NA,NA,90,dead
2,PIPO,PIPO86,19,NA,NA,90,dead
2,PIPO,PIPO86,2,354,40.1,10,alive
2,PIPO,PIPO86,20,NA,NA,90,dead
2,PIPO,PIPO86,21,NA,NA,90,dead
2,PIPO,PIPO86,22,NA,NA,90,dead
2,PIPO,PIPO86,23,NA,NA,90,dead
2,PIPO,PIPO86,24,NA,NA,90,dead
2,PIPO,PIPO86,25,NA,NA,90,dead
2,PIPO,PIPO86,26,NA,NA,90,dead
2,PIPO,PIPO86,27,NA,NA,90,dead
2,PIPO,PIPO86,28,NA,NA,90,dead
2,PIPO,PIPO86,29,NA,NA,90,dead
2,PIPO,PIPO86,3,334,26.3,10,alive
2,PIPO,PIPO86,30,NA,NA,90,dead
2,PIPO,PIPO86,31,NA,NA,90,dead
2,PIPO,PIPO86,32,NA,NA,90,dead
2,PIPO,PIPO86,4,313,57.9,25,alive
2,PIPO,PIPO86,5,310,36.5,25,dead
2,PIPO,PIPO86,6,310,53.9,90,dead
2,PIPO,PIPO86,7,310,53,90,dead
2,PIPO,PIPO86,8,309,60.5,90,dead
2,PIPO,PIPO86,9,NA,NA,90,dead
2,PIPO,PIPO87,1,526,35,10,alive
2,PIPO,PIPO87,10,NA,NA,90,dead
2,PIPO,PIPO87,11,NA,NA,90,dead
2,PIPO,PIPO87,12,NA,NA,90,dead
2,PIPO,PIPO87,13,NA,NA,90,dead
2,PIPO,PIPO87,14,NA,NA,90,dead
2,PIPO,PIPO87,15,NA,NA,90,dead
2,PIPO,PIPO87,16,NA,NA,90,dead
2,PIPO,PIPO87,17,NA,NA,90,dead
2,PIPO,PIPO87,18,NA,NA,90,dead
2,PIPO,PIPO87,19,NA,NA,90,dead
2,PIPO,PIPO87,2,422,90.5,10,alive
2,PIPO,PIPO87,20,NA,NA,90,dead
2,PIPO,PIPO87,21,NA,NA,90,dead
2,PIPO,PIPO87,22,NA,NA,90,dead
2,PIPO,PIPO87,23,NA,NA,90,dead
2,PIPO,PIPO87,24,NA,NA,90,dead
2,PIPO,PIPO87,25,NA,NA,90,dead
2,PIPO,PIPO87,26,NA,NA,90,dead
2,PIPO,PIPO87,27,NA,NA,90,dead
2,PIPO,PIPO87,28,NA,NA,90,dead
2,PIPO,PIPO87,29,NA,NA,90,dead
2,PIPO,PIPO87,3,381,25.7,10,alive
2,PIPO,PIPO87,30,NA,NA,90,dead
2,PIPO,PIPO87,31,NA,NA,90,dead
2,PIPO,PIPO87,32,NA,NA,90,dead
2,PIPO,PIPO87,4,350,47.4,25,alive
2,PIPO,PIPO87,5,344,44.1,75,alive
2,PIPO,PIPO87,6,343,65.1,90,dead
2,PIPO,PIPO87,7,342,59.5,90,dead
2,PIPO,PIPO87,8,341,54.2,90,dead
2,PIPO,PIPO87,9,NA,NA,90,dead
2,PIPO,PIPO88,1,595,38.5,10,alive
2,PIPO,PIPO88,10,NA,NA,75,dead
2,PIPO,PIPO88,11,NA,NA,75,dead
2,PIPO,PIPO88,12,NA,NA,75,dead
2,PIPO,PIPO88,13,NA,NA,75,dead
2,PIPO,PIPO88,14,NA,NA,75,dead
2,PIPO,PIPO88,15,NA,NA,75,dead
2,PIPO,PIPO88,16,NA,NA,75,dead
2,PIPO,PIPO88,17,NA,NA,75,dead
2,PIPO,PIPO88,18,NA,NA,75,dead
2,PIPO,PIPO88,19,NA,NA,75,dead
2,PIPO,PIPO88,2,516,69,10,alive
2,PIPO,PIPO88,20,NA,NA,75,dead
2,PIPO,PIPO88,21,NA,NA,75,dead
2,PIPO,PIPO88,22,NA,NA,75,dead
2,PIPO,PIPO88,23,NA,NA,75,dead
2,PIPO,PIPO88,24,NA,NA,75,dead
2,PIPO,PIPO88,25,NA,NA,75,dead
2,PIPO,PIPO88,26,NA,NA,75,dead
2,PIPO,PIPO88,27,NA,NA,75,dead
2,PIPO,PIPO88,28,NA,NA,75,dead
2,PIPO,PIPO88,29,NA,NA,75,dead
2,PIPO,PIPO88,3,450,25.9,10,alive
2,PIPO,PIPO88,30,NA,NA,75,dead
2,PIPO,PIPO88,31,NA,NA,75,dead
2,PIPO,PIPO88,32,NA,NA,75,dead
2,PIPO,PIPO88,4,401,89,10,alive
2,PIPO,PIPO88,5,372,46.8,10,alive
2,PIPO,PIPO88,6,345,69.6,25,alive
2,PIPO,PIPO88,7,332,40.5,25,alive
2,PIPO,PIPO88,8,322,40.2,75,dead
2,PIPO,PIPO88,9,NA,NA,75,dead
2,PIPO,PIPO89,1,484,42.6,10,alive
2,PIPO,PIPO89,10,NA,NA,90,dead
2,PIPO,PIPO89,11,NA,NA,90,dead
2,PIPO,PIPO89,12,NA,NA,90,dead
2,PIPO,PIPO89,13,NA,NA,90,dead
2,PIPO,PIPO89,14,NA,NA,90,dead
2,PIPO,PIPO89,15,NA,NA,90,dead
2,PIPO,PIPO89,16,NA,NA,90,dead
2,PIPO,PIPO89,17,NA,NA,90,dead
2,PIPO,PIPO89,18,NA,NA,90,dead
2,PIPO,PIPO89,19,NA,NA,90,dead
2,PIPO,PIPO89,2,431,95.1,10,alive
2,PIPO,PIPO89,20,NA,NA,90,dead
2,PIPO,PIPO89,21,NA,NA,90,dead
2,PIPO,PIPO89,22,NA,NA,90,dead
2,PIPO,PIPO89,23,NA,NA,90,dead
2,PIPO,PIPO89,24,NA,NA,90,dead
2,PIPO,PIPO89,25,NA,NA,90,dead
2,PIPO,PIPO89,26,NA,NA,90,dead
2,PIPO,PIPO89,27,NA,NA,90,dead
2,PIPO,PIPO89,28,NA,NA,90,dead
2,PIPO,PIPO89,29,NA,NA,90,dead
2,PIPO,PIPO89,3,409,25.4,10,alive
2,PIPO,PIPO89,30,NA,NA,90,dead
2,PIPO,PIPO89,31,NA,NA,90,dead
2,PIPO,PIPO89,32,NA,NA,90,dead
2,PIPO,PIPO89,4,384,46.8,25,alive
2,PIPO,PIPO89,5,378,34.7,25,alive
2,PIPO,PIPO89,6,376,53.1,90,dead
2,PIPO,PIPO89,7,375,54.9,90,dead
2,PIPO,PIPO89,8,373,52.6,90,dead
2,PIPO,PIPO89,9,NA,NA,90,dead
2,PIPO,PIPO90,1,516,51.6,10,alive
2,PIPO,PIPO90,10,NA,NA,90,dead
2,PIPO,PIPO90,11,NA,NA,90,dead
2,PIPO,PIPO90,12,NA,NA,90,dead
2,PIPO,PIPO90,13,NA,NA,90,dead
2,PIPO,PIPO90,14,NA,NA,90,dead
2,PIPO,PIPO90,15,NA,NA,90,dead
2,PIPO,PIPO90,16,NA,NA,90,dead
2,PIPO,PIPO90,17,NA,NA,90,dead
2,PIPO,PIPO90,18,NA,NA,90,dead
2,PIPO,PIPO90,19,NA,NA,90,dead
2,PIPO,PIPO90,2,411,138.4,10,alive
2,PIPO,PIPO90,20,NA,NA,90,dead
2,PIPO,PIPO90,21,NA,NA,90,dead
2,PIPO,PIPO90,22,NA,NA,90,dead
2,PIPO,PIPO90,23,NA,NA,90,dead
2,PIPO,PIPO90,24,NA,NA,90,dead
2,PIPO,PIPO90,25,NA,NA,90,dead
2,PIPO,PIPO90,26,NA,NA,90,dead
2,PIPO,PIPO90,27,NA,NA,90,dead
2,PIPO,PIPO90,28,NA,NA,90,dead
2,PIPO,PIPO90,29,NA,NA,90,dead
2,PIPO,PIPO90,3,366,23.3,10,alive
2,PIPO,PIPO90,30,NA,NA,90,dead
2,PIPO,PIPO90,31,NA,NA,90,dead
2,PIPO,PIPO90,32,NA,NA,90,dead
2,PIPO,PIPO90,4,338,54.3,25,alive
2,PIPO,PIPO90,5,324,39.4,50,alive
2,PIPO,PIPO90,6,320,60.2,90,dead
2,PIPO,PIPO90,7,319,43.9,90,dead
2,PIPO,PIPO90,8,317,50.7,90,dead
2,PIPO,PIPO90,9,NA,NA,90,dead
2,PIPO,PIPO91,1,427,NA,10,alive
2,PIPO,PIPO91,10,NA,NA,90,dead
2,PIPO,PIPO91,11,NA,NA,90,dead
2,PIPO,PIPO91,12,NA,NA,90,dead
2,PIPO,PIPO91,13,NA,NA,90,dead
2,PIPO,PIPO91,14,NA,NA,90,dead
2,PIPO,PIPO91,15,NA,NA,90,dead
2,PIPO,PIPO91,16,NA,NA,90,dead
2,PIPO,PIPO91,17,NA,NA,90,dead
2,PIPO,PIPO91,18,NA,NA,90,dead
2,PIPO,PIPO91,19,NA,NA,90,dead
2,PIPO,PIPO91,2,354,NA,10,alive
2,PIPO,PIPO91,20,NA,NA,90,dead
2,PIPO,PIPO91,21,NA,NA,90,dead
2,PIPO,PIPO91,22,NA,NA,90,dead
2,PIPO,PIPO91,23,NA,NA,90,dead
2,PIPO,PIPO91,24,NA,NA,90,dead
2,PIPO,PIPO91,25,NA,NA,90,dead
2,PIPO,PIPO91,26,NA,NA,90,dead
2,PIPO,PIPO91,27,NA,NA,90,dead
2,PIPO,PIPO91,28,NA,NA,90,dead
2,PIPO,PIPO91,29,NA,NA,90,dead
2,PIPO,PIPO91,3,330,NA,10,alive
2,PIPO,PIPO91,30,NA,NA,90,dead
2,PIPO,PIPO91,31,NA,NA,90,dead
2,PIPO,PIPO91,32,NA,NA,90,dead
2,PIPO,PIPO91,4,311,NA,25,alive
2,PIPO,PIPO91,5,305,NA,25,alive
2,PIPO,PIPO91,6,303,NA,75,dead
2,PIPO,PIPO91,7,303,NA,75,dead
2,PIPO,PIPO91,8,301,NA,90,dead
2,PIPO,PIPO91,9,NA,NA,90,dead
2,PIPO,PIPO92,1,443,NA,10,alive
2,PIPO,PIPO92,10,NA,NA,90,dead
2,PIPO,PIPO92,11,NA,NA,90,dead
2,PIPO,PIPO92,12,NA,NA,90,dead
2,PIPO,PIPO92,13,NA,NA,90,dead
2,PIPO,PIPO92,14,NA,NA,90,dead
2,PIPO,PIPO92,15,NA,NA,90,dead
2,PIPO,PIPO92,16,NA,NA,90,dead
2,PIPO,PIPO92,17,NA,NA,90,dead
2,PIPO,PIPO92,18,NA,NA,90,dead
2,PIPO,PIPO92,19,NA,NA,90,dead
2,PIPO,PIPO92,2,328,NA,10,alive
2,PIPO,PIPO92,20,NA,NA,90,dead
2,PIPO,PIPO92,21,NA,NA,90,dead
2,PIPO,PIPO92,22,NA,NA,90,dead
2,PIPO,PIPO92,23,NA,NA,90,dead
2,PIPO,PIPO92,24,NA,NA,90,dead
2,PIPO,PIPO92,25,NA,NA,90,dead
2,PIPO,PIPO92,26,NA,NA,90,dead
2,PIPO,PIPO92,27,NA,NA,90,dead
2,PIPO,PIPO92,28,NA,NA,90,dead
2,PIPO,PIPO92,29,NA,NA,90,dead
2,PIPO,PIPO92,3,292,NA,10,alive
2,PIPO,PIPO92,30,NA,NA,90,dead
2,PIPO,PIPO92,31,NA,NA,90,dead
2,PIPO,PIPO92,32,NA,NA,90,dead
2,PIPO,PIPO92,4,265,NA,25,alive
2,PIPO,PIPO92,5,264,NA,25,dead
2,PIPO,PIPO92,6,264,NA,75,dead
2,PIPO,PIPO92,7,264,NA,90,dead
2,PIPO,PIPO92,8,262,NA,90,dead
2,PIPO,PIPO92,9,NA,NA,90,dead
2,PIPO,PIPO93,1,490,NA,10,alive
2,PIPO,PIPO93,10,NA,NA,90,dead
2,PIPO,PIPO93,11,NA,NA,90,dead
2,PIPO,PIPO93,12,NA,NA,90,dead
2,PIPO,PIPO93,13,NA,NA,90,dead
2,PIPO,PIPO93,14,NA,NA,90,dead
2,PIPO,PIPO93,15,NA,NA,90,dead
2,PIPO,PIPO93,16,NA,NA,90,dead
2,PIPO,PIPO93,17,NA,NA,90,dead
2,PIPO,PIPO93,18,NA,NA,90,dead
2,PIPO,PIPO93,19,NA,NA,90,dead
2,PIPO,PIPO93,2,409,NA,10,alive
2,PIPO,PIPO93,20,NA,NA,90,dead
2,PIPO,PIPO93,21,NA,NA,90,dead
2,PIPO,PIPO93,22,NA,NA,90,dead
2,PIPO,PIPO93,23,NA,NA,90,dead
2,PIPO,PIPO93,24,NA,NA,90,dead
2,PIPO,PIPO93,25,NA,NA,90,dead
2,PIPO,PIPO93,26,NA,NA,90,dead
2,PIPO,PIPO93,27,NA,NA,90,dead
2,PIPO,PIPO93,28,NA,NA,90,dead
2,PIPO,PIPO93,29,NA,NA,90,dead
2,PIPO,PIPO93,3,363,NA,10,alive
2,PIPO,PIPO93,30,NA,NA,90,dead
2,PIPO,PIPO93,31,NA,NA,90,dead
2,PIPO,PIPO93,32,NA,NA,90,dead
2,PIPO,PIPO93,4,332,NA,10,alive
2,PIPO,PIPO93,5,327,NA,25,alive
2,PIPO,PIPO93,6,327,NA,75,dead
2,PIPO,PIPO93,7,327,NA,90,dead
2,PIPO,PIPO93,8,325,NA,90,dead
2,PIPO,PIPO93,9,NA,NA,90,dead
2,PIPO,PIPO94,1,467,NA,10,alive
2,PIPO,PIPO94,10,NA,NA,90,dead
2,PIPO,PIPO94,11,NA,NA,90,dead
2,PIPO,PIPO94,12,NA,NA,90,dead
2,PIPO,PIPO94,13,NA,NA,90,dead
2,PIPO,PIPO94,14,NA,NA,90,dead
2,PIPO,PIPO94,15,NA,NA,90,dead
2,PIPO,PIPO94,16,NA,NA,90,dead
2,PIPO,PIPO94,17,NA,NA,90,dead
2,PIPO,PIPO94,18,NA,NA,90,dead
2,PIPO,PIPO94,19,NA,NA,90,dead
2,PIPO,PIPO94,2,418,NA,10,alive
2,PIPO,PIPO94,20,NA,NA,90,dead
2,PIPO,PIPO94,21,NA,NA,90,dead
2,PIPO,PIPO94,22,NA,NA,90,dead
2,PIPO,PIPO94,23,NA,NA,90,dead
2,PIPO,PIPO94,24,NA,NA,90,dead
2,PIPO,PIPO94,25,NA,NA,90,dead
2,PIPO,PIPO94,26,NA,NA,90,dead
2,PIPO,PIPO94,27,NA,NA,90,dead
2,PIPO,PIPO94,28,NA,NA,90,dead
2,PIPO,PIPO94,29,NA,NA,90,dead
2,PIPO,PIPO94,3,385,NA,10,alive
2,PIPO,PIPO94,30,NA,NA,90,dead
2,PIPO,PIPO94,31,NA,NA,90,dead
2,PIPO,PIPO94,32,NA,NA,90,dead
2,PIPO,PIPO94,4,363,NA,10,alive
2,PIPO,PIPO94,5,349,NA,25,alive
2,PIPO,PIPO94,6,345,NA,90,dead
2,PIPO,PIPO94,7,345,NA,90,dead
2,PIPO,PIPO94,8,343,NA,90,dead
2,PIPO,PIPO94,9,NA,NA,90,dead
2,PIPO,PIPO95,1,513,NA,10,alive
2,PIPO,PIPO95,10,NA,NA,90,dead
2,PIPO,PIPO95,11,NA,NA,90,dead
2,PIPO,PIPO95,12,NA,NA,90,dead
2,PIPO,PIPO95,13,NA,NA,90,dead
2,PIPO,PIPO95,14,NA,NA,90,dead
2,PIPO,PIPO95,15,NA,NA,90,dead
2,PIPO,PIPO95,16,NA,NA,90,dead
2,PIPO,PIPO95,17,NA,NA,90,dead
2,PIPO,PIPO95,18,NA,NA,90,dead
2,PIPO,PIPO95,19,NA,NA,90,dead
2,PIPO,PIPO95,2,445,NA,10,alive
2,PIPO,PIPO95,20,NA,NA,90,dead
2,PIPO,PIPO95,21,NA,NA,90,dead
2,PIPO,PIPO95,22,NA,NA,90,dead
2,PIPO,PIPO95,23,NA,NA,90,dead
2,PIPO,PIPO95,24,NA,NA,90,dead
2,PIPO,PIPO95,25,NA,NA,90,dead
2,PIPO,PIPO95,26,NA,NA,90,dead
2,PIPO,PIPO95,27,NA,NA,90,dead
2,PIPO,PIPO95,28,NA,NA,90,dead
2,PIPO,PIPO95,29,NA,NA,90,dead
2,PIPO,PIPO95,3,415,NA,10,alive
2,PIPO,PIPO95,30,NA,NA,90,dead
2,PIPO,PIPO95,31,NA,NA,90,dead
2,PIPO,PIPO95,32,NA,NA,90,dead
2,PIPO,PIPO95,4,396,NA,10,alive
2,PIPO,PIPO95,5,384,NA,10,alive
2,PIPO,PIPO95,6,374,NA,75,dead
2,PIPO,PIPO95,7,372,NA,75,dead
2,PIPO,PIPO95,8,370,NA,90,dead
2,PIPO,PIPO95,9,NA,NA,90,dead
2,PIPO,PIPO96,1,433,NA,10,alive
2,PIPO,PIPO96,10,NA,NA,90,dead
2,PIPO,PIPO96,11,NA,NA,90,dead
2,PIPO,PIPO96,12,NA,NA,90,dead
2,PIPO,PIPO96,13,NA,NA,90,dead
2,PIPO,PIPO96,14,NA,NA,90,dead
2,PIPO,PIPO96,15,NA,NA,90,dead
2,PIPO,PIPO96,16,NA,NA,90,dead
2,PIPO,PIPO96,17,NA,NA,90,dead
2,PIPO,PIPO96,18,NA,NA,90,dead
2,PIPO,PIPO96,19,NA,NA,90,dead
2,PIPO,PIPO96,2,361,NA,10,alive
2,PIPO,PIPO96,20,NA,NA,90,dead
2,PIPO,PIPO96,21,NA,NA,90,dead
2,PIPO,PIPO96,22,NA,NA,90,dead
2,PIPO,PIPO96,23,NA,NA,90,dead
2,PIPO,PIPO96,24,NA,NA,90,dead
2,PIPO,PIPO96,25,NA,NA,90,dead
2,PIPO,PIPO96,26,NA,NA,90,dead
2,PIPO,PIPO96,27,NA,NA,90,dead
2,PIPO,PIPO96,28,NA,NA,90,dead
2,PIPO,PIPO96,29,NA,NA,90,dead
2,PIPO,PIPO96,3,326,NA,10,alive
2,PIPO,PIPO96,30,NA,NA,90,dead
2,PIPO,PIPO96,31,NA,NA,90,dead
2,PIPO,PIPO96,32,NA,NA,90,dead
2,PIPO,PIPO96,4,304,NA,10,alive
2,PIPO,PIPO96,5,298,NA,25,dead
2,PIPO,PIPO96,6,298,NA,75,dead
2,PIPO,PIPO96,7,297,NA,75,dead
2,PIPO,PIPO96,8,296,NA,90,dead
2,PIPO,PIPO96,9,NA,NA,90,dead
2,PIPO,PIPO97,1,555,NA,10,alive
2,PIPO,PIPO97,10,NA,NA,90,dead
2,PIPO,PIPO97,11,NA,NA,90,dead
2,PIPO,PIPO97,12,NA,NA,90,dead
2,PIPO,PIPO97,13,NA,NA,90,dead
2,PIPO,PIPO97,14,NA,NA,90,dead
2,PIPO,PIPO97,15,NA,NA,90,dead
2,PIPO,PIPO97,16,NA,NA,90,dead
2,PIPO,PIPO97,17,NA,NA,90,dead
2,PIPO,PIPO97,18,NA,NA,90,dead
2,PIPO,PIPO97,19,NA,NA,90,dead
2,PIPO,PIPO97,2,459,NA,10,alive
2,PIPO,PIPO97,20,NA,NA,90,dead
2,PIPO,PIPO97,21,NA,NA,90,dead
2,PIPO,PIPO97,22,NA,NA,90,dead
2,PIPO,PIPO97,23,NA,NA,90,dead
2,PIPO,PIPO97,24,NA,NA,90,dead
2,PIPO,PIPO97,25,NA,NA,90,dead
2,PIPO,PIPO97,26,NA,NA,90,dead
2,PIPO,PIPO97,27,NA,NA,90,dead
2,PIPO,PIPO97,28,NA,NA,90,dead
2,PIPO,PIPO97,29,NA,NA,90,dead
2,PIPO,PIPO97,3,403,NA,10,alive
2,PIPO,PIPO97,30,NA,NA,90,dead
2,PIPO,PIPO97,31,NA,NA,90,dead
2,PIPO,PIPO97,32,NA,NA,90,dead
2,PIPO,PIPO97,4,375,NA,10,alive
2,PIPO,PIPO97,5,356,NA,25,alive
2,PIPO,PIPO97,6,349,NA,75,dead
2,PIPO,PIPO97,7,348,NA,75,dead
2,PIPO,PIPO97,8,346,NA,90,dead
2,PIPO,PIPO97,9,NA,NA,90,dead
2,PIPO,PIPO98,1,510,NA,10,alive
2,PIPO,PIPO98,10,NA,NA,90,dead
2,PIPO,PIPO98,11,NA,NA,90,dead
2,PIPO,PIPO98,12,NA,NA,90,dead
2,PIPO,PIPO98,13,NA,NA,90,dead
2,PIPO,PIPO98,14,NA,NA,90,dead
2,PIPO,PIPO98,15,NA,NA,90,dead
2,PIPO,PIPO98,16,NA,NA,90,dead
2,PIPO,PIPO98,17,NA,NA,90,dead
2,PIPO,PIPO98,18,NA,NA,90,dead
2,PIPO,PIPO98,19,NA,NA,90,dead
2,PIPO,PIPO98,2,424,NA,10,alive
2,PIPO,PIPO98,20,NA,NA,90,dead
2,PIPO,PIPO98,21,NA,NA,90,dead
2,PIPO,PIPO98,22,NA,NA,90,dead
2,PIPO,PIPO98,23,NA,NA,90,dead
2,PIPO,PIPO98,24,NA,NA,90,dead
2,PIPO,PIPO98,25,NA,NA,90,dead
2,PIPO,PIPO98,26,NA,NA,90,dead
2,PIPO,PIPO98,27,NA,NA,90,dead
2,PIPO,PIPO98,28,NA,NA,90,dead
2,PIPO,PIPO98,29,NA,NA,90,dead
2,PIPO,PIPO98,3,373,NA,10,alive
2,PIPO,PIPO98,30,NA,NA,90,dead
2,PIPO,PIPO98,31,NA,NA,90,dead
2,PIPO,PIPO98,32,NA,NA,90,dead
2,PIPO,PIPO98,4,350,NA,10,alive
2,PIPO,PIPO98,5,333,NA,10,alive
2,PIPO,PIPO98,6,329,NA,50,alive
2,PIPO,PIPO98,7,329,NA,50,dead
2,PIPO,PIPO98,8,326,NA,90,dead
2,PIPO,PIPO98,9,NA,NA,90,dead
2,PIPO,PIPO99,1,507,NA,10,alive
2,PIPO,PIPO99,10,NA,NA,90,dead
2,PIPO,PIPO99,11,NA,NA,90,dead
2,PIPO,PIPO99,12,NA,NA,90,dead
2,PIPO,PIPO99,13,NA,NA,90,dead
2,PIPO,PIPO99,14,NA,NA,90,dead
2,PIPO,PIPO99,15,NA,NA,90,dead
2,PIPO,PIPO99,16,NA,NA,90,dead
2,PIPO,PIPO99,17,NA,NA,90,dead
2,PIPO,PIPO99,18,NA,NA,90,dead
2,PIPO,PIPO99,19,NA,NA,90,dead
2,PIPO,PIPO99,2,421,NA,10,alive
2,PIPO,PIPO99,20,NA,NA,90,dead
2,PIPO,PIPO99,21,NA,NA,90,dead
2,PIPO,PIPO99,22,NA,NA,90,dead
2,PIPO,PIPO99,23,NA,NA,90,dead
2,PIPO,PIPO99,24,NA,NA,90,dead
2,PIPO,PIPO99,25,NA,NA,90,dead
2,PIPO,PIPO99,26,NA,NA,90,dead
2,PIPO,PIPO99,27,NA,NA,90,dead
2,PIPO,PIPO99,28,NA,NA,90,dead
2,PIPO,PIPO99,29,NA,NA,90,dead
2,PIPO,PIPO99,3,384,NA,10,alive
2,PIPO,PIPO99,30,NA,NA,90,dead
2,PIPO,PIPO99,31,NA,NA,90,dead
2,PIPO,PIPO99,32,NA,NA,90,dead
2,PIPO,PIPO99,4,360,NA,10,alive
2,PIPO,PIPO99,5,350,NA,25,alive
2,PIPO,PIPO99,6,348,NA,75,dead
2,PIPO,PIPO99,7,347,NA,90,dead
2,PIPO,PIPO99,8,345,NA,90,dead
2,PIPO,PIPO99,9,NA,NA,90,dead
