Phase,Species,SpeciesID,Week,Weight_g,Porometer,PercentBrown,Dead
1,PSME,PSME01,1.0,683,NA,10,alive
1,PSME,PSME01,1.5,NA,NA,10,alive
1,PSME,PSME01,10.0,593,NA,10,alive
1,PSME,PSME01,10.5,NA,NA,10,alive
1,PSME,PSME01,11.0,639,NA,10,alive
1,PSME,PSME01,11.5,NA,NA,10,alive
1,PSME,PSME01,12.0,583,NA,10,alive
1,PSME,PSME01,12.5,NA,NA,10,alive
1,PSME,PSME01,13.0,641,NA,10,alive
1,PSME,PSME01,13.5,NA,NA,10,alive
1,PSME,PSME01,14.0,585,NA,10,alive
1,PSME,PSME01,14.5,NA,NA,10,alive
1,PSME,PSME01,15.0,635,NA,10,alive
1,PSME,PSME01,15.5,NA,NA,10,alive
1,PSME,PSME01,16.0,NA,NA,NA,alive
1,PSME,PSME01,16.5,NA,NA,10,alive
1,PSME,PSME01,17.0,659,NA,10,alive
1,PSME,PSME01,17.5,NA,NA,10,alive
1,PSME,PSME01,18.0,603,NA,10,alive
1,PSME,PSME01,18.5,NA,NA,10,alive
1,PSME,PSME01,19.0,642,NA,10,alive
1,PSME,PSME01,19.5,NA,NA,10,alive
1,PSME,PSME01,2.0,676,NA,10,alive
1,PSME,PSME01,2.5,NA,NA,10,alive
1,PSME,PSME01,20.0,567,NA,10,alive
1,PSME,PSME01,20.5,NA,NA,10,alive
1,PSME,PSME01,21.0,636,NA,10,alive
1,PSME,PSME01,21.5,NA,NA,10,alive
1,PSME,PSME01,22.0,562,NA,10,alive
1,PSME,PSME01,22.5,NA,NA,10,alive
1,PSME,PSME01,23.0,615,NA,10,alive
1,PSME,PSME01,23.5,NA,NA,10,alive
1,PSME,PSME01,24.0,554,NA,10,alive
1,PSME,PSME01,3.0,702,NA,10,alive
1,PSME,PSME01,3.5,NA,NA,10,alive
1,PSME,PSME01,4.0,685,NA,10,alive
1,PSME,PSME01,4.5,NA,NA,10,alive
1,PSME,PSME01,5.0,709,NA,10,alive
1,PSME,PSME01,5.5,NA,NA,10,alive
1,PSME,PSME01,6.0,668,NA,10,alive
1,PSME,PSME01,6.5,NA,NA,10,alive
1,PSME,PSME01,7.0,699,NA,10,alive
1,PSME,PSME01,7.5,NA,NA,NA,alive
1,PSME,PSME01,8.0,558,NA,10,alive
1,PSME,PSME01,8.5,NA,NA,10,alive
1,PSME,PSME01,9.0,646,NA,10,alive
1,PSME,PSME01,9.5,NA,NA,10,alive
1,PSME,PSME02,1.0,648,NA,10,alive
1,PSME,PSME02,1.5,NA,NA,10,alive
1,PSME,PSME02,10.0,547,NA,10,alive
1,PSME,PSME02,10.5,NA,NA,10,alive
1,PSME,PSME02,11.0,608,NA,10,alive
1,PSME,PSME02,11.5,NA,NA,10,alive
1,PSME,PSME02,12.0,537,NA,10,alive
1,PSME,PSME02,12.5,NA,NA,10,alive
1,PSME,PSME02,13.0,622,NA,10,alive
1,PSME,PSME02,13.5,NA,NA,10,alive
1,PSME,PSME02,14.0,554,NA,10,alive
1,PSME,PSME02,14.5,NA,NA,10,alive
1,PSME,PSME02,15.0,589,NA,10,alive
1,PSME,PSME02,15.5,NA,NA,10,alive
1,PSME,PSME02,16.0,NA,NA,NA,alive
1,PSME,PSME02,16.5,NA,NA,10,alive
1,PSME,PSME02,17.0,637,NA,10,alive
1,PSME,PSME02,17.5,NA,NA,10,alive
1,PSME,PSME02,18.0,570,NA,10,alive
1,PSME,PSME02,18.5,NA,NA,10,alive
1,PSME,PSME02,19.0,644,NA,10,alive
1,PSME,PSME02,19.5,NA,NA,10,alive
1,PSME,PSME02,2.0,642,NA,10,alive
1,PSME,PSME02,2.5,NA,NA,10,alive
1,PSME,PSME02,20.0,565,NA,10,alive
1,PSME,PSME02,20.5,NA,NA,10,alive
1,PSME,PSME02,21.0,627,NA,10,alive
1,PSME,PSME02,21.5,NA,NA,10,alive
1,PSME,PSME02,22.0,552,NA,25,alive
1,PSME,PSME02,22.5,NA,NA,10,alive
1,PSME,PSME02,23.0,593,NA,25,alive
1,PSME,PSME02,23.5,NA,NA,25,alive
1,PSME,PSME02,24.0,517,NA,25,alive
1,PSME,PSME02,3.0,664,NA,10,alive
1,PSME,PSME02,3.5,NA,NA,10,alive
1,PSME,PSME02,4.0,643,NA,10,alive
1,PSME,PSME02,4.5,NA,NA,10,alive
1,PSME,PSME02,5.0,676,NA,10,alive
1,PSME,PSME02,5.5,NA,NA,10,alive
1,PSME,PSME02,6.0,626,NA,10,alive
1,PSME,PSME02,6.5,NA,NA,10,alive
1,PSME,PSME02,7.0,667,NA,10,alive
1,PSME,PSME02,7.5,NA,NA,NA,alive
1,PSME,PSME02,8.0,525,NA,10,alive
1,PSME,PSME02,8.5,NA,NA,10,alive
1,PSME,PSME02,9.0,609,NA,10,alive
1,PSME,PSME02,9.5,NA,NA,10,alive
1,PSME,PSME03,1.0,664,218.3,10,alive
1,PSME,PSME03,1.5,NA,NA,10,alive
1,PSME,PSME03,10.0,558,198.6,10,alive
1,PSME,PSME03,10.5,NA,NA,10,alive
1,PSME,PSME03,11.0,620,132.9,10,alive
1,PSME,PSME03,11.5,NA,NA,10,alive
1,PSME,PSME03,12.0,534,205,10,alive
1,PSME,PSME03,12.5,NA,NA,10,alive
1,PSME,PSME03,13.0,640,185.4,10,alive
1,PSME,PSME03,13.5,NA,NA,10,alive
1,PSME,PSME03,14.0,562,221.7,10,alive
1,PSME,PSME03,14.5,NA,NA,10,alive
1,PSME,PSME03,15.0,588,170.8,10,alive
1,PSME,PSME03,15.5,NA,NA,10,alive
1,PSME,PSME03,16.0,NA,117.6,NA,alive
1,PSME,PSME03,16.5,NA,NA,10,alive
1,PSME,PSME03,17.0,634,NA,10,alive
1,PSME,PSME03,17.5,NA,NA,10,alive
1,PSME,PSME03,18.0,559,NA,10,alive
1,PSME,PSME03,18.5,NA,NA,10,alive
1,PSME,PSME03,19.0,654,42.8,10,alive
1,PSME,PSME03,19.5,NA,NA,10,alive
1,PSME,PSME03,2.0,657,NA,10,alive
1,PSME,PSME03,2.5,NA,NA,10,alive
1,PSME,PSME03,20.0,566,292.7,10,alive
1,PSME,PSME03,20.5,NA,NA,10,alive
1,PSME,PSME03,21.0,639,121.6,10,alive
1,PSME,PSME03,21.5,NA,NA,10,alive
1,PSME,PSME03,22.0,552,105.3,10,alive
1,PSME,PSME03,22.5,NA,NA,10,alive
1,PSME,PSME03,23.0,600,106.4,10,alive
1,PSME,PSME03,23.5,NA,NA,10,alive
1,PSME,PSME03,24.0,528,127.4,10,alive
1,PSME,PSME03,3.0,690,368.1,10,alive
1,PSME,PSME03,3.5,NA,NA,10,alive
1,PSME,PSME03,4.0,665,297.3,10,alive
1,PSME,PSME03,4.5,NA,NA,10,alive
1,PSME,PSME03,5.0,692,259.8,10,alive
1,PSME,PSME03,5.5,NA,NA,10,alive
1,PSME,PSME03,6.0,642,230.9,10,alive
1,PSME,PSME03,6.5,NA,NA,10,alive
1,PSME,PSME03,7.0,690,197.4,10,alive
1,PSME,PSME03,7.5,NA,NA,NA,alive
1,PSME,PSME03,8.0,543,119.8,10,alive
1,PSME,PSME03,8.5,NA,NA,10,alive
1,PSME,PSME03,9.0,621,149.7,10,alive
1,PSME,PSME03,9.5,NA,NA,10,alive
1,PSME,PSME04,1.0,666,71.3,10,alive
1,PSME,PSME04,1.5,NA,NA,10,alive
1,PSME,PSME04,10.0,540,210.1,10,alive
1,PSME,PSME04,10.5,NA,NA,10,alive
1,PSME,PSME04,11.0,599,86.8,10,alive
1,PSME,PSME04,11.5,NA,NA,10,alive
1,PSME,PSME04,12.0,527,189.7,10,alive
1,PSME,PSME04,12.5,NA,NA,10,alive
1,PSME,PSME04,13.0,609,120,10,alive
1,PSME,PSME04,13.5,NA,NA,10,alive
1,PSME,PSME04,14.0,537,177.3,10,alive
1,PSME,PSME04,14.5,NA,NA,10,alive
1,PSME,PSME04,15.0,579,134.3,10,alive
1,PSME,PSME04,15.5,NA,NA,10,alive
1,PSME,PSME04,16.0,NA,93.9,NA,alive
1,PSME,PSME04,16.5,NA,NA,10,alive
1,PSME,PSME04,17.0,616,NA,10,alive
1,PSME,PSME04,17.5,NA,NA,10,alive
1,PSME,PSME04,18.0,542,NA,10,alive
1,PSME,PSME04,18.5,NA,NA,10,alive
1,PSME,PSME04,19.0,625,46.5,10,alive
1,PSME,PSME04,19.5,NA,NA,10,alive
1,PSME,PSME04,2.0,659,NA,10,alive
1,PSME,PSME04,2.5,NA,NA,10,alive
1,PSME,PSME04,20.0,532,164.6,10,alive
1,PSME,PSME04,20.5,NA,NA,10,alive
1,PSME,PSME04,21.0,607,114,10,alive
1,PSME,PSME04,21.5,NA,NA,10,alive
1,PSME,PSME04,22.0,522,84.2,10,alive
1,PSME,PSME04,22.5,NA,NA,10,alive
1,PSME,PSME04,23.0,548,69.5,10,alive
1,PSME,PSME04,23.5,NA,NA,10,alive
1,PSME,PSME04,24.0,475,121.8,10,alive
1,PSME,PSME04,3.0,693,144.5,10,alive
1,PSME,PSME04,3.5,NA,NA,10,alive
1,PSME,PSME04,4.0,671,265.9,10,alive
1,PSME,PSME04,4.5,NA,NA,10,alive
1,PSME,PSME04,5.0,694,120.4,10,alive
1,PSME,PSME04,5.5,NA,NA,10,alive
1,PSME,PSME04,6.0,653,200.8,10,alive
1,PSME,PSME04,6.5,NA,NA,10,alive
1,PSME,PSME04,7.0,706,95.4,10,alive
1,PSME,PSME04,7.5,NA,NA,NA,alive
1,PSME,PSME04,8.0,528,129,10,alive
1,PSME,PSME04,8.5,NA,NA,10,alive
1,PSME,PSME04,9.0,601,77.1,10,alive
1,PSME,PSME04,9.5,NA,NA,10,alive
1,PSME,PSME05,1.0,742,116.3,10,alive
1,PSME,PSME05,1.5,NA,NA,10,alive
1,PSME,PSME05,10.0,665,206.1,10,alive
1,PSME,PSME05,10.5,NA,NA,10,alive
1,PSME,PSME05,11.0,691,108.2,10,alive
1,PSME,PSME05,11.5,NA,NA,10,alive
1,PSME,PSME05,12.0,636,268.3,10,alive
1,PSME,PSME05,12.5,NA,NA,10,alive
1,PSME,PSME05,13.0,700,151.8,10,alive
1,PSME,PSME05,13.5,NA,NA,10,alive
1,PSME,PSME05,14.0,634,169.9,10,alive
1,PSME,PSME05,14.5,NA,NA,10,alive
1,PSME,PSME05,15.0,670,130.8,10,alive
1,PSME,PSME05,15.5,NA,NA,10,alive
1,PSME,PSME05,16.0,NA,80.8,NA,alive
1,PSME,PSME05,16.5,NA,NA,10,alive
1,PSME,PSME05,17.0,715,NA,10,alive
1,PSME,PSME05,17.5,NA,NA,10,alive
1,PSME,PSME05,18.0,654,NA,10,alive
1,PSME,PSME05,18.5,NA,NA,10,alive
1,PSME,PSME05,19.0,715,69.3,10,alive
1,PSME,PSME05,19.5,NA,NA,10,alive
1,PSME,PSME05,2.0,735,NA,10,alive
1,PSME,PSME05,2.5,NA,NA,10,alive
1,PSME,PSME05,20.0,650,120.9,10,alive
1,PSME,PSME05,20.5,NA,NA,10,alive
1,PSME,PSME05,21.0,703,104.5,10,alive
1,PSME,PSME05,21.5,NA,NA,10,alive
1,PSME,PSME05,22.0,630,49.2,25,alive
1,PSME,PSME05,22.5,NA,NA,10,alive
1,PSME,PSME05,23.0,672,53.7,10,alive
1,PSME,PSME05,23.5,NA,NA,25,alive
1,PSME,PSME05,24.0,606,88.6,25,alive
1,PSME,PSME05,3.0,757,198,10,alive
1,PSME,PSME05,3.5,NA,NA,10,alive
1,PSME,PSME05,4.0,741,283.2,10,alive
1,PSME,PSME05,4.5,NA,NA,10,alive
1,PSME,PSME05,5.0,760,188,10,alive
1,PSME,PSME05,5.5,NA,NA,10,alive
1,PSME,PSME05,6.0,728,222.6,10,alive
1,PSME,PSME05,6.5,NA,NA,10,alive
1,PSME,PSME05,7.0,757,153.5,10,alive
1,PSME,PSME05,7.5,NA,NA,NA,alive
1,PSME,PSME05,8.0,636,124.8,10,alive
1,PSME,PSME05,8.5,NA,NA,10,alive
1,PSME,PSME05,9.0,711,129.2,10,alive
1,PSME,PSME05,9.5,NA,NA,10,alive
1,PSME,PSME06,1.0,714,52.9,10,alive
1,PSME,PSME06,1.5,NA,NA,10,alive
1,PSME,PSME06,10.0,439,155.4,10,alive
1,PSME,PSME06,10.5,NA,NA,10,alive
1,PSME,PSME06,11.0,403,81.1,10,alive
1,PSME,PSME06,11.5,NA,NA,10,alive
1,PSME,PSME06,12.0,379,145.6,10,alive
1,PSME,PSME06,12.5,NA,NA,10,alive
1,PSME,PSME06,13.0,365,72.2,10,alive
1,PSME,PSME06,13.5,NA,NA,10,alive
1,PSME,PSME06,14.0,353,109.1,10,alive
1,PSME,PSME06,14.5,NA,NA,10,alive
1,PSME,PSME06,15.0,345,95.4,25,alive
1,PSME,PSME06,15.5,NA,NA,10,alive
1,PSME,PSME06,16.0,NA,52.6,NA,alive
1,PSME,PSME06,16.5,NA,NA,25,alive
1,PSME,PSME06,17.0,337,NA,50,alive
1,PSME,PSME06,17.5,NA,NA,50,alive
1,PSME,PSME06,18.0,333,NA,75,alive
1,PSME,PSME06,18.5,NA,NA,50,dead
1,PSME,PSME06,19.0,331,35.4,50,dead
1,PSME,PSME06,19.5,NA,NA,50,dead
1,PSME,PSME06,2.0,707,144,10,alive
1,PSME,PSME06,2.5,NA,NA,10,alive
1,PSME,PSME06,20.0,330,66.4,75,dead
1,PSME,PSME06,20.5,NA,NA,75,dead
1,PSME,PSME06,21.0,328,62.7,75,dead
1,PSME,PSME06,21.5,NA,NA,NA,dead
1,PSME,PSME06,22.0,NA,NA,NA,dead
1,PSME,PSME06,22.5,NA,NA,NA,dead
1,PSME,PSME06,23.0,NA,NA,NA,dead
1,PSME,PSME06,23.5,NA,NA,NA,dead
1,PSME,PSME06,24.0,NA,NA,NA,dead
1,PSME,PSME06,3.0,686,128.2,10,alive
1,PSME,PSME06,3.5,NA,NA,10,alive
1,PSME,PSME06,4.0,674,247,10,alive
1,PSME,PSME06,4.5,NA,NA,10,alive
1,PSME,PSME06,5.0,656,141.3,10,alive
1,PSME,PSME06,5.5,NA,NA,10,alive
1,PSME,PSME06,6.0,628,73.6,10,alive
1,PSME,PSME06,6.5,NA,NA,10,alive
1,PSME,PSME06,7.0,626,75.5,10,alive
1,PSME,PSME06,7.5,NA,NA,NA,alive
1,PSME,PSME06,8.0,507,85.5,10,alive
1,PSME,PSME06,8.5,NA,NA,10,alive
1,PSME,PSME06,9.0,474,200.4,10,alive
1,PSME,PSME06,9.5,NA,NA,10,alive
1,PSME,PSME07,1.0,592,242.8,10,alive
1,PSME,PSME07,1.5,NA,NA,10,alive
1,PSME,PSME07,10.0,322,76.8,10,alive
1,PSME,PSME07,10.5,NA,NA,10,alive
1,PSME,PSME07,11.0,316,43.4,10,alive
1,PSME,PSME07,11.5,NA,NA,10,alive
1,PSME,PSME07,12.0,311,79.5,10,alive
1,PSME,PSME07,12.5,NA,NA,25,alive
1,PSME,PSME07,13.0,308,70.8,25,alive
1,PSME,PSME07,13.5,NA,NA,50,alive
1,PSME,PSME07,14.0,305,79.9,25,alive
1,PSME,PSME07,14.5,NA,NA,25,dead
1,PSME,PSME07,15.0,304,89.9,50,dead
1,PSME,PSME07,15.5,NA,NA,50,dead
1,PSME,PSME07,16.0,NA,35.2,NA,dead
1,PSME,PSME07,16.5,NA,NA,90,dead
1,PSME,PSME07,17.0,NA,NA,90,dead
1,PSME,PSME07,17.5,NA,NA,90,dead
1,PSME,PSME07,18.0,NA,NA,90,dead
1,PSME,PSME07,18.5,NA,NA,NA,dead
1,PSME,PSME07,19.0,301,24.7,NA,dead
1,PSME,PSME07,19.5,NA,NA,NA,dead
1,PSME,PSME07,2.0,586,146.6,10,alive
1,PSME,PSME07,2.5,NA,NA,10,alive
1,PSME,PSME07,20.0,299,56.6,NA,dead
1,PSME,PSME07,20.5,NA,NA,NA,dead
1,PSME,PSME07,21.0,298,58.6,NA,dead
1,PSME,PSME07,21.5,NA,NA,NA,dead
1,PSME,PSME07,22.0,NA,NA,NA,dead
1,PSME,PSME07,22.5,NA,NA,NA,dead
1,PSME,PSME07,23.0,NA,NA,NA,dead
1,PSME,PSME07,23.5,NA,NA,NA,dead
1,PSME,PSME07,24.0,NA,NA,NA,dead
1,PSME,PSME07,3.0,547,328.2,10,alive
1,PSME,PSME07,3.5,NA,NA,10,alive
1,PSME,PSME07,4.0,521,246.7,10,alive
1,PSME,PSME07,4.5,NA,NA,10,alive
1,PSME,PSME07,5.0,483,156.4,10,alive
1,PSME,PSME07,5.5,NA,NA,10,alive
1,PSME,PSME07,6.0,435,301.8,10,alive
1,PSME,PSME07,6.5,NA,NA,10,alive
1,PSME,PSME07,7.0,405,171.6,10,alive
1,PSME,PSME07,7.5,NA,NA,NA,alive
1,PSME,PSME07,8.0,337,65.2,10,alive
1,PSME,PSME07,8.5,NA,NA,10,alive
1,PSME,PSME07,9.0,330,63.6,10,alive
1,PSME,PSME07,9.5,NA,NA,10,alive
1,PSME,PSME08,1.0,697,247.1,10,alive
1,PSME,PSME08,1.5,NA,NA,10,alive
1,PSME,PSME08,10.0,405,68.6,10,alive
1,PSME,PSME08,10.5,NA,NA,10,alive
1,PSME,PSME08,11.0,396,40.4,10,alive
1,PSME,PSME08,11.5,NA,NA,10,alive
1,PSME,PSME08,12.0,391,84.9,10,alive
1,PSME,PSME08,12.5,NA,NA,25,alive
1,PSME,PSME08,13.0,387,56.8,25,alive
1,PSME,PSME08,13.5,NA,NA,25,alive
1,PSME,PSME08,14.0,385,85.6,25,alive
1,PSME,PSME08,14.5,NA,NA,25,alive
1,PSME,PSME08,15.0,383,97.1,25,dead
1,PSME,PSME08,15.5,NA,NA,25,dead
1,PSME,PSME08,16.0,NA,44.3,NA,dead
1,PSME,PSME08,16.5,NA,NA,75,dead
1,PSME,PSME08,17.0,382,NA,90,dead
1,PSME,PSME08,17.5,NA,NA,75,dead
1,PSME,PSME08,18.0,NA,NA,75,dead
1,PSME,PSME08,18.5,NA,NA,75,dead
1,PSME,PSME08,19.0,377,26.7,75,dead
1,PSME,PSME08,19.5,NA,NA,75,dead
1,PSME,PSME08,2.0,690,342.5,10,alive
1,PSME,PSME08,2.5,NA,NA,10,alive
1,PSME,PSME08,20.0,375,53.5,90,dead
1,PSME,PSME08,20.5,NA,NA,75,dead
1,PSME,PSME08,21.0,372,58,90,dead
1,PSME,PSME08,21.5,NA,NA,NA,dead
1,PSME,PSME08,22.0,NA,NA,NA,dead
1,PSME,PSME08,22.5,NA,NA,NA,dead
1,PSME,PSME08,23.0,NA,NA,NA,dead
1,PSME,PSME08,23.5,NA,NA,NA,dead
1,PSME,PSME08,24.0,NA,NA,NA,dead
1,PSME,PSME08,3.0,652,331.2,10,alive
1,PSME,PSME08,3.5,NA,NA,10,alive
1,PSME,PSME08,4.0,630,353.5,10,alive
1,PSME,PSME08,4.5,NA,NA,10,alive
1,PSME,PSME08,5.0,599,254.8,10,alive
1,PSME,PSME08,5.5,NA,NA,10,alive
1,PSME,PSME08,6.0,555,254.2,10,alive
1,PSME,PSME08,6.5,NA,NA,10,alive
1,PSME,PSME08,7.0,517,130.2,10,alive
1,PSME,PSME08,7.5,NA,NA,NA,alive
1,PSME,PSME08,8.0,424,59.3,10,alive
1,PSME,PSME08,8.5,NA,NA,10,alive
1,PSME,PSME08,9.0,414,59.6,10,alive
1,PSME,PSME08,9.5,NA,NA,10,alive
1,PSME,PSME09,1.0,633,80.4,10,alive
1,PSME,PSME09,1.5,NA,NA,10,alive
1,PSME,PSME09,10.0,368,84.3,10,alive
1,PSME,PSME09,10.5,NA,NA,10,alive
1,PSME,PSME09,11.0,354,39.8,10,alive
1,PSME,PSME09,11.5,NA,NA,10,alive
1,PSME,PSME09,12.0,344,75.9,10,alive
1,PSME,PSME09,12.5,NA,NA,25,alive
1,PSME,PSME09,13.0,339,76.9,25,alive
1,PSME,PSME09,13.5,NA,NA,25,alive
1,PSME,PSME09,14.0,336,87.2,25,alive
1,PSME,PSME09,14.5,NA,NA,25,alive
1,PSME,PSME09,15.0,334,77.3,25,dead
1,PSME,PSME09,15.5,NA,NA,50,dead
1,PSME,PSME09,16.0,NA,49.9,NA,dead
1,PSME,PSME09,16.5,NA,NA,50,dead
1,PSME,PSME09,17.0,333,NA,90,dead
1,PSME,PSME09,17.5,NA,NA,50,dead
1,PSME,PSME09,18.0,NA,NA,50,dead
1,PSME,PSME09,18.5,NA,NA,90,dead
1,PSME,PSME09,19.0,329,30.7,75,dead
1,PSME,PSME09,19.5,NA,NA,75,dead
1,PSME,PSME09,2.0,627,342.2,10,alive
1,PSME,PSME09,2.5,NA,NA,10,alive
1,PSME,PSME09,20.0,327,72.9,90,dead
1,PSME,PSME09,20.5,NA,NA,90,dead
1,PSME,PSME09,21.0,325,57,90,dead
1,PSME,PSME09,21.5,NA,NA,NA,dead
1,PSME,PSME09,22.0,NA,NA,NA,dead
1,PSME,PSME09,22.5,NA,NA,NA,dead
1,PSME,PSME09,23.0,NA,NA,NA,dead
1,PSME,PSME09,23.5,NA,NA,NA,dead
1,PSME,PSME09,24.0,NA,NA,NA,dead
1,PSME,PSME09,3.0,594,266.3,10,alive
1,PSME,PSME09,3.5,NA,NA,10,alive
1,PSME,PSME09,4.0,571,297.4,10,alive
1,PSME,PSME09,4.5,NA,NA,10,alive
1,PSME,PSME09,5.0,545,103.2,10,alive
1,PSME,PSME09,5.5,NA,NA,10,alive
1,PSME,PSME09,6.0,510,102.2,10,alive
1,PSME,PSME09,6.5,NA,NA,10,alive
1,PSME,PSME09,7.0,521,136.7,10,alive
1,PSME,PSME09,7.5,NA,NA,NA,alive
1,PSME,PSME09,8.0,396,67.5,10,alive
1,PSME,PSME09,8.5,NA,NA,10,alive
1,PSME,PSME09,9.0,381,77.1,10,alive
1,PSME,PSME09,9.5,NA,NA,10,alive
1,PSME,PSME10,1.0,736,89.5,10,alive
1,PSME,PSME10,1.5,NA,NA,10,alive
1,PSME,PSME10,10.0,449,76.2,10,alive
1,PSME,PSME10,10.5,NA,NA,10,alive
1,PSME,PSME10,11.0,435,28.2,10,alive
1,PSME,PSME10,11.5,NA,NA,10,alive
1,PSME,PSME10,12.0,425,70.9,10,alive
1,PSME,PSME10,12.5,NA,NA,10,alive
1,PSME,PSME10,13.0,432,64.3,10,alive
1,PSME,PSME10,13.5,NA,NA,10,alive
1,PSME,PSME10,14.0,422,75.5,10,alive
1,PSME,PSME10,14.5,NA,NA,10,alive
1,PSME,PSME10,15.0,416,54.9,10,alive
1,PSME,PSME10,15.5,NA,NA,10,alive
1,PSME,PSME10,16.0,NA,44.9,NA,alive
1,PSME,PSME10,16.5,NA,NA,50,alive
1,PSME,PSME10,17.0,410,NA,75,alive
1,PSME,PSME10,17.5,NA,NA,75,dead
1,PSME,PSME10,18.0,406,NA,75,dead
1,PSME,PSME10,18.5,NA,NA,75,dead
1,PSME,PSME10,19.0,414,30.6,75,dead
1,PSME,PSME10,19.5,NA,NA,75,dead
1,PSME,PSME10,2.0,729,246,10,alive
1,PSME,PSME10,2.5,NA,NA,10,alive
1,PSME,PSME10,20.0,408,58.1,75,dead
1,PSME,PSME10,20.5,NA,NA,90,dead
1,PSME,PSME10,21.0,404,50.7,90,dead
1,PSME,PSME10,21.5,NA,NA,NA,dead
1,PSME,PSME10,22.0,NA,NA,NA,dead
1,PSME,PSME10,22.5,NA,NA,NA,dead
1,PSME,PSME10,23.0,NA,NA,NA,dead
1,PSME,PSME10,23.5,NA,NA,NA,dead
1,PSME,PSME10,24.0,NA,NA,NA,dead
1,PSME,PSME10,3.0,692,309.6,10,alive
1,PSME,PSME10,3.5,NA,NA,10,alive
1,PSME,PSME10,4.0,670,254.7,10,alive
1,PSME,PSME10,4.5,NA,NA,10,alive
1,PSME,PSME10,5.0,640,157.2,10,alive
1,PSME,PSME10,5.5,NA,NA,10,alive
1,PSME,PSME10,6.0,603,56.4,10,alive
1,PSME,PSME10,6.5,NA,NA,10,alive
1,PSME,PSME10,7.0,604,95.6,10,alive
1,PSME,PSME10,7.5,NA,NA,NA,alive
1,PSME,PSME10,8.0,482,74.7,10,alive
1,PSME,PSME10,8.5,NA,NA,10,alive
1,PSME,PSME10,9.0,463,108.2,10,alive
1,PSME,PSME10,9.5,NA,NA,10,alive
1,PSME,PSME11,1.0,711,120.9,10,alive
1,PSME,PSME11,1.5,NA,NA,10,alive
1,PSME,PSME11,10.0,413,134,10,alive
1,PSME,PSME11,10.5,NA,NA,10,alive
1,PSME,PSME11,11.0,396,52,10,alive
1,PSME,PSME11,11.5,NA,NA,10,alive
1,PSME,PSME11,12.0,386,76.4,10,alive
1,PSME,PSME11,12.5,NA,NA,10,alive
1,PSME,PSME11,13.0,378,69.3,10,alive
1,PSME,PSME11,13.5,NA,NA,10,alive
1,PSME,PSME11,14.0,371,73.4,10,alive
1,PSME,PSME11,14.5,NA,NA,10,alive
1,PSME,PSME11,15.0,367,87.1,10,alive
1,PSME,PSME11,15.5,NA,NA,10,alive
1,PSME,PSME11,16.0,NA,40,NA,alive
1,PSME,PSME11,16.5,NA,NA,25,alive
1,PSME,PSME11,17.0,363,NA,50,alive
1,PSME,PSME11,17.5,NA,NA,50,alive
1,PSME,PSME11,18.0,359,NA,75,alive
1,PSME,PSME11,18.5,NA,NA,50,alive
1,PSME,PSME11,19.0,358,30.1,50,alive
1,PSME,PSME11,19.5,NA,NA,25,dead
1,PSME,PSME11,2.0,704,260,10,alive
1,PSME,PSME11,2.5,NA,NA,10,alive
1,PSME,PSME11,20.0,355,77.1,75,dead
1,PSME,PSME11,20.5,NA,NA,75,dead
1,PSME,PSME11,21.0,353,63,75,dead
1,PSME,PSME11,21.5,NA,NA,75,dead
1,PSME,PSME11,22.0,351,25.5,75,dead
1,PSME,PSME11,22.5,NA,NA,NA,dead
1,PSME,PSME11,23.0,NA,NA,NA,dead
1,PSME,PSME11,23.5,NA,NA,NA,dead
1,PSME,PSME11,24.0,NA,NA,NA,dead
1,PSME,PSME11,3.0,681,217.6,10,alive
1,PSME,PSME11,3.5,NA,NA,10,alive
1,PSME,PSME11,4.0,667,224.8,10,alive
1,PSME,PSME11,4.5,NA,NA,10,alive
1,PSME,PSME11,5.0,647,123.4,10,alive
1,PSME,PSME11,5.5,NA,NA,10,alive
1,PSME,PSME11,6.0,615,197.5,10,alive
1,PSME,PSME11,6.5,NA,NA,10,alive
1,PSME,PSME11,7.0,590,107.1,10,alive
1,PSME,PSME11,7.5,NA,NA,NA,alive
1,PSME,PSME11,8.0,467,130.3,10,alive
1,PSME,PSME11,8.5,NA,NA,10,alive
1,PSME,PSME11,9.0,436,169.3,10,alive
1,PSME,PSME11,9.5,NA,NA,10,alive
1,PSME,PSME12,1.0,702,93,10,alive
1,PSME,PSME12,1.5,NA,NA,10,alive
1,PSME,PSME12,10.0,400,88.1,10,alive
1,PSME,PSME12,10.5,NA,NA,10,alive
1,PSME,PSME12,11.0,391,42.2,10,alive
1,PSME,PSME12,11.5,NA,NA,10,alive
1,PSME,PSME12,12.0,387,81.4,10,alive
1,PSME,PSME12,12.5,NA,NA,25,alive
1,PSME,PSME12,13.0,385,65.9,25,alive
1,PSME,PSME12,13.5,NA,NA,50,alive
1,PSME,PSME12,14.0,381,64.1,25,alive
1,PSME,PSME12,14.5,NA,NA,25,alive
1,PSME,PSME12,15.0,379,86.6,50,dead
1,PSME,PSME12,15.5,NA,NA,75,dead
1,PSME,PSME12,16.0,NA,40.3,NA,dead
1,PSME,PSME12,16.5,NA,NA,90,dead
1,PSME,PSME12,17.0,NA,NA,90,dead
1,PSME,PSME12,17.5,NA,NA,90,dead
1,PSME,PSME12,18.0,NA,NA,90,dead
1,PSME,PSME12,18.5,NA,NA,90,dead
1,PSME,PSME12,19.0,373,31.6,75,dead
1,PSME,PSME12,19.5,NA,NA,90,dead
1,PSME,PSME12,2.0,695,281.9,10,alive
1,PSME,PSME12,2.5,NA,NA,10,alive
1,PSME,PSME12,20.0,371,56.6,90,dead
1,PSME,PSME12,20.5,NA,NA,90,dead
1,PSME,PSME12,21.0,370,50.7,90,dead
1,PSME,PSME12,21.5,NA,NA,NA,dead
1,PSME,PSME12,22.0,NA,NA,NA,dead
1,PSME,PSME12,22.5,NA,NA,NA,dead
1,PSME,PSME12,23.0,NA,NA,NA,dead
1,PSME,PSME12,23.5,NA,NA,NA,dead
1,PSME,PSME12,24.0,NA,NA,NA,dead
1,PSME,PSME12,3.0,657,252.1,10,alive
1,PSME,PSME12,3.5,NA,NA,10,alive
1,PSME,PSME12,4.0,633,195,10,alive
1,PSME,PSME12,4.5,NA,NA,10,alive
1,PSME,PSME12,5.0,604,196.3,10,alive
1,PSME,PSME12,5.5,NA,NA,10,alive
1,PSME,PSME12,6.0,546,257.7,10,alive
1,PSME,PSME12,6.5,NA,NA,10,alive
1,PSME,PSME12,7.0,516,128.8,10,alive
1,PSME,PSME12,7.5,NA,NA,NA,alive
1,PSME,PSME12,8.0,422,64.9,10,alive
1,PSME,PSME12,8.5,NA,NA,10,alive
1,PSME,PSME12,9.0,412,74.3,10,alive
1,PSME,PSME12,9.5,NA,NA,10,alive
1,PSME,PSME13,1.0,649,83.8,10,alive
1,PSME,PSME13,1.5,NA,NA,10,alive
1,PSME,PSME13,10.0,378,88.5,10,alive
1,PSME,PSME13,10.5,NA,NA,10,alive
1,PSME,PSME13,11.0,370,35.7,10,alive
1,PSME,PSME13,11.5,NA,NA,10,alive
1,PSME,PSME13,12.0,365,99.4,10,alive
1,PSME,PSME13,12.5,NA,NA,10,alive
1,PSME,PSME13,13.0,362,76.6,10,alive
1,PSME,PSME13,13.5,NA,NA,10,alive
1,PSME,PSME13,14.0,359,70.3,10,alive
1,PSME,PSME13,14.5,NA,NA,25,alive
1,PSME,PSME13,15.0,357,82.7,25,alive
1,PSME,PSME13,15.5,NA,NA,10,alive
1,PSME,PSME13,16.0,NA,44.9,NA,alive
1,PSME,PSME13,16.5,NA,NA,75,alive
1,PSME,PSME13,17.0,355,NA,90,dead
1,PSME,PSME13,17.5,NA,NA,75,dead
1,PSME,PSME13,18.0,NA,NA,75,dead
1,PSME,PSME13,18.5,NA,NA,75,dead
1,PSME,PSME13,19.0,351,29.1,75,dead
1,PSME,PSME13,19.5,NA,NA,75,dead
1,PSME,PSME13,2.0,643,253,10,alive
1,PSME,PSME13,2.5,NA,NA,10,alive
1,PSME,PSME13,20.0,349,59.6,90,dead
1,PSME,PSME13,20.5,NA,NA,90,dead
1,PSME,PSME13,21.0,347,62.5,90,dead
1,PSME,PSME13,21.5,NA,NA,NA,dead
1,PSME,PSME13,22.0,NA,NA,NA,dead
1,PSME,PSME13,22.5,NA,NA,NA,dead
1,PSME,PSME13,23.0,NA,NA,NA,dead
1,PSME,PSME13,23.5,NA,NA,NA,dead
1,PSME,PSME13,24.0,NA,NA,NA,dead
1,PSME,PSME13,3.0,610,105.9,10,alive
1,PSME,PSME13,3.5,NA,NA,10,alive
1,PSME,PSME13,4.0,584,302.6,10,alive
1,PSME,PSME13,4.5,NA,NA,10,alive
1,PSME,PSME13,5.0,551,225.7,10,alive
1,PSME,PSME13,5.5,NA,NA,10,alive
1,PSME,PSME13,6.0,500,96.4,10,alive
1,PSME,PSME13,6.5,NA,NA,10,alive
1,PSME,PSME13,7.0,465,97.8,10,alive
1,PSME,PSME13,7.5,NA,NA,NA,alive
1,PSME,PSME13,8.0,395,57.5,10,alive
1,PSME,PSME13,8.5,NA,NA,10,alive
1,PSME,PSME13,9.0,387,62.1,10,alive
1,PSME,PSME13,9.5,NA,NA,10,alive
1,PSME,PSME14,1.0,780,126.7,10,alive
1,PSME,PSME14,1.5,NA,NA,10,alive
1,PSME,PSME14,10.0,520,134.9,10,alive
1,PSME,PSME14,10.5,NA,NA,10,alive
1,PSME,PSME14,11.0,487,56.2,10,alive
1,PSME,PSME14,11.5,NA,NA,10,alive
1,PSME,PSME14,12.0,465,173.4,10,alive
1,PSME,PSME14,12.5,NA,NA,10,alive
1,PSME,PSME14,13.0,446,185.1,10,alive
1,PSME,PSME14,13.5,NA,NA,10,alive
1,PSME,PSME14,14.0,429,93.3,10,alive
1,PSME,PSME14,14.5,NA,NA,10,alive
1,PSME,PSME14,15.0,417,95.6,10,alive
1,PSME,PSME14,15.5,NA,NA,10,alive
1,PSME,PSME14,16.0,NA,46,NA,alive
1,PSME,PSME14,16.5,NA,NA,10,alive
1,PSME,PSME14,17.0,404,NA,10,alive
1,PSME,PSME14,17.5,NA,NA,10,alive
1,PSME,PSME14,18.0,398,NA,10,alive
1,PSME,PSME14,18.5,NA,NA,10,alive
1,PSME,PSME14,19.0,394,28.2,10,alive
1,PSME,PSME14,19.5,NA,NA,25,alive
1,PSME,PSME14,2.0,772,274,10,alive
1,PSME,PSME14,2.5,NA,NA,10,alive
1,PSME,PSME14,20.0,389,55.7,25,alive
1,PSME,PSME14,20.5,NA,NA,50,alive
1,PSME,PSME14,21.0,385,65.9,25,dead
1,PSME,PSME14,21.5,NA,NA,25,dead
1,PSME,PSME14,22.0,382,30.2,25,dead
1,PSME,PSME14,22.5,NA,NA,50,dead
1,PSME,PSME14,23.0,379,32.1,50,dead
1,PSME,PSME14,23.5,NA,NA,NA,dead
1,PSME,PSME14,24.0,NA,NA,NA,dead
1,PSME,PSME14,3.0,759,289.4,10,alive
1,PSME,PSME14,3.5,NA,NA,10,alive
1,PSME,PSME14,4.0,748,314.2,10,alive
1,PSME,PSME14,4.5,NA,NA,10,alive
1,PSME,PSME14,5.0,739,230.5,10,alive
1,PSME,PSME14,5.5,NA,NA,10,alive
1,PSME,PSME14,6.0,715,245.2,10,alive
1,PSME,PSME14,6.5,NA,NA,10,alive
1,PSME,PSME14,7.0,701,84.2,10,alive
1,PSME,PSME14,7.5,NA,NA,NA,alive
1,PSME,PSME14,8.0,575,138.9,10,alive
1,PSME,PSME14,8.5,NA,NA,10,alive
1,PSME,PSME14,9.0,547,126.2,10,alive
1,PSME,PSME14,9.5,NA,NA,10,alive
1,PSME,PSME15,1.0,632,107.7,10,alive
1,PSME,PSME15,1.5,NA,NA,10,alive
1,PSME,PSME15,10.0,352,91.6,10,alive
1,PSME,PSME15,10.5,NA,NA,10,alive
1,PSME,PSME15,11.0,347,51.3,10,alive
1,PSME,PSME15,11.5,NA,NA,25,alive
1,PSME,PSME15,12.0,343,88.1,25,alive
1,PSME,PSME15,12.5,NA,NA,25,alive
1,PSME,PSME15,13.0,342,76,25,alive
1,PSME,PSME15,13.5,NA,NA,50,alive
1,PSME,PSME15,14.0,340,73.3,25,alive
1,PSME,PSME15,14.5,NA,NA,25,alive
1,PSME,PSME15,15.0,340,92.9,50,alive
1,PSME,PSME15,15.5,NA,NA,25,alive
1,PSME,PSME15,16.0,NA,41.5,NA,alive
1,PSME,PSME15,16.5,NA,NA,50,alive
1,PSME,PSME15,17.0,339,NA,75,dead
1,PSME,PSME15,17.5,NA,NA,75,dead
1,PSME,PSME15,18.0,337,NA,75,dead
1,PSME,PSME15,18.5,NA,NA,75,dead
1,PSME,PSME15,19.0,337,20.6,75,dead
1,PSME,PSME15,19.5,NA,NA,50,dead
1,PSME,PSME15,2.0,626,377.8,10,alive
1,PSME,PSME15,2.5,NA,NA,10,alive
1,PSME,PSME15,20.0,335,85,75,dead
1,PSME,PSME15,20.5,NA,NA,75,dead
1,PSME,PSME15,21.0,334,58.4,75,dead
1,PSME,PSME15,21.5,NA,NA,NA,dead
1,PSME,PSME15,22.0,NA,NA,NA,dead
1,PSME,PSME15,22.5,NA,NA,NA,dead
1,PSME,PSME15,23.0,NA,NA,NA,dead
1,PSME,PSME15,23.5,NA,NA,NA,dead
1,PSME,PSME15,24.0,NA,NA,NA,dead
1,PSME,PSME15,3.0,586,235.3,10,alive
1,PSME,PSME15,3.5,NA,NA,10,alive
1,PSME,PSME15,4.0,553,343.1,10,alive
1,PSME,PSME15,4.5,NA,NA,10,alive
1,PSME,PSME15,5.0,508,228.1,10,alive
1,PSME,PSME15,5.5,NA,NA,10,alive
1,PSME,PSME15,6.0,454,187.1,10,alive
1,PSME,PSME15,6.5,NA,NA,10,alive
1,PSME,PSME15,7.0,426,139.7,10,alive
1,PSME,PSME15,7.5,NA,NA,NA,alive
1,PSME,PSME15,8.0,364,65.3,10,alive
1,PSME,PSME15,8.5,NA,NA,10,alive
1,PSME,PSME15,9.0,358,54.8,10,alive
1,PSME,PSME15,9.5,NA,NA,10,alive
1,PSME,PSME16,1.0,728,NA,10,alive
1,PSME,PSME16,1.5,NA,NA,10,alive
1,PSME,PSME16,10.0,444,NA,10,alive
1,PSME,PSME16,10.5,NA,NA,10,alive
1,PSME,PSME16,11.0,406,NA,10,alive
1,PSME,PSME16,11.5,NA,NA,10,alive
1,PSME,PSME16,12.0,389,NA,10,alive
1,PSME,PSME16,12.5,NA,NA,10,alive
1,PSME,PSME16,13.0,380,NA,10,alive
1,PSME,PSME16,13.5,NA,NA,10,alive
1,PSME,PSME16,14.0,371,NA,10,alive
1,PSME,PSME16,14.5,NA,NA,10,alive
1,PSME,PSME16,15.0,365,NA,10,alive
1,PSME,PSME16,15.5,NA,NA,10,alive
1,PSME,PSME16,16.0,NA,NA,NA,alive
1,PSME,PSME16,16.5,NA,NA,10,alive
1,PSME,PSME16,17.0,360,NA,10,alive
1,PSME,PSME16,17.5,NA,NA,10,alive
1,PSME,PSME16,18.0,356,NA,10,alive
1,PSME,PSME16,18.5,NA,NA,25,alive
1,PSME,PSME16,19.0,354,NA,25,alive
1,PSME,PSME16,19.5,NA,NA,25,alive
1,PSME,PSME16,2.0,721,NA,10,alive
1,PSME,PSME16,2.5,NA,NA,10,alive
1,PSME,PSME16,20.0,351,NA,50,alive
1,PSME,PSME16,20.5,NA,NA,75,dead
1,PSME,PSME16,21.0,349,NA,75,dead
1,PSME,PSME16,21.5,NA,NA,75,dead
1,PSME,PSME16,22.0,347,NA,50,dead
1,PSME,PSME16,22.5,NA,NA,75,dead
1,PSME,PSME16,23.0,345,NA,75,dead
1,PSME,PSME16,23.5,NA,NA,NA,dead
1,PSME,PSME16,24.0,NA,NA,NA,dead
1,PSME,PSME16,3.0,698,NA,10,alive
1,PSME,PSME16,3.5,NA,NA,10,alive
1,PSME,PSME16,4.0,684,NA,10,alive
1,PSME,PSME16,4.5,NA,NA,10,alive
1,PSME,PSME16,5.0,665,NA,10,alive
1,PSME,PSME16,5.5,NA,NA,10,alive
1,PSME,PSME16,6.0,637,NA,10,alive
1,PSME,PSME16,6.5,NA,NA,10,alive
1,PSME,PSME16,7.0,621,NA,10,alive
1,PSME,PSME16,7.5,NA,NA,NA,alive
1,PSME,PSME16,8.0,513,NA,10,alive
1,PSME,PSME16,8.5,NA,NA,10,alive
1,PSME,PSME16,9.0,478,NA,10,alive
1,PSME,PSME16,9.5,NA,NA,10,alive
1,PSME,PSME17,1.0,720,NA,10,alive
1,PSME,PSME17,1.5,NA,NA,10,alive
1,PSME,PSME17,10.0,442,NA,10,alive
1,PSME,PSME17,10.5,NA,NA,10,alive
1,PSME,PSME17,11.0,431,NA,10,alive
1,PSME,PSME17,11.5,NA,NA,10,alive
1,PSME,PSME17,12.0,424,NA,10,alive
1,PSME,PSME17,12.5,NA,NA,25,alive
1,PSME,PSME17,13.0,420,NA,10,alive
1,PSME,PSME17,13.5,NA,NA,25,alive
1,PSME,PSME17,14.0,416,NA,25,alive
1,PSME,PSME17,14.5,NA,NA,10,alive
1,PSME,PSME17,15.0,414,NA,25,alive
1,PSME,PSME17,15.5,NA,NA,10,alive
1,PSME,PSME17,16.0,NA,NA,NA,alive
1,PSME,PSME17,16.5,NA,NA,NA,alive
1,PSME,PSME17,17.0,412,NA,75,alive
1,PSME,PSME17,17.5,NA,NA,50,alive
1,PSME,PSME17,18.0,409,NA,75,alive
1,PSME,PSME17,18.5,NA,NA,75,dead
1,PSME,PSME17,19.0,407,NA,50,dead
1,PSME,PSME17,19.5,NA,NA,75,dead
1,PSME,PSME17,2.0,713,NA,10,alive
1,PSME,PSME17,2.5,NA,NA,10,alive
1,PSME,PSME17,20.0,405,NA,75,dead
1,PSME,PSME17,20.5,NA,NA,90,dead
1,PSME,PSME17,21.0,403,NA,90,dead
1,PSME,PSME17,21.5,NA,NA,NA,dead
1,PSME,PSME17,22.0,NA,NA,NA,dead
1,PSME,PSME17,22.5,NA,NA,NA,dead
1,PSME,PSME17,23.0,NA,NA,NA,dead
1,PSME,PSME17,23.5,NA,NA,NA,dead
1,PSME,PSME17,24.0,NA,NA,NA,dead
1,PSME,PSME17,3.0,680,NA,10,alive
1,PSME,PSME17,3.5,NA,NA,10,alive
1,PSME,PSME17,4.0,661,NA,10,alive
1,PSME,PSME17,4.5,NA,NA,10,alive
1,PSME,PSME17,5.0,630,NA,10,alive
1,PSME,PSME17,5.5,NA,NA,10,alive
1,PSME,PSME17,6.0,595,NA,10,alive
1,PSME,PSME17,6.5,NA,NA,10,alive
1,PSME,PSME17,7.0,568,NA,10,alive
1,PSME,PSME17,7.5,NA,NA,NA,alive
1,PSME,PSME17,8.0,466,NA,10,alive
1,PSME,PSME17,8.5,NA,NA,10,alive
1,PSME,PSME17,9.0,453,NA,10,alive
1,PSME,PSME17,9.5,NA,NA,10,alive
1,PSME,PSME18,1.0,652,NA,10,alive
1,PSME,PSME18,1.5,NA,NA,10,alive
1,PSME,PSME18,10.0,370,NA,10,alive
1,PSME,PSME18,10.5,NA,NA,10,alive
1,PSME,PSME18,11.0,358,NA,10,alive
1,PSME,PSME18,11.5,NA,NA,10,alive
1,PSME,PSME18,12.0,352,NA,10,alive
1,PSME,PSME18,12.5,NA,NA,25,alive
1,PSME,PSME18,13.0,351,NA,25,alive
1,PSME,PSME18,13.5,NA,NA,50,alive
1,PSME,PSME18,14.0,348,NA,25,alive
1,PSME,PSME18,14.5,NA,NA,25,alive
1,PSME,PSME18,15.0,348,NA,50,dead
1,PSME,PSME18,15.5,NA,NA,50,dead
1,PSME,PSME18,16.0,NA,NA,NA,dead
1,PSME,PSME18,16.5,NA,NA,50,dead
1,PSME,PSME18,17.0,348,NA,50,dead
1,PSME,PSME18,17.5,NA,NA,50,dead
1,PSME,PSME18,18.0,NA,NA,50,dead
1,PSME,PSME18,18.5,NA,NA,75,dead
1,PSME,PSME18,19.0,346,NA,75,dead
1,PSME,PSME18,19.5,NA,NA,75,dead
1,PSME,PSME18,2.0,645,NA,10,alive
1,PSME,PSME18,2.5,NA,NA,10,alive
1,PSME,PSME18,20.0,346,NA,75,dead
1,PSME,PSME18,20.5,NA,NA,90,dead
1,PSME,PSME18,21.0,344,NA,90,dead
1,PSME,PSME18,21.5,NA,NA,NA,dead
1,PSME,PSME18,22.0,NA,NA,NA,dead
1,PSME,PSME18,22.5,NA,NA,NA,dead
1,PSME,PSME18,23.0,NA,NA,NA,dead
1,PSME,PSME18,23.5,NA,NA,NA,dead
1,PSME,PSME18,24.0,NA,NA,NA,dead
1,PSME,PSME18,3.0,604,NA,10,alive
1,PSME,PSME18,3.5,NA,NA,10,alive
1,PSME,PSME18,4.0,569,NA,10,alive
1,PSME,PSME18,4.5,NA,NA,10,alive
1,PSME,PSME18,5.0,534,NA,10,alive
1,PSME,PSME18,5.5,NA,NA,10,alive
1,PSME,PSME18,6.0,479,NA,10,alive
1,PSME,PSME18,6.5,NA,NA,10,alive
1,PSME,PSME18,7.0,446,NA,10,alive
1,PSME,PSME18,7.5,NA,NA,NA,alive
1,PSME,PSME18,8.0,387,NA,10,alive
1,PSME,PSME18,8.5,NA,NA,10,alive
1,PSME,PSME18,9.0,380,NA,10,alive
1,PSME,PSME18,9.5,NA,NA,10,alive
1,PSME,PSME19,1.0,658,NA,10,alive
1,PSME,PSME19,1.5,NA,NA,10,alive
1,PSME,PSME19,10.0,380,NA,10,alive
1,PSME,PSME19,10.5,NA,NA,10,alive
1,PSME,PSME19,11.0,372,NA,10,alive
1,PSME,PSME19,11.5,NA,NA,10,alive
1,PSME,PSME19,12.0,368,NA,10,alive
1,PSME,PSME19,12.5,NA,NA,10,alive
1,PSME,PSME19,13.0,368,NA,10,alive
1,PSME,PSME19,13.5,NA,NA,25,alive
1,PSME,PSME19,14.0,364,NA,10,alive
1,PSME,PSME19,14.5,NA,NA,25,alive
1,PSME,PSME19,15.0,363,NA,25,alive
1,PSME,PSME19,15.5,NA,NA,50,dead
1,PSME,PSME19,16.0,NA,NA,NA,dead
1,PSME,PSME19,16.5,NA,NA,90,dead
1,PSME,PSME19,17.0,NA,NA,90,dead
1,PSME,PSME19,17.5,NA,NA,90,dead
1,PSME,PSME19,18.0,NA,NA,90,dead
1,PSME,PSME19,18.5,NA,NA,90,dead
1,PSME,PSME19,19.0,356,NA,90,dead
1,PSME,PSME19,19.5,NA,NA,90,dead
1,PSME,PSME19,2.0,651,NA,10,alive
1,PSME,PSME19,2.5,NA,NA,10,alive
1,PSME,PSME19,20.0,352,NA,90,dead
1,PSME,PSME19,20.5,NA,NA,90,dead
1,PSME,PSME19,21.0,351,NA,90,dead
1,PSME,PSME19,21.5,NA,NA,NA,dead
1,PSME,PSME19,22.0,NA,NA,NA,dead
1,PSME,PSME19,22.5,NA,NA,NA,dead
1,PSME,PSME19,23.0,NA,NA,NA,dead
1,PSME,PSME19,23.5,NA,NA,NA,dead
1,PSME,PSME19,24.0,NA,NA,NA,dead
1,PSME,PSME19,3.0,607,NA,10,alive
1,PSME,PSME19,3.5,NA,NA,10,alive
1,PSME,PSME19,4.0,577,NA,10,alive
1,PSME,PSME19,4.5,NA,NA,10,alive
1,PSME,PSME19,5.0,541,NA,10,alive
1,PSME,PSME19,5.5,NA,NA,10,alive
1,PSME,PSME19,6.0,493,NA,10,alive
1,PSME,PSME19,6.5,NA,NA,10,alive
1,PSME,PSME19,7.0,494,NA,10,alive
1,PSME,PSME19,7.5,NA,NA,NA,alive
1,PSME,PSME19,8.0,394,NA,10,alive
1,PSME,PSME19,8.5,NA,NA,10,alive
1,PSME,PSME19,9.0,387,NA,10,alive
1,PSME,PSME19,9.5,NA,NA,10,alive
1,PSME,PSME20,1.0,729,NA,10,alive
1,PSME,PSME20,1.5,NA,NA,10,alive
1,PSME,PSME20,10.0,420,NA,10,alive
1,PSME,PSME20,10.5,NA,NA,10,alive
1,PSME,PSME20,11.0,410,NA,10,alive
1,PSME,PSME20,11.5,NA,NA,10,alive
1,PSME,PSME20,12.0,403,NA,10,alive
1,PSME,PSME20,12.5,NA,NA,10,alive
1,PSME,PSME20,13.0,398,NA,10,alive
1,PSME,PSME20,13.5,NA,NA,10,alive
1,PSME,PSME20,14.0,393,NA,10,alive
1,PSME,PSME20,14.5,NA,NA,10,alive
1,PSME,PSME20,15.0,390,NA,10,alive
1,PSME,PSME20,15.5,NA,NA,10,alive
1,PSME,PSME20,16.0,NA,NA,NA,alive
1,PSME,PSME20,16.5,NA,NA,10,alive
1,PSME,PSME20,17.0,386,NA,25,alive
1,PSME,PSME20,17.5,NA,NA,50,alive
1,PSME,PSME20,18.0,384,NA,50,alive
1,PSME,PSME20,18.5,NA,NA,50,dead
1,PSME,PSME20,19.0,383,NA,50,dead
1,PSME,PSME20,19.5,NA,NA,50,dead
1,PSME,PSME20,2.0,722,NA,10,alive
1,PSME,PSME20,2.5,NA,NA,10,alive
1,PSME,PSME20,20.0,381,NA,75,dead
1,PSME,PSME20,20.5,NA,NA,50,dead
1,PSME,PSME20,21.0,378,NA,90,dead
1,PSME,PSME20,21.5,NA,NA,NA,dead
1,PSME,PSME20,22.0,NA,NA,NA,dead
1,PSME,PSME20,22.5,NA,NA,NA,dead
1,PSME,PSME20,23.0,NA,NA,NA,dead
1,PSME,PSME20,23.5,NA,NA,NA,dead
1,PSME,PSME20,24.0,NA,NA,NA,dead
1,PSME,PSME20,3.0,695,NA,10,alive
1,PSME,PSME20,3.5,NA,NA,10,alive
1,PSME,PSME20,4.0,674,NA,10,alive
1,PSME,PSME20,4.5,NA,NA,10,alive
1,PSME,PSME20,5.0,649,NA,10,alive
1,PSME,PSME20,5.5,NA,NA,10,alive
1,PSME,PSME20,6.0,611,NA,10,alive
1,PSME,PSME20,6.5,NA,NA,10,alive
1,PSME,PSME20,7.0,586,NA,10,alive
1,PSME,PSME20,7.5,NA,NA,NA,alive
1,PSME,PSME20,8.0,455,NA,10,alive
1,PSME,PSME20,8.5,NA,NA,10,alive
1,PSME,PSME20,9.0,432,NA,10,alive
1,PSME,PSME20,9.5,NA,NA,10,alive
1,PSME,PSME21,1.0,669,NA,10,alive
1,PSME,PSME21,1.5,NA,NA,10,alive
1,PSME,PSME21,10.0,384,NA,10,alive
1,PSME,PSME21,10.5,NA,NA,10,alive
1,PSME,PSME21,11.0,374,NA,10,alive
1,PSME,PSME21,11.5,NA,NA,10,alive
1,PSME,PSME21,12.0,369,NA,10,alive
1,PSME,PSME21,12.5,NA,NA,25,alive
1,PSME,PSME21,13.0,366,NA,25,alive
1,PSME,PSME21,13.5,NA,NA,25,alive
1,PSME,PSME21,14.0,363,NA,25,alive
1,PSME,PSME21,14.5,NA,NA,25,alive
1,PSME,PSME21,15.0,362,NA,25,dead
1,PSME,PSME21,15.5,NA,NA,75,dead
1,PSME,PSME21,16.0,NA,NA,NA,dead
1,PSME,PSME21,16.5,NA,NA,90,dead
1,PSME,PSME21,17.0,NA,NA,90,dead
1,PSME,PSME21,17.5,NA,NA,90,dead
1,PSME,PSME21,18.0,NA,NA,90,dead
1,PSME,PSME21,18.5,NA,NA,90,dead
1,PSME,PSME21,19.0,364,NA,90,dead
1,PSME,PSME21,19.5,NA,NA,90,dead
1,PSME,PSME21,2.0,662,NA,10,alive
1,PSME,PSME21,2.5,NA,NA,10,alive
1,PSME,PSME21,20.0,360,NA,90,dead
1,PSME,PSME21,20.5,NA,NA,90,dead
1,PSME,PSME21,21.0,357,NA,90,dead
1,PSME,PSME21,21.5,NA,NA,NA,dead
1,PSME,PSME21,22.0,NA,NA,NA,dead
1,PSME,PSME21,22.5,NA,NA,NA,dead
1,PSME,PSME21,23.0,NA,NA,NA,dead
1,PSME,PSME21,23.5,NA,NA,NA,dead
1,PSME,PSME21,24.0,NA,NA,NA,dead
1,PSME,PSME21,3.0,629,NA,10,alive
1,PSME,PSME21,3.5,NA,NA,10,alive
1,PSME,PSME21,4.0,606,NA,10,alive
1,PSME,PSME21,4.5,NA,NA,10,alive
1,PSME,PSME21,5.0,573,NA,10,alive
1,PSME,PSME21,5.5,NA,NA,10,alive
1,PSME,PSME21,6.0,525,NA,10,alive
1,PSME,PSME21,6.5,NA,NA,10,alive
1,PSME,PSME21,7.0,486,NA,10,alive
1,PSME,PSME21,7.5,NA,NA,NA,alive
1,PSME,PSME21,8.0,402,NA,10,alive
1,PSME,PSME21,8.5,NA,NA,10,alive
1,PSME,PSME21,9.0,392,NA,10,alive
1,PSME,PSME21,9.5,NA,NA,10,alive
1,PSME,PSME22,1.0,695,NA,10,alive
1,PSME,PSME22,1.5,NA,NA,10,alive
1,PSME,PSME22,10.0,429,NA,10,alive
1,PSME,PSME22,10.5,NA,NA,10,alive
1,PSME,PSME22,11.0,422,NA,10,alive
1,PSME,PSME22,11.5,NA,NA,10,alive
1,PSME,PSME22,12.0,418,NA,10,alive
1,PSME,PSME22,12.5,NA,NA,25,alive
1,PSME,PSME22,13.0,416,NA,25,alive
1,PSME,PSME22,13.5,NA,NA,50,alive
1,PSME,PSME22,14.0,413,NA,25,alive
1,PSME,PSME22,14.5,NA,NA,25,alive
1,PSME,PSME22,15.0,412,NA,50,dead
1,PSME,PSME22,15.5,NA,NA,50,dead
1,PSME,PSME22,16.0,NA,NA,NA,dead
1,PSME,PSME22,16.5,NA,NA,90,dead
1,PSME,PSME22,17.0,NA,NA,90,dead
1,PSME,PSME22,17.5,NA,NA,90,dead
1,PSME,PSME22,18.0,NA,NA,90,dead
1,PSME,PSME22,18.5,NA,NA,90,dead
1,PSME,PSME22,19.0,406,NA,75,dead
1,PSME,PSME22,19.5,NA,NA,75,dead
1,PSME,PSME22,2.0,688,NA,10,alive
1,PSME,PSME22,2.5,NA,NA,10,alive
1,PSME,PSME22,20.0,404,NA,75,dead
1,PSME,PSME22,20.5,NA,NA,90,dead
1,PSME,PSME22,21.0,402,NA,90,dead
1,PSME,PSME22,21.5,NA,NA,NA,dead
1,PSME,PSME22,22.0,NA,NA,NA,dead
1,PSME,PSME22,22.5,NA,NA,NA,dead
1,PSME,PSME22,23.0,NA,NA,NA,dead
1,PSME,PSME22,23.5,NA,NA,NA,dead
1,PSME,PSME22,24.0,NA,NA,NA,dead
1,PSME,PSME22,3.0,643,NA,10,alive
1,PSME,PSME22,3.5,NA,NA,10,alive
1,PSME,PSME22,4.0,615,NA,10,alive
1,PSME,PSME22,4.5,NA,NA,10,alive
1,PSME,PSME22,5.0,579,NA,10,alive
1,PSME,PSME22,5.5,NA,NA,10,alive
1,PSME,PSME22,6.0,534,NA,10,alive
1,PSME,PSME22,6.5,NA,NA,10,alive
1,PSME,PSME22,7.0,505,NA,10,alive
1,PSME,PSME22,7.5,NA,NA,NA,alive
1,PSME,PSME22,8.0,444,NA,10,alive
1,PSME,PSME22,8.5,NA,NA,10,alive
1,PSME,PSME22,9.0,436,NA,10,alive
1,PSME,PSME22,9.5,NA,NA,10,alive
1,PSME,PSME23,1.0,799,NA,10,alive
1,PSME,PSME23,1.5,NA,NA,10,alive
1,PSME,PSME23,10.0,523,NA,10,alive
1,PSME,PSME23,10.5,NA,NA,10,alive
1,PSME,PSME23,11.0,484,NA,10,alive
1,PSME,PSME23,11.5,NA,NA,10,alive
1,PSME,PSME23,12.0,459,NA,10,alive
1,PSME,PSME23,12.5,NA,NA,10,alive
1,PSME,PSME23,13.0,437,NA,10,alive
1,PSME,PSME23,13.5,NA,NA,10,alive
1,PSME,PSME23,14.0,420,NA,10,alive
1,PSME,PSME23,14.5,NA,NA,10,alive
1,PSME,PSME23,15.0,411,NA,10,alive
1,PSME,PSME23,15.5,NA,NA,10,alive
1,PSME,PSME23,16.0,NA,NA,NA,alive
1,PSME,PSME23,16.5,NA,NA,10,alive
1,PSME,PSME23,17.0,400,NA,10,alive
1,PSME,PSME23,17.5,NA,NA,10,alive
1,PSME,PSME23,18.0,393,NA,10,alive
1,PSME,PSME23,18.5,NA,NA,10,alive
1,PSME,PSME23,19.0,387,NA,10,alive
1,PSME,PSME23,19.5,NA,NA,10,alive
1,PSME,PSME23,2.0,791,NA,10,alive
1,PSME,PSME23,2.5,NA,NA,10,alive
1,PSME,PSME23,20.0,380,NA,10,alive
1,PSME,PSME23,20.5,NA,NA,25,alive
1,PSME,PSME23,21.0,375,NA,25,alive
1,PSME,PSME23,21.5,NA,NA,25,dead
1,PSME,PSME23,22.0,371,NA,25,dead
1,PSME,PSME23,22.5,NA,NA,25,dead
1,PSME,PSME23,23.0,369,NA,25,dead
1,PSME,PSME23,23.5,NA,NA,25,dead
1,PSME,PSME23,24.0,369,NA,25,dead
1,PSME,PSME23,3.0,770,NA,10,alive
1,PSME,PSME23,3.5,NA,NA,10,alive
1,PSME,PSME23,4.0,755,NA,10,alive
1,PSME,PSME23,4.5,NA,NA,10,alive
1,PSME,PSME23,5.0,737,NA,10,alive
1,PSME,PSME23,5.5,NA,NA,10,alive
1,PSME,PSME23,6.0,717,NA,10,alive
1,PSME,PSME23,6.5,NA,NA,10,alive
1,PSME,PSME23,7.0,699,NA,10,alive
1,PSME,PSME23,7.5,NA,NA,NA,alive
1,PSME,PSME23,8.0,592,NA,10,alive
1,PSME,PSME23,8.5,NA,NA,10,alive
1,PSME,PSME23,9.0,555,NA,10,alive
1,PSME,PSME23,9.5,NA,NA,10,alive
1,PSME,PSME24,1.0,633,NA,10,alive
1,PSME,PSME24,1.5,NA,NA,10,alive
1,PSME,PSME24,10.0,351,NA,10,alive
1,PSME,PSME24,10.5,NA,NA,10,alive
1,PSME,PSME24,11.0,340,NA,10,alive
1,PSME,PSME24,11.5,NA,NA,10,alive
1,PSME,PSME24,12.0,333,NA,10,alive
1,PSME,PSME24,12.5,NA,NA,10,alive
1,PSME,PSME24,13.0,329,NA,25,alive
1,PSME,PSME24,13.5,NA,NA,25,alive
1,PSME,PSME24,14.0,326,NA,25,alive
1,PSME,PSME24,14.5,NA,NA,25,alive
1,PSME,PSME24,15.0,325,NA,25,alive
1,PSME,PSME24,15.5,NA,NA,10,alive
1,PSME,PSME24,16.0,NA,NA,NA,alive
1,PSME,PSME24,16.5,NA,NA,25,alive
1,PSME,PSME24,17.0,325,NA,50,alive
1,PSME,PSME24,17.5,NA,NA,50,alive
1,PSME,PSME24,18.0,323,NA,50,alive
1,PSME,PSME24,18.5,NA,NA,75,dead
1,PSME,PSME24,19.0,323,NA,75,dead
1,PSME,PSME24,19.5,NA,NA,75,dead
1,PSME,PSME24,2.0,627,NA,10,alive
1,PSME,PSME24,2.5,NA,NA,10,alive
1,PSME,PSME24,20.0,321,NA,75,dead
1,PSME,PSME24,20.5,NA,NA,75,dead
1,PSME,PSME24,21.0,320,NA,90,dead
1,PSME,PSME24,21.5,NA,NA,NA,dead
1,PSME,PSME24,22.0,NA,NA,NA,dead
1,PSME,PSME24,22.5,NA,NA,NA,dead
1,PSME,PSME24,23.0,NA,NA,NA,dead
1,PSME,PSME24,23.5,NA,NA,NA,dead
1,PSME,PSME24,24.0,NA,NA,NA,dead
1,PSME,PSME24,3.0,602,NA,10,alive
1,PSME,PSME24,3.5,NA,NA,10,alive
1,PSME,PSME24,4.0,578,NA,10,alive
1,PSME,PSME24,4.5,NA,NA,10,alive
1,PSME,PSME24,5.0,550,NA,10,alive
1,PSME,PSME24,5.5,NA,NA,10,alive
1,PSME,PSME24,6.0,507,NA,10,alive
1,PSME,PSME24,6.5,NA,NA,10,alive
1,PSME,PSME24,7.0,472,NA,10,alive
1,PSME,PSME24,7.5,NA,NA,NA,alive
1,PSME,PSME24,8.0,373,NA,10,alive
1,PSME,PSME24,8.5,NA,NA,10,alive
1,PSME,PSME24,9.0,361,NA,10,alive
1,PSME,PSME24,9.5,NA,NA,10,alive
1,PSME,PSME25,1.0,822,NA,10,alive
1,PSME,PSME25,1.5,NA,NA,10,alive
1,PSME,PSME25,10.0,528,NA,25,alive
1,PSME,PSME25,10.5,NA,NA,25,alive
1,PSME,PSME25,11.0,495,NA,25,alive
1,PSME,PSME25,11.5,NA,NA,25,alive
1,PSME,PSME25,12.0,474,NA,25,alive
1,PSME,PSME25,12.5,NA,NA,25,alive
1,PSME,PSME25,13.0,460,NA,25,alive
1,PSME,PSME25,13.5,NA,NA,25,alive
1,PSME,PSME25,14.0,449,NA,25,alive
1,PSME,PSME25,14.5,NA,NA,25,alive
1,PSME,PSME25,15.0,442,NA,25,alive
1,PSME,PSME25,15.5,NA,NA,10,alive
1,PSME,PSME25,16.0,NA,NA,NA,alive
1,PSME,PSME25,16.5,NA,NA,10,alive
1,PSME,PSME25,17.0,433,NA,10,alive
1,PSME,PSME25,17.5,NA,NA,25,alive
1,PSME,PSME25,18.0,427,NA,50,alive
1,PSME,PSME25,18.5,NA,NA,25,alive
1,PSME,PSME25,19.0,425,NA,25,alive
1,PSME,PSME25,19.5,NA,NA,25,alive
1,PSME,PSME25,2.0,814,NA,10,alive
1,PSME,PSME25,2.5,NA,NA,10,alive
1,PSME,PSME25,20.0,420,NA,25,alive
1,PSME,PSME25,20.5,NA,NA,50,alive
1,PSME,PSME25,21.0,418,NA,50,dead
1,PSME,PSME25,21.5,NA,NA,50,dead
1,PSME,PSME25,22.0,415,NA,50,dead
1,PSME,PSME25,22.5,NA,NA,50,dead
1,PSME,PSME25,23.0,414,NA,75,dead
1,PSME,PSME25,23.5,NA,NA,NA,dead
1,PSME,PSME25,24.0,NA,NA,NA,dead
1,PSME,PSME25,3.0,793,NA,25,alive
1,PSME,PSME25,3.5,NA,NA,25,alive
1,PSME,PSME25,4.0,778,NA,25,alive
1,PSME,PSME25,4.5,NA,NA,25,alive
1,PSME,PSME25,5.0,760,NA,10,alive
1,PSME,PSME25,5.5,NA,NA,25,alive
1,PSME,PSME25,6.0,721,NA,25,alive
1,PSME,PSME25,6.5,NA,NA,25,alive
1,PSME,PSME25,7.0,702,NA,25,alive
1,PSME,PSME25,7.5,NA,NA,NA,alive
1,PSME,PSME25,8.0,587,NA,25,alive
1,PSME,PSME25,8.5,NA,NA,25,alive
1,PSME,PSME25,9.0,557,NA,25,alive
1,PSME,PSME25,9.5,NA,NA,25,alive
1,PSME,PSME26,1.0,711,NA,10,alive
1,PSME,PSME26,1.5,NA,NA,10,alive
1,PSME,PSME26,10.0,632,NA,10,alive
1,PSME,PSME26,10.5,NA,NA,10,alive
1,PSME,PSME26,11.0,649,NA,10,alive
1,PSME,PSME26,11.5,NA,NA,10,alive
1,PSME,PSME26,12.0,582,NA,10,alive
1,PSME,PSME26,12.5,NA,NA,10,alive
1,PSME,PSME26,13.0,653,NA,10,alive
1,PSME,PSME26,13.5,NA,NA,10,alive
1,PSME,PSME26,14.0,589,NA,10,alive
1,PSME,PSME26,14.5,NA,NA,10,alive
1,PSME,PSME26,15.0,629,NA,10,alive
1,PSME,PSME26,15.5,NA,NA,10,alive
1,PSME,PSME26,16.0,NA,NA,NA,alive
1,PSME,PSME26,16.5,NA,NA,10,alive
1,PSME,PSME26,17.0,662,NA,10,alive
1,PSME,PSME26,17.5,NA,NA,10,alive
1,PSME,PSME26,18.0,595,NA,10,alive
1,PSME,PSME26,18.5,NA,NA,10,alive
1,PSME,PSME26,19.0,649,NA,10,alive
1,PSME,PSME26,19.5,NA,NA,10,alive
1,PSME,PSME26,2.0,704,NA,10,alive
1,PSME,PSME26,2.5,NA,NA,10,alive
1,PSME,PSME26,20.0,578,NA,10,alive
1,PSME,PSME26,20.5,NA,NA,10,alive
1,PSME,PSME26,21.0,638,NA,10,alive
1,PSME,PSME26,21.5,NA,NA,10,alive
1,PSME,PSME26,22.0,565,NA,10,alive
1,PSME,PSME26,22.5,NA,NA,10,alive
1,PSME,PSME26,23.0,616,NA,10,alive
1,PSME,PSME26,23.5,NA,NA,10,alive
1,PSME,PSME26,24.0,554,NA,10,alive
1,PSME,PSME26,3.0,727,NA,10,alive
1,PSME,PSME26,3.5,NA,NA,10,alive
1,PSME,PSME26,4.0,706,NA,10,alive
1,PSME,PSME26,4.5,NA,NA,10,alive
1,PSME,PSME26,5.0,713,NA,10,alive
1,PSME,PSME26,5.5,NA,NA,10,alive
1,PSME,PSME26,6.0,679,NA,10,alive
1,PSME,PSME26,6.5,NA,NA,10,alive
1,PSME,PSME26,7.0,717,NA,10,alive
1,PSME,PSME26,7.5,NA,NA,NA,alive
1,PSME,PSME26,8.0,686,NA,10,alive
1,PSME,PSME26,8.5,NA,NA,10,alive
1,PSME,PSME26,9.0,690,NA,10,alive
1,PSME,PSME26,9.5,NA,NA,10,alive
1,PSME,PSME27,1.0,663,NA,10,alive
1,PSME,PSME27,1.5,NA,NA,10,alive
1,PSME,PSME27,10.0,615,NA,10,alive
1,PSME,PSME27,10.5,NA,NA,10,alive
1,PSME,PSME27,11.0,640,NA,10,alive
1,PSME,PSME27,11.5,NA,NA,10,alive
1,PSME,PSME27,12.0,580,NA,10,alive
1,PSME,PSME27,12.5,NA,NA,10,alive
1,PSME,PSME27,13.0,636,NA,10,alive
1,PSME,PSME27,13.5,NA,NA,10,alive
1,PSME,PSME27,14.0,576,NA,10,alive
1,PSME,PSME27,14.5,NA,NA,10,alive
1,PSME,PSME27,15.0,580,NA,10,alive
1,PSME,PSME27,15.5,NA,NA,10,alive
1,PSME,PSME27,16.0,NA,NA,NA,alive
1,PSME,PSME27,16.5,NA,NA,10,alive
1,PSME,PSME27,17.0,626,NA,10,alive
1,PSME,PSME27,17.5,NA,NA,10,alive
1,PSME,PSME27,18.0,553,NA,10,alive
1,PSME,PSME27,18.5,NA,NA,10,alive
1,PSME,PSME27,19.0,638,NA,10,alive
1,PSME,PSME27,19.5,NA,NA,10,alive
1,PSME,PSME27,2.0,656,NA,10,alive
1,PSME,PSME27,2.5,NA,NA,10,alive
1,PSME,PSME27,20.0,569,NA,25,alive
1,PSME,PSME27,20.5,NA,NA,10,alive
1,PSME,PSME27,21.0,642,NA,25,alive
1,PSME,PSME27,21.5,NA,NA,25,alive
1,PSME,PSME27,22.0,554,NA,25,alive
1,PSME,PSME27,22.5,NA,NA,10,alive
1,PSME,PSME27,23.0,607,NA,25,alive
1,PSME,PSME27,23.5,NA,NA,10,alive
1,PSME,PSME27,24.0,543,NA,25,alive
1,PSME,PSME27,3.0,685,NA,10,alive
1,PSME,PSME27,3.5,NA,NA,10,alive
1,PSME,PSME27,4.0,667,NA,10,alive
1,PSME,PSME27,4.5,NA,NA,10,alive
1,PSME,PSME27,5.0,684,NA,10,alive
1,PSME,PSME27,5.5,NA,NA,10,alive
1,PSME,PSME27,6.0,649,NA,10,alive
1,PSME,PSME27,6.5,NA,NA,10,alive
1,PSME,PSME27,7.0,702,NA,10,alive
1,PSME,PSME27,7.5,NA,NA,NA,alive
1,PSME,PSME27,8.0,665,NA,10,alive
1,PSME,PSME27,8.5,NA,NA,10,alive
1,PSME,PSME27,9.0,665,NA,10,alive
1,PSME,PSME27,9.5,NA,NA,10,alive
1,PSME,PSME28,1.0,778,86.3,10,alive
1,PSME,PSME28,1.5,NA,NA,10,alive
1,PSME,PSME28,10.0,734,110.1,10,alive
1,PSME,PSME28,10.5,NA,NA,10,alive
1,PSME,PSME28,11.0,755,102.1,10,alive
1,PSME,PSME28,11.5,NA,NA,10,alive
1,PSME,PSME28,12.0,692,144.8,10,alive
1,PSME,PSME28,12.5,NA,NA,10,alive
1,PSME,PSME28,13.0,759,79.9,10,alive
1,PSME,PSME28,13.5,NA,NA,10,alive
1,PSME,PSME28,14.0,703,119.4,10,alive
1,PSME,PSME28,14.5,NA,NA,10,alive
1,PSME,PSME28,15.0,725,112.9,10,alive
1,PSME,PSME28,15.5,NA,NA,10,alive
1,PSME,PSME28,16.0,NA,67.7,NA,alive
1,PSME,PSME28,16.5,NA,NA,10,alive
1,PSME,PSME28,17.0,765,NA,10,alive
1,PSME,PSME28,17.5,NA,NA,10,alive
1,PSME,PSME28,18.0,711,NA,10,alive
1,PSME,PSME28,18.5,NA,NA,10,alive
1,PSME,PSME28,19.0,752,42.8,10,alive
1,PSME,PSME28,19.5,NA,NA,10,alive
1,PSME,PSME28,2.0,770,NA,10,alive
1,PSME,PSME28,2.5,NA,NA,10,alive
1,PSME,PSME28,20.0,667,64.1,10,alive
1,PSME,PSME28,20.5,NA,NA,10,alive
1,PSME,PSME28,21.0,725,71.7,10,alive
1,PSME,PSME28,21.5,NA,NA,10,alive
1,PSME,PSME28,22.0,663,45.9,10,alive
1,PSME,PSME28,22.5,NA,NA,10,alive
1,PSME,PSME28,23.0,721,45.1,25,alive
1,PSME,PSME28,23.5,NA,NA,25,alive
1,PSME,PSME28,24.0,655,56.8,10,alive
1,PSME,PSME28,3.0,797,164,10,alive
1,PSME,PSME28,3.5,NA,NA,10,alive
1,PSME,PSME28,4.0,772,251,10,alive
1,PSME,PSME28,4.5,NA,NA,10,alive
1,PSME,PSME28,5.0,798,170,10,alive
1,PSME,PSME28,5.5,NA,NA,10,alive
1,PSME,PSME28,6.0,751,85.5,10,alive
1,PSME,PSME28,6.5,NA,NA,10,alive
1,PSME,PSME28,7.0,794,83.6,10,alive
1,PSME,PSME28,7.5,NA,NA,NA,alive
1,PSME,PSME28,8.0,776,115,10,alive
1,PSME,PSME28,8.5,NA,NA,10,alive
1,PSME,PSME28,9.0,786,148.7,10,alive
1,PSME,PSME28,9.5,NA,NA,10,alive
1,PSME,PSME29,1.0,694,127.8,10,alive
1,PSME,PSME29,1.5,NA,NA,10,alive
1,PSME,PSME29,10.0,599,232.2,10,alive
1,PSME,PSME29,10.5,NA,NA,10,alive
1,PSME,PSME29,11.0,647,141.1,10,alive
1,PSME,PSME29,11.5,NA,NA,10,alive
1,PSME,PSME29,12.0,557,143.5,10,alive
1,PSME,PSME29,12.5,NA,NA,10,alive
1,PSME,PSME29,13.0,645,158.4,10,alive
1,PSME,PSME29,13.5,NA,NA,10,alive
1,PSME,PSME29,14.0,556,203.1,10,alive
1,PSME,PSME29,14.5,NA,NA,10,alive
1,PSME,PSME29,15.0,562,185.2,10,alive
1,PSME,PSME29,15.5,NA,NA,10,alive
1,PSME,PSME29,16.0,NA,103.7,NA,alive
1,PSME,PSME29,16.5,NA,NA,10,alive
1,PSME,PSME29,17.0,585,NA,10,alive
1,PSME,PSME29,17.5,NA,NA,10,alive
1,PSME,PSME29,18.0,510,NA,10,alive
1,PSME,PSME29,18.5,NA,NA,10,alive
1,PSME,PSME29,19.0,629,79.1,10,alive
1,PSME,PSME29,19.5,NA,NA,10,alive
1,PSME,PSME29,2.0,687,NA,10,alive
1,PSME,PSME29,2.5,NA,NA,10,alive
1,PSME,PSME29,20.0,532,154.8,10,alive
1,PSME,PSME29,20.5,NA,NA,10,alive
1,PSME,PSME29,21.0,621,204.1,10,alive
1,PSME,PSME29,21.5,NA,NA,10,alive
1,PSME,PSME29,22.0,525,114.3,25,alive
1,PSME,PSME29,22.5,NA,NA,10,alive
1,PSME,PSME29,23.0,580,91.1,10,alive
1,PSME,PSME29,23.5,NA,NA,10,alive
1,PSME,PSME29,24.0,505,128.3,25,alive
1,PSME,PSME29,3.0,728,197.3,10,alive
1,PSME,PSME29,3.5,NA,NA,10,alive
1,PSME,PSME29,4.0,703,386.2,10,alive
1,PSME,PSME29,4.5,NA,NA,10,alive
1,PSME,PSME29,5.0,734,237.4,10,alive
1,PSME,PSME29,5.5,NA,NA,10,alive
1,PSME,PSME29,6.0,683,314.3,10,alive
1,PSME,PSME29,6.5,NA,NA,10,alive
1,PSME,PSME29,7.0,746,202.3,10,alive
1,PSME,PSME29,7.5,NA,NA,NA,alive
1,PSME,PSME29,8.0,700,218.7,10,alive
1,PSME,PSME29,8.5,NA,NA,10,alive
1,PSME,PSME29,9.0,681,282.1,10,alive
1,PSME,PSME29,9.5,NA,NA,10,alive
1,PSME,PSME30,1.0,743,45.9,10,alive
1,PSME,PSME30,1.5,NA,NA,10,alive
1,PSME,PSME30,10.0,680,115,10,alive
1,PSME,PSME30,10.5,NA,NA,10,alive
1,PSME,PSME30,11.0,701,86.5,10,alive
1,PSME,PSME30,11.5,NA,NA,10,alive
1,PSME,PSME30,12.0,643,135.9,10,alive
1,PSME,PSME30,12.5,NA,NA,10,alive
1,PSME,PSME30,13.0,708,124.9,10,alive
1,PSME,PSME30,13.5,NA,NA,10,alive
1,PSME,PSME30,14.0,638,174.6,10,alive
1,PSME,PSME30,14.5,NA,NA,10,alive
1,PSME,PSME30,15.0,664,205.8,10,alive
1,PSME,PSME30,15.5,NA,NA,10,alive
1,PSME,PSME30,16.0,NA,104.8,NA,alive
1,PSME,PSME30,16.5,NA,NA,10,alive
1,PSME,PSME30,17.0,713,NA,10,alive
1,PSME,PSME30,17.5,NA,NA,10,alive
1,PSME,PSME30,18.0,650,NA,10,alive
1,PSME,PSME30,18.5,NA,NA,10,alive
1,PSME,PSME30,19.0,688,54.7,10,alive
1,PSME,PSME30,19.5,NA,NA,10,alive
1,PSME,PSME30,2.0,736,NA,10,alive
1,PSME,PSME30,2.5,NA,NA,10,alive
1,PSME,PSME30,20.0,614,75.8,10,alive
1,PSME,PSME30,20.5,NA,NA,10,alive
1,PSME,PSME30,21.0,668,89.7,10,alive
1,PSME,PSME30,21.5,NA,NA,10,alive
1,PSME,PSME30,22.0,588,42.7,10,alive
1,PSME,PSME30,22.5,NA,NA,10,alive
1,PSME,PSME30,23.0,644,83.4,25,alive
1,PSME,PSME30,23.5,NA,NA,10,alive
1,PSME,PSME30,24.0,576,130.3,10,alive
1,PSME,PSME30,3.0,756,96.3,10,alive
1,PSME,PSME30,3.5,NA,NA,10,alive
1,PSME,PSME30,4.0,733,256.8,10,alive
1,PSME,PSME30,4.5,NA,NA,10,alive
1,PSME,PSME30,5.0,765,97.3,10,alive
1,PSME,PSME30,5.5,NA,NA,10,alive
1,PSME,PSME30,6.0,728,106.5,10,alive
1,PSME,PSME30,6.5,NA,NA,10,alive
1,PSME,PSME30,7.0,754,66.4,10,alive
1,PSME,PSME30,7.5,NA,NA,NA,alive
1,PSME,PSME30,8.0,737,115.8,10,alive
1,PSME,PSME30,8.5,NA,NA,10,alive
1,PSME,PSME30,9.0,738,183.1,10,alive
1,PSME,PSME30,9.5,NA,NA,10,alive
1,PSME,PSME31,1.0,620,179.9,10,alive
1,PSME,PSME31,1.5,NA,NA,10,alive
1,PSME,PSME31,10.0,374,207.7,10,alive
1,PSME,PSME31,10.5,NA,NA,10,alive
1,PSME,PSME31,11.0,340,68.5,10,alive
1,PSME,PSME31,11.5,NA,NA,10,alive
1,PSME,PSME31,12.0,321,105.8,10,alive
1,PSME,PSME31,12.5,NA,NA,10,alive
1,PSME,PSME31,13.0,312,63.5,10,alive
1,PSME,PSME31,13.5,NA,NA,10,alive
1,PSME,PSME31,14.0,302,56.2,10,alive
1,PSME,PSME31,14.5,NA,NA,10,alive
1,PSME,PSME31,15.0,295,73.6,10,alive
1,PSME,PSME31,15.5,NA,NA,10,alive
1,PSME,PSME31,16.0,NA,42,NA,alive
1,PSME,PSME31,16.5,NA,NA,10,alive
1,PSME,PSME31,17.0,289,NA,10,alive
1,PSME,PSME31,17.5,NA,NA,10,alive
1,PSME,PSME31,18.0,285,NA,10,alive
1,PSME,PSME31,18.5,NA,NA,25,alive
1,PSME,PSME31,19.0,284,32.6,25,alive
1,PSME,PSME31,19.5,NA,NA,25,alive
1,PSME,PSME31,2.0,614,247.9,10,alive
1,PSME,PSME31,2.5,NA,NA,10,alive
1,PSME,PSME31,20.0,282,65.6,25,alive
1,PSME,PSME31,20.5,NA,NA,25,alive
1,PSME,PSME31,21.0,281,46.5,50,dead
1,PSME,PSME31,21.5,NA,NA,50,dead
1,PSME,PSME31,22.0,279,22.8,50,dead
1,PSME,PSME31,22.5,NA,NA,50,dead
1,PSME,PSME31,23.0,278,24.5,75,dead
1,PSME,PSME31,23.5,NA,NA,NA,dead
1,PSME,PSME31,24.0,NA,NA,NA,dead
1,PSME,PSME31,3.0,593,239.7,10,alive
1,PSME,PSME31,3.5,NA,NA,10,alive
1,PSME,PSME31,4.0,580,307.3,10,alive
1,PSME,PSME31,4.5,NA,NA,10,alive
1,PSME,PSME31,5.0,564,328.6,10,alive
1,PSME,PSME31,5.5,NA,NA,10,alive
1,PSME,PSME31,6.0,529,96.6,10,alive
1,PSME,PSME31,6.5,NA,NA,10,alive
1,PSME,PSME31,7.0,503,135.6,10,alive
1,PSME,PSME31,7.5,NA,NA,NA,alive
1,PSME,PSME31,8.0,449,99.8,10,alive
1,PSME,PSME31,8.5,NA,NA,10,alive
1,PSME,PSME31,9.0,411,131.4,10,alive
1,PSME,PSME31,9.5,NA,NA,10,alive
1,PSME,PSME32,1.0,722,209.5,10,alive
1,PSME,PSME32,1.5,NA,NA,10,alive
1,PSME,PSME32,10.0,410,91.5,10,alive
1,PSME,PSME32,10.5,NA,NA,10,alive
1,PSME,PSME32,11.0,398,49.1,10,alive
1,PSME,PSME32,11.5,NA,NA,10,alive
1,PSME,PSME32,12.0,392,79,10,alive
1,PSME,PSME32,12.5,NA,NA,10,alive
1,PSME,PSME32,13.0,388,65.5,25,alive
1,PSME,PSME32,13.5,NA,NA,25,alive
1,PSME,PSME32,14.0,384,66.5,10,alive
1,PSME,PSME32,14.5,NA,NA,25,alive
1,PSME,PSME32,15.0,383,86.8,25,dead
1,PSME,PSME32,15.5,NA,NA,50,dead
1,PSME,PSME32,16.0,NA,45.8,NA,dead
1,PSME,PSME32,16.5,NA,NA,75,dead
1,PSME,PSME32,17.0,380,NA,90,dead
1,PSME,PSME32,17.5,NA,NA,90,dead
1,PSME,PSME32,18.0,NA,NA,90,dead
1,PSME,PSME32,18.5,NA,NA,75,dead
1,PSME,PSME32,19.0,375,29.7,75,dead
1,PSME,PSME32,19.5,NA,NA,75,dead
1,PSME,PSME32,2.0,715,302.3,10,alive
1,PSME,PSME32,2.5,NA,NA,10,alive
1,PSME,PSME32,20.0,373,66.4,75,dead
1,PSME,PSME32,20.5,NA,NA,90,dead
1,PSME,PSME32,21.0,371,46,90,dead
1,PSME,PSME32,21.5,NA,NA,NA,dead
1,PSME,PSME32,22.0,NA,NA,NA,dead
1,PSME,PSME32,22.5,NA,NA,NA,dead
1,PSME,PSME32,23.0,NA,NA,NA,dead
1,PSME,PSME32,23.5,NA,NA,NA,dead
1,PSME,PSME32,24.0,NA,NA,NA,dead
1,PSME,PSME32,3.0,672,498.3,10,alive
1,PSME,PSME32,3.5,NA,NA,10,alive
1,PSME,PSME32,4.0,639,476.5,10,alive
1,PSME,PSME32,4.5,NA,NA,10,alive
1,PSME,PSME32,5.0,597,429.4,10,alive
1,PSME,PSME32,5.5,NA,NA,10,alive
1,PSME,PSME32,6.0,539,208.6,10,alive
1,PSME,PSME32,6.5,NA,NA,10,alive
1,PSME,PSME32,7.0,504,132.4,10,alive
1,PSME,PSME32,7.5,NA,NA,NA,alive
1,PSME,PSME32,8.0,440,152.8,10,alive
1,PSME,PSME32,8.5,NA,NA,10,alive
1,PSME,PSME32,9.0,423,85.5,10,alive
1,PSME,PSME32,9.5,NA,NA,10,alive
1,PSME,PSME33,1.0,667,77.6,10,alive
1,PSME,PSME33,1.5,NA,NA,10,alive
1,PSME,PSME33,10.0,384,129.6,10,alive
1,PSME,PSME33,10.5,NA,NA,10,alive
1,PSME,PSME33,11.0,364,38,10,alive
1,PSME,PSME33,11.5,NA,NA,10,alive
1,PSME,PSME33,12.0,351,81.5,10,alive
1,PSME,PSME33,12.5,NA,NA,10,alive
1,PSME,PSME33,13.0,343,74.8,10,alive
1,PSME,PSME33,13.5,NA,NA,10,alive
1,PSME,PSME33,14.0,338,71.6,10,alive
1,PSME,PSME33,14.5,NA,NA,10,alive
1,PSME,PSME33,15.0,335,83,10,alive
1,PSME,PSME33,15.5,NA,NA,10,alive
1,PSME,PSME33,16.0,NA,48.7,NA,alive
1,PSME,PSME33,16.5,NA,NA,25,alive
1,PSME,PSME33,17.0,331,NA,75,alive
1,PSME,PSME33,17.5,NA,NA,75,dead
1,PSME,PSME33,18.0,328,NA,75,dead
1,PSME,PSME33,18.5,NA,NA,75,dead
1,PSME,PSME33,19.0,327,30.9,75,dead
1,PSME,PSME33,19.5,NA,NA,75,dead
1,PSME,PSME33,2.0,660,274.2,10,alive
1,PSME,PSME33,2.5,NA,NA,10,alive
1,PSME,PSME33,20.0,325,59.7,75,dead
1,PSME,PSME33,20.5,NA,NA,75,dead
1,PSME,PSME33,21.0,323,52.9,90,dead
1,PSME,PSME33,21.5,NA,NA,NA,dead
1,PSME,PSME33,22.0,NA,NA,NA,dead
1,PSME,PSME33,22.5,NA,NA,NA,dead
1,PSME,PSME33,23.0,NA,NA,NA,dead
1,PSME,PSME33,23.5,NA,NA,NA,dead
1,PSME,PSME33,24.0,NA,NA,NA,dead
1,PSME,PSME33,3.0,626,281,10,alive
1,PSME,PSME33,3.5,NA,NA,10,alive
1,PSME,PSME33,4.0,606,291.8,10,alive
1,PSME,PSME33,4.5,NA,NA,10,alive
1,PSME,PSME33,5.0,575,322.4,10,alive
1,PSME,PSME33,5.5,NA,NA,10,alive
1,PSME,PSME33,6.0,539,207.4,10,alive
1,PSME,PSME33,6.5,NA,NA,10,alive
1,PSME,PSME33,7.0,513,160,10,alive
1,PSME,PSME33,7.5,NA,NA,NA,alive
1,PSME,PSME33,8.0,460,116.8,10,alive
1,PSME,PSME33,8.5,NA,NA,10,alive
1,PSME,PSME33,9.0,410,188.6,10,alive
1,PSME,PSME33,9.5,NA,NA,10,alive
1,PSME,PSME34,1.0,733,192.3,10,alive
1,PSME,PSME34,1.5,NA,NA,10,alive
1,PSME,PSME34,10.0,450,126.6,10,alive
1,PSME,PSME34,10.5,NA,NA,10,alive
1,PSME,PSME34,11.0,427,51.4,10,alive
1,PSME,PSME34,11.5,NA,NA,10,alive
1,PSME,PSME34,12.0,414,98.2,10,alive
1,PSME,PSME34,12.5,NA,NA,10,alive
1,PSME,PSME34,13.0,405,61.7,10,alive
1,PSME,PSME34,13.5,NA,NA,10,alive
1,PSME,PSME34,14.0,397,83.9,10,alive
1,PSME,PSME34,14.5,NA,NA,10,alive
1,PSME,PSME34,15.0,391,85.1,10,alive
1,PSME,PSME34,15.5,NA,NA,10,alive
1,PSME,PSME34,16.0,NA,40.7,NA,alive
1,PSME,PSME34,16.5,NA,NA,25,alive
1,PSME,PSME34,17.0,384,NA,50,alive
1,PSME,PSME34,17.5,NA,NA,75,alive
1,PSME,PSME34,18.0,381,NA,75,alive
1,PSME,PSME34,18.5,NA,NA,50,dead
1,PSME,PSME34,19.0,379,23.9,75,dead
1,PSME,PSME34,19.5,NA,NA,75,dead
1,PSME,PSME34,2.0,726,361.4,10,alive
1,PSME,PSME34,2.5,NA,NA,10,alive
1,PSME,PSME34,20.0,377,51.7,75,dead
1,PSME,PSME34,20.5,NA,NA,75,dead
1,PSME,PSME34,21.0,376,49.3,90,dead
1,PSME,PSME34,21.5,NA,NA,NA,dead
1,PSME,PSME34,22.0,NA,NA,NA,dead
1,PSME,PSME34,22.5,NA,NA,NA,dead
1,PSME,PSME34,23.0,NA,NA,NA,dead
1,PSME,PSME34,23.5,NA,NA,NA,dead
1,PSME,PSME34,24.0,NA,NA,NA,dead
1,PSME,PSME34,3.0,696,337.5,10,alive
1,PSME,PSME34,3.5,NA,NA,10,alive
1,PSME,PSME34,4.0,676,338.8,10,alive
1,PSME,PSME34,4.5,NA,NA,10,alive
1,PSME,PSME34,5.0,646,173.6,10,alive
1,PSME,PSME34,5.5,NA,NA,10,alive
1,PSME,PSME34,6.0,614,303.9,10,alive
1,PSME,PSME34,6.5,NA,NA,10,alive
1,PSME,PSME34,7.0,590,130.2,10,alive
1,PSME,PSME34,7.5,NA,NA,NA,alive
1,PSME,PSME34,8.0,528,113.9,10,alive
1,PSME,PSME34,8.5,NA,NA,10,alive
1,PSME,PSME34,9.0,483,211.6,10,alive
1,PSME,PSME34,9.5,NA,NA,10,alive
1,PSME,PSME35,1.0,722,104,10,alive
1,PSME,PSME35,1.5,NA,NA,10,alive
1,PSME,PSME35,10.0,408,158.3,10,alive
1,PSME,PSME35,10.5,NA,NA,10,alive
1,PSME,PSME35,11.0,383,46.5,10,alive
1,PSME,PSME35,11.5,NA,NA,10,alive
1,PSME,PSME35,12.0,371,94.9,10,alive
1,PSME,PSME35,12.5,NA,NA,10,alive
1,PSME,PSME35,13.0,363,61.1,10,alive
1,PSME,PSME35,13.5,NA,NA,10,alive
1,PSME,PSME35,14.0,355,77.1,10,alive
1,PSME,PSME35,14.5,NA,NA,10,alive
1,PSME,PSME35,15.0,350,90.5,10,alive
1,PSME,PSME35,15.5,NA,NA,10,alive
1,PSME,PSME35,16.0,NA,49.3,NA,alive
1,PSME,PSME35,16.5,NA,NA,10,alive
1,PSME,PSME35,17.0,346,NA,10,alive
1,PSME,PSME35,17.5,NA,NA,10,alive
1,PSME,PSME35,18.0,342,NA,10,alive
1,PSME,PSME35,18.5,NA,NA,25,alive
1,PSME,PSME35,19.0,342,27.8,25,alive
1,PSME,PSME35,19.5,NA,NA,25,alive
1,PSME,PSME35,2.0,715,271.8,10,alive
1,PSME,PSME35,2.5,NA,NA,10,alive
1,PSME,PSME35,20.0,340,66.2,25,alive
1,PSME,PSME35,20.5,NA,NA,25,dead
1,PSME,PSME35,21.0,338,58.3,50,dead
1,PSME,PSME35,21.5,NA,NA,50,dead
1,PSME,PSME35,22.0,336,30,50,dead
1,PSME,PSME35,22.5,NA,NA,50,dead
1,PSME,PSME35,23.0,335,32.7,75,dead
1,PSME,PSME35,23.5,NA,NA,NA,dead
1,PSME,PSME35,24.0,NA,NA,NA,dead
1,PSME,PSME35,3.0,687,346.6,10,alive
1,PSME,PSME35,3.5,NA,NA,10,alive
1,PSME,PSME35,4.0,670,304.6,10,alive
1,PSME,PSME35,4.5,NA,NA,10,alive
1,PSME,PSME35,5.0,646,273.4,10,alive
1,PSME,PSME35,5.5,NA,NA,10,alive
1,PSME,PSME35,6.0,603,126.4,10,alive
1,PSME,PSME35,6.5,NA,NA,10,alive
1,PSME,PSME35,7.0,573,197.9,10,alive
1,PSME,PSME35,7.5,NA,NA,NA,alive
1,PSME,PSME35,8.0,514,121.4,10,alive
1,PSME,PSME35,8.5,NA,NA,10,alive
1,PSME,PSME35,9.0,457,276.5,10,alive
1,PSME,PSME35,9.5,NA,NA,10,alive
1,PSME,PSME36,1.0,740,97,10,alive
1,PSME,PSME36,1.5,NA,NA,10,alive
1,PSME,PSME36,10.0,494,187.1,10,alive
1,PSME,PSME36,10.5,NA,NA,10,alive
1,PSME,PSME36,11.0,451,128.8,10,alive
1,PSME,PSME36,11.5,NA,NA,10,alive
1,PSME,PSME36,12.0,417,181.5,10,alive
1,PSME,PSME36,12.5,NA,NA,10,alive
1,PSME,PSME36,13.0,393,65.2,10,alive
1,PSME,PSME36,13.5,NA,NA,10,alive
1,PSME,PSME36,14.0,376,102.9,10,alive
1,PSME,PSME36,14.5,NA,NA,10,alive
1,PSME,PSME36,15.0,368,81.9,10,alive
1,PSME,PSME36,15.5,NA,NA,10,alive
1,PSME,PSME36,16.0,NA,49.8,NA,alive
1,PSME,PSME36,16.5,NA,NA,10,alive
1,PSME,PSME36,17.0,357,NA,10,alive
1,PSME,PSME36,17.5,NA,NA,10,alive
1,PSME,PSME36,18.0,349,NA,10,alive
1,PSME,PSME36,18.5,NA,NA,10,alive
1,PSME,PSME36,19.0,346,26.3,10,alive
1,PSME,PSME36,19.5,NA,NA,25,alive
1,PSME,PSME36,2.0,733,405.7,10,alive
1,PSME,PSME36,2.5,NA,NA,10,alive
1,PSME,PSME36,20.0,343,68.1,10,alive
1,PSME,PSME36,20.5,NA,NA,25,alive
1,PSME,PSME36,21.0,340,42.3,25,alive
1,PSME,PSME36,21.5,NA,NA,25,dead
1,PSME,PSME36,22.0,336,22.5,25,dead
1,PSME,PSME36,22.5,NA,NA,25,dead
1,PSME,PSME36,23.0,335,28.2,50,dead
1,PSME,PSME36,23.5,NA,NA,25,dead
1,PSME,PSME36,24.0,334,63.6,50,dead
1,PSME,PSME36,3.0,714,268.9,10,alive
1,PSME,PSME36,3.5,NA,NA,10,alive
1,PSME,PSME36,4.0,699,358.6,10,alive
1,PSME,PSME36,4.5,NA,NA,10,alive
1,PSME,PSME36,5.0,682,222.5,10,alive
1,PSME,PSME36,5.5,NA,NA,10,alive
1,PSME,PSME36,6.0,654,142.9,10,alive
1,PSME,PSME36,6.5,NA,NA,10,alive
1,PSME,PSME36,7.0,638,113.3,10,alive
1,PSME,PSME36,7.5,NA,NA,NA,alive
1,PSME,PSME36,8.0,587,202.7,10,alive
1,PSME,PSME36,8.5,NA,NA,10,alive
1,PSME,PSME36,9.0,540,192.3,10,alive
1,PSME,PSME36,9.5,NA,NA,10,alive
1,PSME,PSME37,1.0,694,65.9,10,alive
1,PSME,PSME37,1.5,NA,NA,10,alive
1,PSME,PSME37,10.0,423,93.3,10,alive
1,PSME,PSME37,10.5,NA,NA,10,alive
1,PSME,PSME37,11.0,401,58,10,alive
1,PSME,PSME37,11.5,NA,NA,10,alive
1,PSME,PSME37,12.0,387,84.8,10,alive
1,PSME,PSME37,12.5,NA,NA,10,alive
1,PSME,PSME37,13.0,377,73.8,10,alive
1,PSME,PSME37,13.5,NA,NA,10,alive
1,PSME,PSME37,14.0,369,68.5,10,alive
1,PSME,PSME37,14.5,NA,NA,10,alive
1,PSME,PSME37,15.0,366,79.7,10,alive
1,PSME,PSME37,15.5,NA,NA,10,alive
1,PSME,PSME37,16.0,NA,50.2,NA,alive
1,PSME,PSME37,16.5,NA,NA,50,alive
1,PSME,PSME37,17.0,363,NA,75,alive
1,PSME,PSME37,17.5,NA,NA,75,dead
1,PSME,PSME37,18.0,359,NA,75,dead
1,PSME,PSME37,18.5,NA,NA,90,dead
1,PSME,PSME37,19.0,359,30.6,90,dead
1,PSME,PSME37,19.5,NA,NA,75,dead
1,PSME,PSME37,2.0,687,278.3,10,alive
1,PSME,PSME37,2.5,NA,NA,10,alive
1,PSME,PSME37,20.0,356,62.2,90,dead
1,PSME,PSME37,20.5,NA,NA,90,dead
1,PSME,PSME37,21.0,354,74.5,90,dead
1,PSME,PSME37,21.5,NA,NA,NA,dead
1,PSME,PSME37,22.0,NA,NA,NA,dead
1,PSME,PSME37,22.5,NA,NA,NA,dead
1,PSME,PSME37,23.0,NA,NA,NA,dead
1,PSME,PSME37,23.5,NA,NA,NA,dead
1,PSME,PSME37,24.0,NA,NA,NA,dead
1,PSME,PSME37,3.0,656,124.5,10,alive
1,PSME,PSME37,3.5,NA,NA,10,alive
1,PSME,PSME37,4.0,636,310.7,10,alive
1,PSME,PSME37,4.5,NA,NA,10,alive
1,PSME,PSME37,5.0,609,265.8,10,alive
1,PSME,PSME37,5.5,NA,NA,10,alive
1,PSME,PSME37,6.0,565,91.2,10,alive
1,PSME,PSME37,6.5,NA,NA,10,alive
1,PSME,PSME37,7.0,561,101.7,10,alive
1,PSME,PSME37,7.5,NA,NA,NA,alive
1,PSME,PSME37,8.0,500,167,10,alive
1,PSME,PSME37,8.5,NA,NA,10,alive
1,PSME,PSME37,9.0,464,276.8,10,alive
1,PSME,PSME37,9.5,NA,NA,10,alive
1,PSME,PSME38,1.0,720,139.5,10,alive
1,PSME,PSME38,1.5,NA,NA,10,alive
1,PSME,PSME38,10.0,443,224.2,10,alive
1,PSME,PSME38,10.5,NA,NA,10,alive
1,PSME,PSME38,11.0,422,36.2,10,alive
1,PSME,PSME38,11.5,NA,NA,10,alive
1,PSME,PSME38,12.0,410,83.9,10,alive
1,PSME,PSME38,12.5,NA,NA,10,alive
1,PSME,PSME38,13.0,400,44.2,10,alive
1,PSME,PSME38,13.5,NA,NA,10,alive
1,PSME,PSME38,14.0,393,78.3,10,alive
1,PSME,PSME38,14.5,NA,NA,10,alive
1,PSME,PSME38,15.0,388,72.7,10,alive
1,PSME,PSME38,15.5,NA,NA,10,alive
1,PSME,PSME38,16.0,NA,37.6,NA,alive
1,PSME,PSME38,16.5,NA,NA,10,alive
1,PSME,PSME38,17.0,383,NA,25,alive
1,PSME,PSME38,17.5,NA,NA,25,alive
1,PSME,PSME38,18.0,380,NA,50,alive
1,PSME,PSME38,18.5,NA,NA,50,alive
1,PSME,PSME38,19.0,379,20.3,50,alive
1,PSME,PSME38,19.5,NA,NA,50,dead
1,PSME,PSME38,2.0,713,237.5,10,alive
1,PSME,PSME38,2.5,NA,NA,10,alive
1,PSME,PSME38,20.0,376,49.9,50,dead
1,PSME,PSME38,20.5,NA,NA,50,dead
1,PSME,PSME38,21.0,374,63.3,75,dead
1,PSME,PSME38,21.5,NA,NA,75,dead
1,PSME,PSME38,22.0,371,34.4,75,dead
1,PSME,PSME38,22.5,NA,NA,NA,dead
1,PSME,PSME38,23.0,NA,NA,NA,dead
1,PSME,PSME38,23.5,NA,NA,NA,dead
1,PSME,PSME38,24.0,NA,NA,NA,dead
1,PSME,PSME38,3.0,690,457.7,10,alive
1,PSME,PSME38,3.5,NA,NA,10,alive
1,PSME,PSME38,4.0,669,226.8,10,alive
1,PSME,PSME38,4.5,NA,NA,10,alive
1,PSME,PSME38,5.0,646,116.2,10,alive
1,PSME,PSME38,5.5,NA,NA,10,alive
1,PSME,PSME38,6.0,610,156.1,10,alive
1,PSME,PSME38,6.5,NA,NA,10,alive
1,PSME,PSME38,7.0,590,98.3,10,alive
1,PSME,PSME38,7.5,NA,NA,NA,alive
1,PSME,PSME38,8.0,531,100.3,10,alive
1,PSME,PSME38,8.5,NA,NA,10,alive
1,PSME,PSME38,9.0,481,229.6,10,alive
1,PSME,PSME38,9.5,NA,NA,10,alive
1,PSME,PSME39,1.0,725,83.5,10,alive
1,PSME,PSME39,1.5,NA,NA,10,alive
1,PSME,PSME39,10.0,440,154.2,10,alive
1,PSME,PSME39,10.5,NA,NA,10,alive
1,PSME,PSME39,11.0,415,55.8,10,alive
1,PSME,PSME39,11.5,NA,NA,10,alive
1,PSME,PSME39,12.0,402,111.4,10,alive
1,PSME,PSME39,12.5,NA,NA,10,alive
1,PSME,PSME39,13.0,392,55.3,10,alive
1,PSME,PSME39,13.5,NA,NA,10,alive
1,PSME,PSME39,14.0,383,70.3,10,alive
1,PSME,PSME39,14.5,NA,NA,10,alive
1,PSME,PSME39,15.0,379,75.1,10,alive
1,PSME,PSME39,15.5,NA,NA,10,alive
1,PSME,PSME39,16.0,NA,51.9,NA,alive
1,PSME,PSME39,16.5,NA,NA,10,alive
1,PSME,PSME39,17.0,373,NA,10,alive
1,PSME,PSME39,17.5,NA,NA,10,alive
1,PSME,PSME39,18.0,370,NA,10,alive
1,PSME,PSME39,18.5,NA,NA,25,alive
1,PSME,PSME39,19.0,369,29.5,25,alive
1,PSME,PSME39,19.5,NA,NA,25,alive
1,PSME,PSME39,2.0,718,253.5,10,alive
1,PSME,PSME39,2.5,NA,NA,10,alive
1,PSME,PSME39,20.0,367,79.5,25,alive
1,PSME,PSME39,20.5,NA,NA,25,alive
1,PSME,PSME39,21.0,366,48.4,50,dead
1,PSME,PSME39,21.5,NA,NA,50,dead
1,PSME,PSME39,22.0,364,26.6,75,dead
1,PSME,PSME39,22.5,NA,NA,50,dead
1,PSME,PSME39,23.0,364,26.8,75,dead
1,PSME,PSME39,23.5,NA,NA,NA,dead
1,PSME,PSME39,24.0,NA,NA,NA,dead
1,PSME,PSME39,3.0,692,225.3,10,alive
1,PSME,PSME39,3.5,NA,NA,10,alive
1,PSME,PSME39,4.0,675,258.1,10,alive
1,PSME,PSME39,4.5,NA,NA,10,alive
1,PSME,PSME39,5.0,646,246.6,10,alive
1,PSME,PSME39,5.5,NA,NA,10,alive
1,PSME,PSME39,6.0,607,291.3,10,alive
1,PSME,PSME39,6.5,NA,NA,10,alive
1,PSME,PSME39,7.0,578,127.5,10,alive
1,PSME,PSME39,7.5,NA,NA,NA,alive
1,PSME,PSME39,8.0,520,114.8,10,alive
1,PSME,PSME39,8.5,NA,NA,10,alive
1,PSME,PSME39,9.0,477,264.1,10,alive
1,PSME,PSME39,9.5,NA,NA,10,alive
1,PSME,PSME40,1.0,757,106.8,10,alive
1,PSME,PSME40,1.5,NA,NA,10,alive
1,PSME,PSME40,10.0,462,109.8,10,alive
1,PSME,PSME40,10.5,NA,NA,10,alive
1,PSME,PSME40,11.0,441,48.6,10,alive
1,PSME,PSME40,11.5,NA,NA,10,alive
1,PSME,PSME40,12.0,428,90.7,10,alive
1,PSME,PSME40,12.5,NA,NA,10,alive
1,PSME,PSME40,13.0,419,60.9,10,alive
1,PSME,PSME40,13.5,NA,NA,10,alive
1,PSME,PSME40,14.0,413,81.5,10,alive
1,PSME,PSME40,14.5,NA,NA,10,alive
1,PSME,PSME40,15.0,409,85.2,10,alive
1,PSME,PSME40,15.5,NA,NA,10,alive
1,PSME,PSME40,16.0,NA,54.3,NA,alive
1,PSME,PSME40,16.5,NA,NA,10,alive
1,PSME,PSME40,17.0,406,NA,10,alive
1,PSME,PSME40,17.5,NA,NA,10,alive
1,PSME,PSME40,18.0,402,NA,10,alive
1,PSME,PSME40,18.5,NA,NA,25,alive
1,PSME,PSME40,19.0,401,30.8,25,alive
1,PSME,PSME40,19.5,NA,NA,25,alive
1,PSME,PSME40,2.0,749,308.7,10,alive
1,PSME,PSME40,2.5,NA,NA,10,alive
1,PSME,PSME40,20.0,398,60.2,50,alive
1,PSME,PSME40,20.5,NA,NA,50,dead
1,PSME,PSME40,21.0,396,53.2,75,dead
1,PSME,PSME40,21.5,NA,NA,50,dead
1,PSME,PSME40,22.0,393,27,75,dead
1,PSME,PSME40,22.5,NA,NA,75,dead
1,PSME,PSME40,23.0,393,27.2,75,dead
1,PSME,PSME40,23.5,NA,NA,NA,dead
1,PSME,PSME40,24.0,NA,NA,NA,dead
1,PSME,PSME40,3.0,713,218,10,alive
1,PSME,PSME40,3.5,NA,NA,10,alive
1,PSME,PSME40,4.0,688,341.9,10,alive
1,PSME,PSME40,4.5,NA,NA,10,alive
1,PSME,PSME40,5.0,654,177.7,10,alive
1,PSME,PSME40,5.5,NA,NA,10,alive
1,PSME,PSME40,6.0,615,248.6,10,alive
1,PSME,PSME40,6.5,NA,NA,10,alive
1,PSME,PSME40,7.0,585,101.5,10,alive
1,PSME,PSME40,7.5,NA,NA,NA,alive
1,PSME,PSME40,8.0,534,152.8,10,alive
1,PSME,PSME40,8.5,NA,NA,10,alive
1,PSME,PSME40,9.0,487,125,10,alive
1,PSME,PSME40,9.5,NA,NA,10,alive
1,PSME,PSME41,1.0,601,NA,10,alive
1,PSME,PSME41,1.5,NA,NA,10,alive
1,PSME,PSME41,10.0,350,NA,10,alive
1,PSME,PSME41,10.5,NA,NA,10,alive
1,PSME,PSME41,11.0,330,NA,10,alive
1,PSME,PSME41,11.5,NA,NA,10,alive
1,PSME,PSME41,12.0,319,NA,10,alive
1,PSME,PSME41,12.5,NA,NA,10,alive
1,PSME,PSME41,13.0,311,NA,10,alive
1,PSME,PSME41,13.5,NA,NA,10,alive
1,PSME,PSME41,14.0,305,NA,10,alive
1,PSME,PSME41,14.5,NA,NA,10,alive
1,PSME,PSME41,15.0,301,NA,10,alive
1,PSME,PSME41,15.5,NA,NA,10,alive
1,PSME,PSME41,16.0,NA,NA,NA,alive
1,PSME,PSME41,16.5,NA,NA,10,alive
1,PSME,PSME41,17.0,296,NA,25,alive
1,PSME,PSME41,17.5,NA,NA,50,alive
1,PSME,PSME41,18.0,293,NA,75,alive
1,PSME,PSME41,18.5,NA,NA,50,dead
1,PSME,PSME41,19.0,292,NA,50,dead
1,PSME,PSME41,19.5,NA,NA,50,dead
1,PSME,PSME41,2.0,595,NA,10,alive
1,PSME,PSME41,2.5,NA,NA,10,alive
1,PSME,PSME41,20.0,290,NA,75,dead
1,PSME,PSME41,20.5,NA,NA,75,dead
1,PSME,PSME41,21.0,288,NA,90,dead
1,PSME,PSME41,21.5,NA,NA,NA,dead
1,PSME,PSME41,22.0,NA,NA,NA,dead
1,PSME,PSME41,22.5,NA,NA,NA,dead
1,PSME,PSME41,23.0,NA,NA,NA,dead
1,PSME,PSME41,23.5,NA,NA,NA,dead
1,PSME,PSME41,24.0,NA,NA,NA,dead
1,PSME,PSME41,3.0,566,NA,10,alive
1,PSME,PSME41,3.5,NA,NA,10,alive
1,PSME,PSME41,4.0,541,NA,10,alive
1,PSME,PSME41,4.5,NA,NA,10,alive
1,PSME,PSME41,5.0,514,NA,10,alive
1,PSME,PSME41,5.5,NA,NA,10,alive
1,PSME,PSME41,6.0,477,NA,10,alive
1,PSME,PSME41,6.5,NA,NA,10,alive
1,PSME,PSME41,7.0,454,NA,10,alive
1,PSME,PSME41,7.5,NA,NA,NA,alive
1,PSME,PSME41,8.0,404,NA,10,alive
1,PSME,PSME41,8.5,NA,NA,10,alive
1,PSME,PSME41,9.0,376,NA,10,alive
1,PSME,PSME41,9.5,NA,NA,10,alive
1,PSME,PSME42,1.0,684,NA,10,alive
1,PSME,PSME42,1.5,NA,NA,10,alive
1,PSME,PSME42,10.0,399,NA,10,alive
1,PSME,PSME42,10.5,NA,NA,10,alive
1,PSME,PSME42,11.0,378,NA,10,alive
1,PSME,PSME42,11.5,NA,NA,10,alive
1,PSME,PSME42,12.0,366,NA,10,alive
1,PSME,PSME42,12.5,NA,NA,10,alive
1,PSME,PSME42,13.0,357,NA,10,alive
1,PSME,PSME42,13.5,NA,NA,10,alive
1,PSME,PSME42,14.0,351,NA,10,alive
1,PSME,PSME42,14.5,NA,NA,10,alive
1,PSME,PSME42,15.0,346,NA,10,alive
1,PSME,PSME42,15.5,NA,NA,10,alive
1,PSME,PSME42,16.0,NA,NA,NA,alive
1,PSME,PSME42,16.5,NA,NA,10,alive
1,PSME,PSME42,17.0,341,NA,25,alive
1,PSME,PSME42,17.5,NA,NA,50,alive
1,PSME,PSME42,18.0,339,NA,50,alive
1,PSME,PSME42,18.5,NA,NA,25,alive
1,PSME,PSME42,19.0,337,NA,50,alive
1,PSME,PSME42,19.5,NA,NA,25,alive
1,PSME,PSME42,2.0,677,NA,10,alive
1,PSME,PSME42,2.5,NA,NA,10,alive
1,PSME,PSME42,20.0,334,NA,50,alive
1,PSME,PSME42,20.5,NA,NA,50,dead
1,PSME,PSME42,21.0,332,NA,75,dead
1,PSME,PSME42,21.5,NA,NA,75,dead
1,PSME,PSME42,22.0,330,NA,75,dead
1,PSME,PSME42,22.5,NA,NA,75,dead
1,PSME,PSME42,23.0,328,NA,75,dead
1,PSME,PSME42,23.5,NA,NA,NA,dead
1,PSME,PSME42,24.0,NA,NA,NA,dead
1,PSME,PSME42,3.0,652,NA,10,alive
1,PSME,PSME42,3.5,NA,NA,10,alive
1,PSME,PSME42,4.0,633,NA,10,alive
1,PSME,PSME42,4.5,NA,NA,10,alive
1,PSME,PSME42,5.0,610,NA,10,alive
1,PSME,PSME42,5.5,NA,NA,10,alive
1,PSME,PSME42,6.0,571,NA,10,alive
1,PSME,PSME42,6.5,NA,NA,10,alive
1,PSME,PSME42,7.0,542,NA,10,alive
1,PSME,PSME42,7.5,NA,NA,NA,alive
1,PSME,PSME42,8.0,476,NA,10,alive
1,PSME,PSME42,8.5,NA,NA,10,alive
1,PSME,PSME42,9.0,431,NA,10,alive
1,PSME,PSME42,9.5,NA,NA,10,alive
1,PSME,PSME43,1.0,768,NA,10,alive
1,PSME,PSME43,1.5,NA,NA,10,alive
1,PSME,PSME43,10.0,554,NA,10,alive
1,PSME,PSME43,10.5,NA,NA,10,alive
1,PSME,PSME43,11.0,513,NA,10,alive
1,PSME,PSME43,11.5,NA,NA,10,alive
1,PSME,PSME43,12.0,489,NA,10,alive
1,PSME,PSME43,12.5,NA,NA,10,alive
1,PSME,PSME43,13.0,465,NA,10,alive
1,PSME,PSME43,13.5,NA,NA,10,alive
1,PSME,PSME43,14.0,447,NA,10,alive
1,PSME,PSME43,14.5,NA,NA,10,alive
1,PSME,PSME43,15.0,431,NA,10,alive
1,PSME,PSME43,15.5,NA,NA,10,alive
1,PSME,PSME43,16.0,NA,NA,NA,alive
1,PSME,PSME43,16.5,NA,NA,10,alive
1,PSME,PSME43,17.0,413,NA,10,alive
1,PSME,PSME43,17.5,NA,NA,10,alive
1,PSME,PSME43,18.0,403,NA,10,alive
1,PSME,PSME43,18.5,NA,NA,10,alive
1,PSME,PSME43,19.0,395,NA,10,alive
1,PSME,PSME43,19.5,NA,NA,10,alive
1,PSME,PSME43,2.0,760,NA,10,alive
1,PSME,PSME43,2.5,NA,NA,10,alive
1,PSME,PSME43,20.0,386,NA,25,alive
1,PSME,PSME43,20.5,NA,NA,25,alive
1,PSME,PSME43,21.0,381,NA,25,alive
1,PSME,PSME43,21.5,NA,NA,25,alive
1,PSME,PSME43,22.0,374,NA,25,alive
1,PSME,PSME43,22.5,NA,NA,25,alive
1,PSME,PSME43,23.0,370,NA,50,dead
1,PSME,PSME43,23.5,NA,NA,25,dead
1,PSME,PSME43,24.0,369,NA,50,dead
1,PSME,PSME43,3.0,738,NA,10,alive
1,PSME,PSME43,3.5,NA,NA,10,alive
1,PSME,PSME43,4.0,717,NA,10,alive
1,PSME,PSME43,4.5,NA,NA,10,alive
1,PSME,PSME43,5.0,698,NA,10,alive
1,PSME,PSME43,5.5,NA,NA,10,alive
1,PSME,PSME43,6.0,671,NA,10,alive
1,PSME,PSME43,6.5,NA,NA,10,alive
1,PSME,PSME43,7.0,651,NA,10,alive
1,PSME,PSME43,7.5,NA,NA,NA,alive
1,PSME,PSME43,8.0,613,NA,10,alive
1,PSME,PSME43,8.5,NA,NA,10,alive
1,PSME,PSME43,9.0,584,NA,10,alive
1,PSME,PSME43,9.5,NA,NA,10,alive
1,PSME,PSME44,1.0,721,NA,10,alive
1,PSME,PSME44,1.5,NA,NA,10,alive
1,PSME,PSME44,10.0,529,NA,10,alive
1,PSME,PSME44,10.5,NA,NA,10,alive
1,PSME,PSME44,11.0,480,NA,10,alive
1,PSME,PSME44,11.5,NA,NA,10,alive
1,PSME,PSME44,12.0,449,NA,10,alive
1,PSME,PSME44,12.5,NA,NA,25,alive
1,PSME,PSME44,13.0,423,NA,10,alive
1,PSME,PSME44,13.5,NA,NA,25,alive
1,PSME,PSME44,14.0,401,NA,10,alive
1,PSME,PSME44,14.5,NA,NA,25,alive
1,PSME,PSME44,15.0,385,NA,25,alive
1,PSME,PSME44,15.5,NA,NA,10,alive
1,PSME,PSME44,16.0,NA,NA,NA,alive
1,PSME,PSME44,16.5,NA,NA,25,alive
1,PSME,PSME44,17.0,366,NA,25,alive
1,PSME,PSME44,17.5,NA,NA,25,alive
1,PSME,PSME44,18.0,357,NA,25,alive
1,PSME,PSME44,18.5,NA,NA,25,alive
1,PSME,PSME44,19.0,351,NA,25,alive
1,PSME,PSME44,19.5,NA,NA,25,alive
1,PSME,PSME44,2.0,714,NA,10,alive
1,PSME,PSME44,2.5,NA,NA,10,alive
1,PSME,PSME44,20.0,340,NA,25,alive
1,PSME,PSME44,20.5,NA,NA,25,alive
1,PSME,PSME44,21.0,334,NA,25,alive
1,PSME,PSME44,21.5,NA,NA,25,alive
1,PSME,PSME44,22.0,329,NA,25,alive
1,PSME,PSME44,22.5,NA,NA,25,alive
1,PSME,PSME44,23.0,325,NA,50,dead
1,PSME,PSME44,23.5,NA,NA,50,dead
1,PSME,PSME44,24.0,324,NA,50,dead
1,PSME,PSME44,3.0,698,NA,10,alive
1,PSME,PSME44,3.5,NA,NA,10,alive
1,PSME,PSME44,4.0,680,NA,10,alive
1,PSME,PSME44,4.5,NA,NA,10,alive
1,PSME,PSME44,5.0,665,NA,10,alive
1,PSME,PSME44,5.5,NA,NA,10,alive
1,PSME,PSME44,6.0,636,NA,10,alive
1,PSME,PSME44,6.5,NA,NA,10,alive
1,PSME,PSME44,7.0,614,NA,10,alive
1,PSME,PSME44,7.5,NA,NA,NA,alive
1,PSME,PSME44,8.0,589,NA,10,alive
1,PSME,PSME44,8.5,NA,NA,10,alive
1,PSME,PSME44,9.0,560,NA,10,alive
1,PSME,PSME44,9.5,NA,NA,10,alive
1,PSME,PSME45,1.0,660,NA,10,alive
1,PSME,PSME45,1.5,NA,NA,10,alive
1,PSME,PSME45,10.0,380,NA,10,alive
1,PSME,PSME45,10.5,NA,NA,10,alive
1,PSME,PSME45,11.0,370,NA,10,alive
1,PSME,PSME45,11.5,NA,NA,10,alive
1,PSME,PSME45,12.0,364,NA,10,alive
1,PSME,PSME45,12.5,NA,NA,10,alive
1,PSME,PSME45,13.0,359,NA,10,alive
1,PSME,PSME45,13.5,NA,NA,10,alive
1,PSME,PSME45,14.0,355,NA,10,alive
1,PSME,PSME45,14.5,NA,NA,10,alive
1,PSME,PSME45,15.0,352,NA,10,alive
1,PSME,PSME45,15.5,NA,NA,10,alive
1,PSME,PSME45,16.0,NA,NA,NA,alive
1,PSME,PSME45,16.5,NA,NA,10,alive
1,PSME,PSME45,17.0,349,NA,25,alive
1,PSME,PSME45,17.5,NA,NA,75,alive
1,PSME,PSME45,18.0,346,NA,75,alive
1,PSME,PSME45,18.5,NA,NA,75,dead
1,PSME,PSME45,19.0,350,NA,90,dead
1,PSME,PSME45,19.5,NA,NA,75,dead
1,PSME,PSME45,2.0,653,NA,10,alive
1,PSME,PSME45,2.5,NA,NA,10,alive
1,PSME,PSME45,20.0,346,NA,75,dead
1,PSME,PSME45,20.5,NA,NA,90,dead
1,PSME,PSME45,21.0,343,NA,90,dead
1,PSME,PSME45,21.5,NA,NA,NA,dead
1,PSME,PSME45,22.0,NA,NA,NA,dead
1,PSME,PSME45,22.5,NA,NA,NA,dead
1,PSME,PSME45,23.0,NA,NA,NA,dead
1,PSME,PSME45,23.5,NA,NA,NA,dead
1,PSME,PSME45,24.0,NA,NA,NA,dead
1,PSME,PSME45,3.0,613,NA,10,alive
1,PSME,PSME45,3.5,NA,NA,10,alive
1,PSME,PSME45,4.0,581,NA,10,alive
1,PSME,PSME45,4.5,NA,NA,10,alive
1,PSME,PSME45,5.0,542,NA,10,alive
1,PSME,PSME45,5.5,NA,NA,10,alive
1,PSME,PSME45,6.0,489,NA,10,alive
1,PSME,PSME45,6.5,NA,NA,10,alive
1,PSME,PSME45,7.0,487,NA,10,alive
1,PSME,PSME45,7.5,NA,NA,NA,alive
1,PSME,PSME45,8.0,413,NA,10,alive
1,PSME,PSME45,8.5,NA,NA,10,alive
1,PSME,PSME45,9.0,390,NA,10,alive
1,PSME,PSME45,9.5,NA,NA,10,alive
1,PSME,PSME46,1.0,743,NA,10,alive
1,PSME,PSME46,1.5,NA,NA,10,alive
1,PSME,PSME46,10.0,488,NA,10,alive
1,PSME,PSME46,10.5,NA,NA,10,alive
1,PSME,PSME46,11.0,450,NA,10,alive
1,PSME,PSME46,11.5,NA,NA,10,alive
1,PSME,PSME46,12.0,421,NA,10,alive
1,PSME,PSME46,12.5,NA,NA,10,alive
1,PSME,PSME46,13.0,401,NA,10,alive
1,PSME,PSME46,13.5,NA,NA,10,alive
1,PSME,PSME46,14.0,387,NA,10,alive
1,PSME,PSME46,14.5,NA,NA,10,alive
1,PSME,PSME46,15.0,379,NA,10,alive
1,PSME,PSME46,15.5,NA,NA,10,alive
1,PSME,PSME46,16.0,NA,NA,NA,alive
1,PSME,PSME46,16.5,NA,NA,10,alive
1,PSME,PSME46,17.0,369,NA,10,alive
1,PSME,PSME46,17.5,NA,NA,10,alive
1,PSME,PSME46,18.0,363,NA,10,alive
1,PSME,PSME46,18.5,NA,NA,10,alive
1,PSME,PSME46,19.0,359,NA,10,alive
1,PSME,PSME46,19.5,NA,NA,10,alive
1,PSME,PSME46,2.0,736,NA,10,alive
1,PSME,PSME46,2.5,NA,NA,10,alive
1,PSME,PSME46,20.0,353,NA,10,alive
1,PSME,PSME46,20.5,NA,NA,25,alive
1,PSME,PSME46,21.0,351,NA,25,dead
1,PSME,PSME46,21.5,NA,NA,25,dead
1,PSME,PSME46,22.0,349,NA,25,dead
1,PSME,PSME46,22.5,NA,NA,25,dead
1,PSME,PSME46,23.0,347,NA,25,dead
1,PSME,PSME46,23.5,NA,NA,NA,dead
1,PSME,PSME46,24.0,NA,NA,NA,dead
1,PSME,PSME46,3.0,713,NA,10,alive
1,PSME,PSME46,3.5,NA,NA,10,alive
1,PSME,PSME46,4.0,695,NA,10,alive
1,PSME,PSME46,4.5,NA,NA,10,alive
1,PSME,PSME46,5.0,670,NA,10,alive
1,PSME,PSME46,5.5,NA,NA,10,alive
1,PSME,PSME46,6.0,637,NA,10,alive
1,PSME,PSME46,6.5,NA,NA,10,alive
1,PSME,PSME46,7.0,613,NA,10,alive
1,PSME,PSME46,7.5,NA,NA,NA,alive
1,PSME,PSME46,8.0,568,NA,10,alive
1,PSME,PSME46,8.5,NA,NA,10,alive
1,PSME,PSME46,9.0,525,NA,10,alive
1,PSME,PSME46,9.5,NA,NA,10,alive
1,PSME,PSME47,1.0,770,NA,10,alive
1,PSME,PSME47,1.5,NA,NA,10,alive
1,PSME,PSME47,10.0,465,NA,10,alive
1,PSME,PSME47,10.5,NA,NA,10,alive
1,PSME,PSME47,11.0,450,NA,10,alive
1,PSME,PSME47,11.5,NA,NA,10,alive
1,PSME,PSME47,12.0,439,NA,10,alive
1,PSME,PSME47,12.5,NA,NA,10,alive
1,PSME,PSME47,13.0,433,NA,10,alive
1,PSME,PSME47,13.5,NA,NA,10,alive
1,PSME,PSME47,14.0,426,NA,10,alive
1,PSME,PSME47,14.5,NA,NA,10,alive
1,PSME,PSME47,15.0,422,NA,10,alive
1,PSME,PSME47,15.5,NA,NA,10,alive
1,PSME,PSME47,16.0,NA,NA,NA,NA
1,PSME,PSME47,16.5,NA,NA,50,dead
1,PSME,PSME47,17.0,419,NA,90,dead
1,PSME,PSME47,17.5,NA,NA,50,dead
1,PSME,PSME47,18.0,NA,NA,50,dead
1,PSME,PSME47,18.5,NA,NA,90,dead
1,PSME,PSME47,19.0,414,NA,90,dead
1,PSME,PSME47,19.5,NA,NA,90,dead
1,PSME,PSME47,2.0,762,NA,10,alive
1,PSME,PSME47,2.5,NA,NA,10,alive
1,PSME,PSME47,20.0,411,NA,90,dead
1,PSME,PSME47,20.5,NA,NA,90,dead
1,PSME,PSME47,21.0,409,NA,90,dead
1,PSME,PSME47,21.5,NA,NA,NA,dead
1,PSME,PSME47,22.0,NA,NA,NA,dead
1,PSME,PSME47,22.5,NA,NA,NA,dead
1,PSME,PSME47,23.0,NA,NA,NA,dead
1,PSME,PSME47,23.5,NA,NA,NA,dead
1,PSME,PSME47,24.0,NA,NA,NA,dead
1,PSME,PSME47,3.0,723,NA,10,alive
1,PSME,PSME47,3.5,NA,NA,10,alive
1,PSME,PSME47,4.0,690,NA,10,alive
1,PSME,PSME47,4.5,NA,NA,10,alive
1,PSME,PSME47,5.0,655,NA,10,alive
1,PSME,PSME47,5.5,NA,NA,10,alive
1,PSME,PSME47,6.0,608,NA,10,alive
1,PSME,PSME47,6.5,NA,NA,10,alive
1,PSME,PSME47,7.0,578,NA,10,alive
1,PSME,PSME47,7.5,NA,NA,NA,alive
1,PSME,PSME47,8.0,512,NA,10,alive
1,PSME,PSME47,8.5,NA,NA,10,alive
1,PSME,PSME47,9.0,484,NA,10,alive
1,PSME,PSME47,9.5,NA,NA,10,alive
1,PSME,PSME48,1.0,722,NA,10,alive
1,PSME,PSME48,1.5,NA,NA,10,alive
1,PSME,PSME48,10.0,497,NA,10,alive
1,PSME,PSME48,10.5,NA,NA,10,alive
1,PSME,PSME48,11.0,457,NA,10,alive
1,PSME,PSME48,11.5,NA,NA,10,alive
1,PSME,PSME48,12.0,428,NA,10,alive
1,PSME,PSME48,12.5,NA,NA,10,alive
1,PSME,PSME48,13.0,406,NA,10,alive
1,PSME,PSME48,13.5,NA,NA,10,alive
1,PSME,PSME48,14.0,389,NA,10,alive
1,PSME,PSME48,14.5,NA,NA,10,alive
1,PSME,PSME48,15.0,379,NA,10,alive
1,PSME,PSME48,15.5,NA,NA,10,alive
1,PSME,PSME48,16.0,NA,NA,NA,alive
1,PSME,PSME48,16.5,NA,NA,10,alive
1,PSME,PSME48,17.0,367,NA,10,alive
1,PSME,PSME48,17.5,NA,NA,10,alive
1,PSME,PSME48,18.0,360,NA,10,alive
1,PSME,PSME48,18.5,NA,NA,10,alive
1,PSME,PSME48,19.0,362,NA,10,alive
1,PSME,PSME48,19.5,NA,NA,10,alive
1,PSME,PSME48,2.0,715,NA,10,alive
1,PSME,PSME48,2.5,NA,NA,10,alive
1,PSME,PSME48,20.0,357,NA,25,alive
1,PSME,PSME48,20.5,NA,NA,25,alive
1,PSME,PSME48,21.0,353,NA,50,dead
1,PSME,PSME48,21.5,NA,NA,50,dead
1,PSME,PSME48,22.0,348,NA,50,dead
1,PSME,PSME48,22.5,NA,NA,50,dead
1,PSME,PSME48,23.0,346,NA,75,dead
1,PSME,PSME48,23.5,NA,NA,NA,dead
1,PSME,PSME48,24.0,NA,NA,NA,dead
1,PSME,PSME48,3.0,697,NA,10,alive
1,PSME,PSME48,3.5,NA,NA,10,alive
1,PSME,PSME48,4.0,681,NA,10,alive
1,PSME,PSME48,4.5,NA,NA,10,alive
1,PSME,PSME48,5.0,662,NA,10,alive
1,PSME,PSME48,5.5,NA,NA,10,alive
1,PSME,PSME48,6.0,631,NA,10,alive
1,PSME,PSME48,6.5,NA,NA,10,alive
1,PSME,PSME48,7.0,630,NA,10,alive
1,PSME,PSME48,7.5,NA,NA,NA,alive
1,PSME,PSME48,8.0,577,NA,10,alive
1,PSME,PSME48,8.5,NA,NA,10,alive
1,PSME,PSME48,9.0,537,NA,10,alive
1,PSME,PSME48,9.5,NA,NA,10,alive
1,PSME,PSME49,1.0,664,NA,10,alive
1,PSME,PSME49,1.5,NA,NA,10,alive
1,PSME,PSME49,10.0,403,NA,10,alive
1,PSME,PSME49,10.5,NA,NA,10,alive
1,PSME,PSME49,11.0,392,NA,10,alive
1,PSME,PSME49,11.5,NA,NA,10,alive
1,PSME,PSME49,12.0,385,NA,10,alive
1,PSME,PSME49,12.5,NA,NA,25,alive
1,PSME,PSME49,13.0,380,NA,10,alive
1,PSME,PSME49,13.5,NA,NA,25,alive
1,PSME,PSME49,14.0,376,NA,25,alive
1,PSME,PSME49,14.5,NA,NA,50,alive
1,PSME,PSME49,15.0,374,NA,50,dead
1,PSME,PSME49,15.5,NA,NA,75,dead
1,PSME,PSME49,16.0,NA,NA,NA,dead
1,PSME,PSME49,16.5,NA,NA,90,dead
1,PSME,PSME49,17.0,NA,NA,90,dead
1,PSME,PSME49,17.5,NA,NA,90,dead
1,PSME,PSME49,18.0,NA,NA,90,dead
1,PSME,PSME49,18.5,NA,NA,NA,dead
1,PSME,PSME49,19.0,368,NA,NA,dead
1,PSME,PSME49,19.5,NA,NA,NA,dead
1,PSME,PSME49,2.0,657,NA,10,alive
1,PSME,PSME49,2.5,NA,NA,10,alive
1,PSME,PSME49,20.0,366,NA,NA,dead
1,PSME,PSME49,20.5,NA,NA,NA,dead
1,PSME,PSME49,21.0,365,NA,NA,dead
1,PSME,PSME49,21.5,NA,NA,NA,dead
1,PSME,PSME49,22.0,NA,NA,NA,dead
1,PSME,PSME49,22.5,NA,NA,NA,dead
1,PSME,PSME49,23.0,NA,NA,NA,dead
1,PSME,PSME49,23.5,NA,NA,NA,dead
1,PSME,PSME49,24.0,NA,NA,NA,dead
1,PSME,PSME49,3.0,619,NA,10,alive
1,PSME,PSME49,3.5,NA,NA,10,alive
1,PSME,PSME49,4.0,592,NA,10,alive
1,PSME,PSME49,4.5,NA,NA,10,alive
1,PSME,PSME49,5.0,558,NA,10,alive
1,PSME,PSME49,5.5,NA,NA,10,alive
1,PSME,PSME49,6.0,508,NA,10,alive
1,PSME,PSME49,6.5,NA,NA,10,alive
1,PSME,PSME49,7.0,477,NA,10,alive
1,PSME,PSME49,7.5,NA,NA,NA,alive
1,PSME,PSME49,8.0,430,NA,10,alive
1,PSME,PSME49,8.5,NA,NA,10,alive
1,PSME,PSME49,9.0,414,NA,10,alive
1,PSME,PSME49,9.5,NA,NA,10,alive
1,PSME,PSME50,1.0,701,NA,10,alive
1,PSME,PSME50,1.5,NA,NA,10,alive
1,PSME,PSME50,10.0,418,NA,10,alive
1,PSME,PSME50,10.5,NA,NA,10,alive
1,PSME,PSME50,11.0,402,NA,10,alive
1,PSME,PSME50,11.5,NA,NA,10,alive
1,PSME,PSME50,12.0,392,NA,10,alive
1,PSME,PSME50,12.5,NA,NA,10,alive
1,PSME,PSME50,13.0,385,NA,10,alive
1,PSME,PSME50,13.5,NA,NA,10,alive
1,PSME,PSME50,14.0,381,NA,10,alive
1,PSME,PSME50,14.5,NA,NA,10,alive
1,PSME,PSME50,15.0,378,NA,10,alive
1,PSME,PSME50,15.5,NA,NA,10,alive
1,PSME,PSME50,16.0,NA,NA,NA,alive
1,PSME,PSME50,16.5,NA,NA,10,alive
1,PSME,PSME50,17.0,375,NA,50,alive
1,PSME,PSME50,17.5,NA,NA,75,alive
1,PSME,PSME50,18.0,373,NA,75,alive
1,PSME,PSME50,18.5,NA,NA,50,alive
1,PSME,PSME50,19.0,371,NA,50,alive
1,PSME,PSME50,19.5,NA,NA,50,dead
1,PSME,PSME50,2.0,694,NA,10,alive
1,PSME,PSME50,2.5,NA,NA,10,alive
1,PSME,PSME50,20.0,369,NA,75,dead
1,PSME,PSME50,20.5,NA,NA,75,dead
1,PSME,PSME50,21.0,367,NA,75,dead
1,PSME,PSME50,21.5,NA,NA,75,dead
1,PSME,PSME50,22.0,365,NA,75,dead
1,PSME,PSME50,22.5,NA,NA,NA,dead
1,PSME,PSME50,23.0,NA,NA,NA,dead
1,PSME,PSME50,23.5,NA,NA,NA,dead
1,PSME,PSME50,24.0,NA,NA,NA,dead
1,PSME,PSME50,3.0,656,NA,10,alive
1,PSME,PSME50,3.5,NA,NA,10,alive
1,PSME,PSME50,4.0,625,NA,10,alive
1,PSME,PSME50,4.5,NA,NA,10,alive
1,PSME,PSME50,5.0,597,NA,10,alive
1,PSME,PSME50,5.5,NA,NA,10,alive
1,PSME,PSME50,6.0,555,NA,10,alive
1,PSME,PSME50,6.5,NA,NA,10,alive
1,PSME,PSME50,7.0,526,NA,10,alive
1,PSME,PSME50,7.5,NA,NA,NA,alive
1,PSME,PSME50,8.0,473,NA,10,alive
1,PSME,PSME50,8.5,NA,NA,10,alive
1,PSME,PSME50,9.0,439,NA,10,alive
1,PSME,PSME50,9.5,NA,NA,10,alive
2,PSME,PSME51,1,496,NA,10,alive
2,PSME,PSME51,10,451,NA,10,alive
2,PSME,PSME51,11,541,NA,10,alive
2,PSME,PSME51,12,478,NA,10,alive
2,PSME,PSME51,13,596,NA,10,alive
2,PSME,PSME51,14,511,NA,10,alive
2,PSME,PSME51,15,493,NA,10,alive
2,PSME,PSME51,16,414,NA,10,alive
2,PSME,PSME51,17,NA,NA,10,alive
2,PSME,PSME51,18,NA,NA,10,alive
2,PSME,PSME51,19,NA,NA,10,alive
2,PSME,PSME51,2,430,NA,10,alive
2,PSME,PSME51,20,NA,NA,10,alive
2,PSME,PSME51,21,NA,NA,10,alive
2,PSME,PSME51,22,NA,NA,10,alive
2,PSME,PSME51,23,NA,NA,10,alive
2,PSME,PSME51,24,NA,NA,10,alive
2,PSME,PSME51,25,NA,NA,10,alive
2,PSME,PSME51,26,NA,NA,10,alive
2,PSME,PSME51,27,NA,NA,10,alive
2,PSME,PSME51,28,NA,NA,10,alive
2,PSME,PSME51,29,NA,NA,10,alive
2,PSME,PSME51,3,626,NA,10,alive
2,PSME,PSME51,30,NA,NA,10,alive
2,PSME,PSME51,4,678,NA,10,alive
2,PSME,PSME51,5,547,NA,10,alive
2,PSME,PSME51,6,513,NA,10,alive
2,PSME,PSME51,7,NA,NA,10,alive
2,PSME,PSME51,8,373,NA,10,alive
2,PSME,PSME51,9,500,NA,10,alive
2,PSME,PSME52,1,683,NA,10,alive
2,PSME,PSME52,10,530,NA,10,alive
2,PSME,PSME52,11,628,NA,10,alive
2,PSME,PSME52,12,578,NA,10,alive
2,PSME,PSME52,13,676,NA,10,alive
2,PSME,PSME52,14,601,NA,10,alive
2,PSME,PSME52,15,609,NA,10,alive
2,PSME,PSME52,16,539,NA,10,alive
2,PSME,PSME52,17,NA,NA,10,alive
2,PSME,PSME52,18,NA,NA,10,alive
2,PSME,PSME52,19,NA,NA,10,alive
2,PSME,PSME52,2,591,NA,10,alive
2,PSME,PSME52,20,NA,NA,10,alive
2,PSME,PSME52,21,NA,NA,10,alive
2,PSME,PSME52,22,NA,NA,10,alive
2,PSME,PSME52,23,NA,NA,10,alive
2,PSME,PSME52,24,NA,NA,10,alive
2,PSME,PSME52,25,NA,NA,10,alive
2,PSME,PSME52,26,NA,NA,10,alive
2,PSME,PSME52,27,NA,NA,10,alive
2,PSME,PSME52,28,NA,NA,10,alive
2,PSME,PSME52,29,NA,NA,10,alive
2,PSME,PSME52,3,698,NA,10,alive
2,PSME,PSME52,30,NA,NA,10,alive
2,PSME,PSME52,4,745,NA,10,alive
2,PSME,PSME52,5,625,NA,10,alive
2,PSME,PSME52,6,589,NA,10,alive
2,PSME,PSME52,7,NA,NA,10,alive
2,PSME,PSME52,8,438,NA,10,alive
2,PSME,PSME52,9,574,NA,10,alive
2,PSME,PSME53,1,645,50.2,10,alive
2,PSME,PSME53,10,605,56.3,10,alive
2,PSME,PSME53,11,697,127.2,10,alive
2,PSME,PSME53,12,670,73.9,10,alive
2,PSME,PSME53,13,739,102,10,alive
2,PSME,PSME53,14,701,129.9,10,alive
2,PSME,PSME53,15,689,70.6,10,alive
2,PSME,PSME53,16,642,90.1,10,alive
2,PSME,PSME53,17,NA,NA,10,alive
2,PSME,PSME53,18,NA,NA,10,alive
2,PSME,PSME53,19,NA,NA,10,alive
2,PSME,PSME53,2,583,101.1,10,alive
2,PSME,PSME53,20,NA,NA,10,alive
2,PSME,PSME53,21,NA,NA,10,alive
2,PSME,PSME53,22,NA,NA,10,alive
2,PSME,PSME53,23,NA,NA,10,alive
2,PSME,PSME53,24,NA,NA,10,alive
2,PSME,PSME53,25,NA,NA,10,alive
2,PSME,PSME53,26,NA,NA,10,alive
2,PSME,PSME53,27,NA,NA,10,alive
2,PSME,PSME53,28,NA,NA,10,alive
2,PSME,PSME53,29,NA,NA,10,alive
2,PSME,PSME53,3,689,49.6,10,alive
2,PSME,PSME53,30,NA,NA,10,alive
2,PSME,PSME53,4,736,53,10,alive
2,PSME,PSME53,5,690,157.6,10,alive
2,PSME,PSME53,6,629,49.6,10,alive
2,PSME,PSME53,7,NA,54.5,10,alive
2,PSME,PSME53,8,511,88.4,10,alive
2,PSME,PSME53,9,634,78.5,10,alive
2,PSME,PSME54,1,589,48.2,10,alive
2,PSME,PSME54,10,541,148.5,10,alive
2,PSME,PSME54,11,603,99.4,10,alive
2,PSME,PSME54,12,577,123,10,alive
2,PSME,PSME54,13,644,142.7,10,alive
2,PSME,PSME54,14,607,143.5,10,alive
2,PSME,PSME54,15,610,70.1,10,alive
2,PSME,PSME54,16,564,132,10,alive
2,PSME,PSME54,17,NA,NA,10,alive
2,PSME,PSME54,18,NA,NA,10,alive
2,PSME,PSME54,19,NA,NA,10,alive
2,PSME,PSME54,2,536,203.2,10,alive
2,PSME,PSME54,20,NA,NA,10,alive
2,PSME,PSME54,21,NA,NA,10,alive
2,PSME,PSME54,22,NA,NA,10,alive
2,PSME,PSME54,23,NA,NA,10,alive
2,PSME,PSME54,24,NA,NA,10,alive
2,PSME,PSME54,25,NA,NA,10,alive
2,PSME,PSME54,26,NA,NA,10,alive
2,PSME,PSME54,27,NA,NA,10,alive
2,PSME,PSME54,28,NA,NA,10,alive
2,PSME,PSME54,29,NA,NA,10,alive
2,PSME,PSME54,3,637,78.9,10,alive
2,PSME,PSME54,30,NA,NA,10,alive
2,PSME,PSME54,4,679,71.8,10,alive
2,PSME,PSME54,5,631,81,10,alive
2,PSME,PSME54,6,591,89.4,10,alive
2,PSME,PSME54,7,NA,64.3,10,alive
2,PSME,PSME54,8,457,120.4,10,alive
2,PSME,PSME54,9,563,86.3,10,alive
2,PSME,PSME55,1,645,55.5,10,alive
2,PSME,PSME55,10,463,103.3,10,alive
2,PSME,PSME55,11,547,97.1,10,alive
2,PSME,PSME55,12,510,127.6,10,alive
2,PSME,PSME55,13,645,97.8,10,alive
2,PSME,PSME55,14,594,129.1,10,alive
2,PSME,PSME55,15,588,107.6,10,alive
2,PSME,PSME55,16,535,109.8,10,alive
2,PSME,PSME55,17,NA,NA,10,alive
2,PSME,PSME55,18,NA,NA,10,alive
2,PSME,PSME55,19,NA,NA,10,alive
2,PSME,PSME55,2,570,111.6,10,alive
2,PSME,PSME55,20,NA,NA,10,alive
2,PSME,PSME55,21,NA,NA,10,alive
2,PSME,PSME55,22,NA,NA,10,alive
2,PSME,PSME55,23,NA,NA,10,alive
2,PSME,PSME55,24,NA,NA,10,alive
2,PSME,PSME55,25,NA,NA,10,alive
2,PSME,PSME55,26,NA,NA,10,alive
2,PSME,PSME55,27,NA,NA,10,alive
2,PSME,PSME55,28,NA,NA,10,alive
2,PSME,PSME55,29,NA,NA,10,alive
2,PSME,PSME55,3,660,85.4,10,alive
2,PSME,PSME55,30,NA,NA,10,alive
2,PSME,PSME55,4,682,86.4,10,alive
2,PSME,PSME55,5,621,117.6,10,alive
2,PSME,PSME55,6,563,53.3,10,alive
2,PSME,PSME55,7,NA,72.3,10,alive
2,PSME,PSME55,8,421,68.5,10,alive
2,PSME,PSME55,9,496,88.5,10,alive
2,PSME,PSME56,1,683,47.3,10,alive
2,PSME,PSME56,10,NA,NA,90,dead
2,PSME,PSME56,11,NA,NA,90,dead
2,PSME,PSME56,12,NA,NA,90,dead
2,PSME,PSME56,13,NA,NA,90,dead
2,PSME,PSME56,14,NA,NA,90,dead
2,PSME,PSME56,15,NA,NA,90,dead
2,PSME,PSME56,16,NA,NA,90,dead
2,PSME,PSME56,17,NA,NA,90,dead
2,PSME,PSME56,18,NA,NA,90,dead
2,PSME,PSME56,19,NA,NA,90,dead
2,PSME,PSME56,2,593,79.9,10,alive
2,PSME,PSME56,20,NA,NA,90,dead
2,PSME,PSME56,21,NA,NA,90,dead
2,PSME,PSME56,22,NA,NA,90,dead
2,PSME,PSME56,23,NA,NA,90,dead
2,PSME,PSME56,24,NA,NA,90,dead
2,PSME,PSME56,25,NA,NA,90,dead
2,PSME,PSME56,26,NA,NA,90,dead
2,PSME,PSME56,27,NA,NA,90,dead
2,PSME,PSME56,28,NA,NA,90,dead
2,PSME,PSME56,29,NA,NA,90,dead
2,PSME,PSME56,3,531,39.5,10,alive
2,PSME,PSME56,30,NA,NA,90,dead
2,PSME,PSME56,4,478,50,50,alive
2,PSME,PSME56,5,451,57.5,50,alive
2,PSME,PSME56,6,429,31.5,75,alive
2,PSME,PSME56,7,NA,62.6,75,alive
2,PSME,PSME56,8,392,60,75,dead
2,PSME,PSME56,9,394,NA,75,dead
2,PSME,PSME57,1,456,37,10,alive
2,PSME,PSME57,10,NA,NA,90,dead
2,PSME,PSME57,11,NA,NA,90,dead
2,PSME,PSME57,12,NA,NA,90,dead
2,PSME,PSME57,13,NA,NA,90,dead
2,PSME,PSME57,14,NA,NA,100,dead
2,PSME,PSME57,15,NA,NA,100,dead
2,PSME,PSME57,16,NA,NA,100,dead
2,PSME,PSME57,17,NA,NA,100,dead
2,PSME,PSME57,18,NA,NA,100,dead
2,PSME,PSME57,19,NA,NA,100,dead
2,PSME,PSME57,2,403,136.8,10,alive
2,PSME,PSME57,20,NA,NA,100,dead
2,PSME,PSME57,21,NA,NA,100,dead
2,PSME,PSME57,22,NA,NA,100,dead
2,PSME,PSME57,23,NA,NA,100,dead
2,PSME,PSME57,24,NA,NA,100,dead
2,PSME,PSME57,25,NA,NA,100,dead
2,PSME,PSME57,26,NA,NA,100,dead
2,PSME,PSME57,27,NA,NA,100,dead
2,PSME,PSME57,28,NA,NA,100,dead
2,PSME,PSME57,29,NA,NA,100,dead
2,PSME,PSME57,3,367,42,10,alive
2,PSME,PSME57,30,NA,NA,100,dead
2,PSME,PSME57,4,345,40.8,25,alive
2,PSME,PSME57,5,332,56.7,25,alive
2,PSME,PSME57,6,318,33.6,50,alive
2,PSME,PSME57,7,NA,43.5,50,alive
2,PSME,PSME57,8,293,57.9,75,dead
2,PSME,PSME57,9,299,NA,90,dead
2,PSME,PSME58,1,555,69.6,10,alive
2,PSME,PSME58,10,NA,NA,90,dead
2,PSME,PSME58,11,NA,NA,90,dead
2,PSME,PSME58,12,NA,NA,90,dead
2,PSME,PSME58,13,NA,NA,90,dead
2,PSME,PSME58,14,NA,NA,90,dead
2,PSME,PSME58,15,NA,NA,90,dead
2,PSME,PSME58,16,NA,NA,90,dead
2,PSME,PSME58,17,NA,NA,90,dead
2,PSME,PSME58,18,NA,NA,90,dead
2,PSME,PSME58,19,NA,NA,90,dead
2,PSME,PSME58,2,505,249.8,10,alive
2,PSME,PSME58,20,NA,NA,90,dead
2,PSME,PSME58,21,NA,NA,90,dead
2,PSME,PSME58,22,NA,NA,90,dead
2,PSME,PSME58,23,NA,NA,90,dead
2,PSME,PSME58,24,NA,NA,90,dead
2,PSME,PSME58,25,NA,NA,90,dead
2,PSME,PSME58,26,NA,NA,90,dead
2,PSME,PSME58,27,NA,NA,90,dead
2,PSME,PSME58,28,NA,NA,90,dead
2,PSME,PSME58,29,NA,NA,90,dead
2,PSME,PSME58,3,457,92.6,10,alive
2,PSME,PSME58,30,NA,NA,90,dead
2,PSME,PSME58,4,419,109.1,10,alive
2,PSME,PSME58,5,389,119.4,10,alive
2,PSME,PSME58,6,370,43,10,alive
2,PSME,PSME58,7,NA,46.4,10,alive
2,PSME,PSME58,8,334,52,10,alive
2,PSME,PSME58,9,335,NA,75,alive
2,PSME,PSME59,1,565,121.3,10,alive
2,PSME,PSME59,10,NA,NA,90,dead
2,PSME,PSME59,11,NA,NA,90,dead
2,PSME,PSME59,12,NA,NA,90,dead
2,PSME,PSME59,13,NA,NA,90,dead
2,PSME,PSME59,14,NA,NA,100,dead
2,PSME,PSME59,15,NA,NA,100,dead
2,PSME,PSME59,16,NA,NA,100,dead
2,PSME,PSME59,17,NA,NA,100,dead
2,PSME,PSME59,18,NA,NA,100,dead
2,PSME,PSME59,19,NA,NA,100,dead
2,PSME,PSME59,2,479,295.5,10,alive
2,PSME,PSME59,20,NA,NA,100,dead
2,PSME,PSME59,21,NA,NA,100,dead
2,PSME,PSME59,22,NA,NA,100,dead
2,PSME,PSME59,23,NA,NA,100,dead
2,PSME,PSME59,24,NA,NA,100,dead
2,PSME,PSME59,25,NA,NA,100,dead
2,PSME,PSME59,26,NA,NA,100,dead
2,PSME,PSME59,27,NA,NA,100,dead
2,PSME,PSME59,28,NA,NA,100,dead
2,PSME,PSME59,29,NA,NA,100,dead
2,PSME,PSME59,3,420,92.1,10,alive
2,PSME,PSME59,30,NA,NA,100,dead
2,PSME,PSME59,4,373,93.2,25,alive
2,PSME,PSME59,5,356,87.7,25,alive
2,PSME,PSME59,6,342,37.8,25,alive
2,PSME,PSME59,7,NA,39,25,alive
2,PSME,PSME59,8,319,50,50,dead
2,PSME,PSME59,9,322,NA,90,dead
2,PSME,PSME60,1,484,65.8,10,alive
2,PSME,PSME60,10,NA,NA,90,dead
2,PSME,PSME60,11,NA,NA,90,dead
2,PSME,PSME60,12,NA,NA,90,dead
2,PSME,PSME60,13,NA,NA,90,dead
2,PSME,PSME60,14,NA,NA,90,dead
2,PSME,PSME60,15,NA,NA,90,dead
2,PSME,PSME60,16,NA,NA,90,dead
2,PSME,PSME60,17,NA,NA,90,dead
2,PSME,PSME60,18,NA,NA,90,dead
2,PSME,PSME60,19,NA,NA,90,dead
2,PSME,PSME60,2,423,131.9,10,alive
2,PSME,PSME60,20,NA,NA,90,dead
2,PSME,PSME60,21,NA,NA,90,dead
2,PSME,PSME60,22,NA,NA,90,dead
2,PSME,PSME60,23,NA,NA,90,dead
2,PSME,PSME60,24,NA,NA,90,dead
2,PSME,PSME60,25,NA,NA,90,dead
2,PSME,PSME60,26,NA,NA,90,dead
2,PSME,PSME60,27,NA,NA,90,dead
2,PSME,PSME60,28,NA,NA,90,dead
2,PSME,PSME60,29,NA,NA,90,dead
2,PSME,PSME60,3,386,52,10,alive
2,PSME,PSME60,30,NA,NA,90,dead
2,PSME,PSME60,4,365,42.9,50,alive
2,PSME,PSME60,5,354,44.6,50,alive
2,PSME,PSME60,6,342,39,50,alive
2,PSME,PSME60,7,NA,44.8,50,alive
2,PSME,PSME60,8,324,54.1,75,alive
2,PSME,PSME60,9,327,NA,75,alive
2,PSME,PSME61,1,595,81.7,10,alive
2,PSME,PSME61,10,NA,NA,90,dead
2,PSME,PSME61,11,NA,NA,90,dead
2,PSME,PSME61,12,NA,NA,90,dead
2,PSME,PSME61,13,NA,NA,90,dead
2,PSME,PSME61,14,NA,NA,90,dead
2,PSME,PSME61,15,NA,NA,90,dead
2,PSME,PSME61,16,NA,NA,90,dead
2,PSME,PSME61,17,NA,NA,90,dead
2,PSME,PSME61,18,NA,NA,90,dead
2,PSME,PSME61,19,NA,NA,90,dead
2,PSME,PSME61,2,530,169.6,10,alive
2,PSME,PSME61,20,NA,NA,90,dead
2,PSME,PSME61,21,NA,NA,90,dead
2,PSME,PSME61,22,NA,NA,90,dead
2,PSME,PSME61,23,NA,NA,90,dead
2,PSME,PSME61,24,NA,NA,90,dead
2,PSME,PSME61,25,NA,NA,90,dead
2,PSME,PSME61,26,NA,NA,90,dead
2,PSME,PSME61,27,NA,NA,90,dead
2,PSME,PSME61,28,NA,NA,90,dead
2,PSME,PSME61,29,NA,NA,90,dead
2,PSME,PSME61,3,482,58.4,10,alive
2,PSME,PSME61,30,NA,NA,90,dead
2,PSME,PSME61,4,439,71.9,10,alive
2,PSME,PSME61,5,417,60.2,25,alive
2,PSME,PSME61,6,402,31,25,alive
2,PSME,PSME61,7,NA,35.8,25,alive
2,PSME,PSME61,8,369,49.3,25,alive
2,PSME,PSME61,9,370,NA,75,dead
2,PSME,PSME62,1,726,49.3,10,alive
2,PSME,PSME62,10,NA,NA,90,dead
2,PSME,PSME62,11,NA,NA,90,dead
2,PSME,PSME62,12,NA,NA,90,dead
2,PSME,PSME62,13,NA,NA,90,dead
2,PSME,PSME62,14,NA,NA,100,dead
2,PSME,PSME62,15,NA,NA,100,dead
2,PSME,PSME62,16,NA,NA,100,dead
2,PSME,PSME62,17,NA,NA,100,dead
2,PSME,PSME62,18,NA,NA,100,dead
2,PSME,PSME62,19,NA,NA,100,dead
2,PSME,PSME62,2,635,61.7,10,alive
2,PSME,PSME62,20,NA,NA,100,dead
2,PSME,PSME62,21,NA,NA,100,dead
2,PSME,PSME62,22,NA,NA,100,dead
2,PSME,PSME62,23,NA,NA,100,dead
2,PSME,PSME62,24,NA,NA,100,dead
2,PSME,PSME62,25,NA,NA,100,dead
2,PSME,PSME62,26,NA,NA,100,dead
2,PSME,PSME62,27,NA,NA,100,dead
2,PSME,PSME62,28,NA,NA,100,dead
2,PSME,PSME62,29,NA,NA,100,dead
2,PSME,PSME62,3,575,44.2,10,alive
2,PSME,PSME62,30,NA,NA,100,dead
2,PSME,PSME62,4,520,58.2,50,alive
2,PSME,PSME62,5,497,45.3,50,alive
2,PSME,PSME62,6,479,33.6,75,alive
2,PSME,PSME62,7,NA,33.4,75,alive
2,PSME,PSME62,8,446,45.4,90,dead
2,PSME,PSME62,9,447,NA,90,dead
2,PSME,PSME63,1,612,93.3,10,alive
2,PSME,PSME63,10,NA,NA,90,dead
2,PSME,PSME63,11,NA,NA,90,dead
2,PSME,PSME63,12,NA,NA,90,dead
2,PSME,PSME63,13,NA,NA,90,dead
2,PSME,PSME63,14,NA,NA,90,dead
2,PSME,PSME63,15,NA,NA,90,dead
2,PSME,PSME63,16,NA,NA,90,dead
2,PSME,PSME63,17,NA,NA,90,dead
2,PSME,PSME63,18,NA,NA,90,dead
2,PSME,PSME63,19,NA,NA,90,dead
2,PSME,PSME63,2,529,100.9,10,alive
2,PSME,PSME63,20,NA,NA,90,dead
2,PSME,PSME63,21,NA,NA,90,dead
2,PSME,PSME63,22,NA,NA,90,dead
2,PSME,PSME63,23,NA,NA,90,dead
2,PSME,PSME63,24,NA,NA,90,dead
2,PSME,PSME63,25,NA,NA,90,dead
2,PSME,PSME63,26,NA,NA,90,dead
2,PSME,PSME63,27,NA,NA,90,dead
2,PSME,PSME63,28,NA,NA,90,dead
2,PSME,PSME63,29,NA,NA,90,dead
2,PSME,PSME63,3,467,65.7,10,alive
2,PSME,PSME63,30,NA,NA,90,dead
2,PSME,PSME63,4,421,50.1,10,alive
2,PSME,PSME63,5,397,52.2,10,alive
2,PSME,PSME63,6,372,36.8,25,alive
2,PSME,PSME63,7,NA,45.3,25,alive
2,PSME,PSME63,8,345,42.2,50,alive
2,PSME,PSME63,9,348,NA,90,dead
2,PSME,PSME64,1,637,76.4,10,alive
2,PSME,PSME64,10,NA,NA,90,dead
2,PSME,PSME64,11,NA,NA,90,dead
2,PSME,PSME64,12,NA,NA,90,dead
2,PSME,PSME64,13,NA,NA,90,dead
2,PSME,PSME64,14,NA,NA,90,dead
2,PSME,PSME64,15,NA,NA,90,dead
2,PSME,PSME64,16,NA,NA,90,dead
2,PSME,PSME64,17,NA,NA,90,dead
2,PSME,PSME64,18,NA,NA,90,dead
2,PSME,PSME64,19,NA,NA,90,dead
2,PSME,PSME64,2,540,188.8,10,alive
2,PSME,PSME64,20,NA,NA,90,dead
2,PSME,PSME64,21,NA,NA,90,dead
2,PSME,PSME64,22,NA,NA,90,dead
2,PSME,PSME64,23,NA,NA,90,dead
2,PSME,PSME64,24,NA,NA,90,dead
2,PSME,PSME64,25,NA,NA,90,dead
2,PSME,PSME64,26,NA,NA,90,dead
2,PSME,PSME64,27,NA,NA,90,dead
2,PSME,PSME64,28,NA,NA,90,dead
2,PSME,PSME64,29,NA,NA,90,dead
2,PSME,PSME64,3,459,98,10,alive
2,PSME,PSME64,30,NA,NA,90,dead
2,PSME,PSME64,4,412,63.6,10,alive
2,PSME,PSME64,5,397,64.3,10,alive
2,PSME,PSME64,6,380,40.1,10,alive
2,PSME,PSME64,7,NA,39.3,10,alive
2,PSME,PSME64,8,354,60.8,50,alive
2,PSME,PSME64,9,357,NA,75,dead
2,PSME,PSME65,1,540,106.4,10,alive
2,PSME,PSME65,10,NA,NA,90,dead
2,PSME,PSME65,11,NA,NA,90,dead
2,PSME,PSME65,12,NA,NA,90,dead
2,PSME,PSME65,13,NA,NA,90,dead
2,PSME,PSME65,14,NA,NA,100,dead
2,PSME,PSME65,15,NA,NA,100,dead
2,PSME,PSME65,16,NA,NA,100,dead
2,PSME,PSME65,17,NA,NA,100,dead
2,PSME,PSME65,18,NA,NA,100,dead
2,PSME,PSME65,19,NA,NA,100,dead
2,PSME,PSME65,2,457,130,10,alive
2,PSME,PSME65,20,NA,NA,100,dead
2,PSME,PSME65,21,NA,NA,100,dead
2,PSME,PSME65,22,NA,NA,100,dead
2,PSME,PSME65,23,NA,NA,100,dead
2,PSME,PSME65,24,NA,NA,100,dead
2,PSME,PSME65,25,NA,NA,100,dead
2,PSME,PSME65,26,NA,NA,100,dead
2,PSME,PSME65,27,NA,NA,100,dead
2,PSME,PSME65,28,NA,NA,100,dead
2,PSME,PSME65,29,NA,NA,100,dead
2,PSME,PSME65,3,424,38,10,alive
2,PSME,PSME65,30,NA,NA,100,dead
2,PSME,PSME65,4,408,46.2,25,alive
2,PSME,PSME65,5,397,50.5,25,alive
2,PSME,PSME65,6,387,35.5,50,alive
2,PSME,PSME65,7,NA,38.4,50,alive
2,PSME,PSME65,8,370,53.9,90,dead
2,PSME,PSME65,9,372,NA,90,dead
2,PSME,PSME66,1,587,NA,10,alive
2,PSME,PSME66,10,NA,NA,90,dead
2,PSME,PSME66,11,NA,NA,90,dead
2,PSME,PSME66,12,NA,NA,90,dead
2,PSME,PSME66,13,NA,NA,90,dead
2,PSME,PSME66,14,NA,NA,90,dead
2,PSME,PSME66,15,NA,NA,90,dead
2,PSME,PSME66,16,NA,NA,90,dead
2,PSME,PSME66,17,NA,NA,90,dead
2,PSME,PSME66,18,NA,NA,90,dead
2,PSME,PSME66,19,NA,NA,90,dead
2,PSME,PSME66,2,515,NA,10,alive
2,PSME,PSME66,20,NA,NA,90,dead
2,PSME,PSME66,21,NA,NA,90,dead
2,PSME,PSME66,22,NA,NA,90,dead
2,PSME,PSME66,23,NA,NA,90,dead
2,PSME,PSME66,24,NA,NA,90,dead
2,PSME,PSME66,25,NA,NA,90,dead
2,PSME,PSME66,26,NA,NA,90,dead
2,PSME,PSME66,27,NA,NA,90,dead
2,PSME,PSME66,28,NA,NA,90,dead
2,PSME,PSME66,29,NA,NA,90,dead
2,PSME,PSME66,3,456,NA,10,alive
2,PSME,PSME66,30,NA,NA,90,dead
2,PSME,PSME66,4,404,NA,10,alive
2,PSME,PSME66,5,381,NA,25,alive
2,PSME,PSME66,6,365,NA,25,alive
2,PSME,PSME66,7,NA,NA,25,alive
2,PSME,PSME66,8,335,NA,50,alive
2,PSME,PSME66,9,337,NA,90,dead
2,PSME,PSME67,1,584,NA,10,alive
2,PSME,PSME67,10,303,NA,75,alive
2,PSME,PSME67,11,300,NA,75,alive
2,PSME,PSME67,12,299,NA,75,alive
2,PSME,PSME67,13,300,NA,75,alive
2,PSME,PSME67,14,297,NA,75,dead
2,PSME,PSME67,15,294,NA,90,dead
2,PSME,PSME67,16,NA,NA,90,dead
2,PSME,PSME67,17,NA,NA,90,dead
2,PSME,PSME67,18,NA,NA,90,dead
2,PSME,PSME67,19,NA,NA,90,dead
2,PSME,PSME67,2,531,NA,25,alive
2,PSME,PSME67,20,NA,NA,90,dead
2,PSME,PSME67,21,NA,NA,90,dead
2,PSME,PSME67,22,NA,NA,90,dead
2,PSME,PSME67,23,NA,NA,90,dead
2,PSME,PSME67,24,NA,NA,90,dead
2,PSME,PSME67,25,NA,NA,90,dead
2,PSME,PSME67,26,NA,NA,90,dead
2,PSME,PSME67,27,NA,NA,90,dead
2,PSME,PSME67,28,NA,NA,90,dead
2,PSME,PSME67,29,NA,NA,90,dead
2,PSME,PSME67,3,494,NA,10,alive
2,PSME,PSME67,30,NA,NA,90,dead
2,PSME,PSME67,4,465,NA,75,alive
2,PSME,PSME67,5,433,NA,75,alive
2,PSME,PSME67,6,396,NA,75,alive
2,PSME,PSME67,7,NA,NA,75,alive
2,PSME,PSME67,8,310,NA,75,alive
2,PSME,PSME67,9,305,NA,75,alive
2,PSME,PSME68,1,487,NA,10,alive
2,PSME,PSME68,10,NA,NA,90,dead
2,PSME,PSME68,11,NA,NA,90,dead
2,PSME,PSME68,12,NA,NA,90,dead
2,PSME,PSME68,13,NA,NA,90,dead
2,PSME,PSME68,14,NA,NA,100,dead
2,PSME,PSME68,15,NA,NA,100,dead
2,PSME,PSME68,16,NA,NA,100,dead
2,PSME,PSME68,17,NA,NA,100,dead
2,PSME,PSME68,18,NA,NA,100,dead
2,PSME,PSME68,19,NA,NA,100,dead
2,PSME,PSME68,2,404,NA,10,alive
2,PSME,PSME68,20,NA,NA,100,dead
2,PSME,PSME68,21,NA,NA,100,dead
2,PSME,PSME68,22,NA,NA,100,dead
2,PSME,PSME68,23,NA,NA,100,dead
2,PSME,PSME68,24,NA,NA,100,dead
2,PSME,PSME68,25,NA,NA,100,dead
2,PSME,PSME68,26,NA,NA,100,dead
2,PSME,PSME68,27,NA,NA,100,dead
2,PSME,PSME68,28,NA,NA,100,dead
2,PSME,PSME68,29,NA,NA,100,dead
2,PSME,PSME68,3,373,NA,10,alive
2,PSME,PSME68,30,NA,NA,100,dead
2,PSME,PSME68,4,357,NA,10,alive
2,PSME,PSME68,5,348,NA,10,alive
2,PSME,PSME68,6,335,NA,10,alive
2,PSME,PSME68,7,NA,NA,10,alive
2,PSME,PSME68,8,315,NA,75,dead
2,PSME,PSME68,9,319,NA,90,dead
2,PSME,PSME69,1,625,NA,10,alive
2,PSME,PSME69,10,NA,NA,90,dead
2,PSME,PSME69,11,NA,NA,90,dead
2,PSME,PSME69,12,NA,NA,90,dead
2,PSME,PSME69,13,NA,NA,90,dead
2,PSME,PSME69,14,NA,NA,90,dead
2,PSME,PSME69,15,NA,NA,90,dead
2,PSME,PSME69,16,NA,NA,90,dead
2,PSME,PSME69,17,NA,NA,90,dead
2,PSME,PSME69,18,NA,NA,90,dead
2,PSME,PSME69,19,NA,NA,90,dead
2,PSME,PSME69,2,558,NA,10,alive
2,PSME,PSME69,20,NA,NA,90,dead
2,PSME,PSME69,21,NA,NA,90,dead
2,PSME,PSME69,22,NA,NA,90,dead
2,PSME,PSME69,23,NA,NA,90,dead
2,PSME,PSME69,24,NA,NA,90,dead
2,PSME,PSME69,25,NA,NA,90,dead
2,PSME,PSME69,26,NA,NA,90,dead
2,PSME,PSME69,27,NA,NA,90,dead
2,PSME,PSME69,28,NA,NA,90,dead
2,PSME,PSME69,29,NA,NA,90,dead
2,PSME,PSME69,3,507,NA,10,alive
2,PSME,PSME69,30,NA,NA,90,dead
2,PSME,PSME69,4,447,NA,10,alive
2,PSME,PSME69,5,400,NA,10,alive
2,PSME,PSME69,6,373,NA,10,alive
2,PSME,PSME69,7,NA,NA,10,alive
2,PSME,PSME69,8,333,NA,10,alive
2,PSME,PSME69,9,334,NA,75,dead
2,PSME,PSME70,1,582,NA,10,alive
2,PSME,PSME70,10,NA,NA,90,dead
2,PSME,PSME70,11,NA,NA,90,dead
2,PSME,PSME70,12,NA,NA,90,dead
2,PSME,PSME70,13,NA,NA,90,dead
2,PSME,PSME70,14,NA,NA,100,dead
2,PSME,PSME70,15,NA,NA,100,dead
2,PSME,PSME70,16,NA,NA,100,dead
2,PSME,PSME70,17,NA,NA,100,dead
2,PSME,PSME70,18,NA,NA,100,dead
2,PSME,PSME70,19,NA,NA,100,dead
2,PSME,PSME70,2,486,NA,10,alive
2,PSME,PSME70,20,NA,NA,100,dead
2,PSME,PSME70,21,NA,NA,100,dead
2,PSME,PSME70,22,NA,NA,100,dead
2,PSME,PSME70,23,NA,NA,100,dead
2,PSME,PSME70,24,NA,NA,100,dead
2,PSME,PSME70,25,NA,NA,100,dead
2,PSME,PSME70,26,NA,NA,100,dead
2,PSME,PSME70,27,NA,NA,100,dead
2,PSME,PSME70,28,NA,NA,100,dead
2,PSME,PSME70,29,NA,NA,100,dead
2,PSME,PSME70,3,430,NA,10,alive
2,PSME,PSME70,30,NA,NA,100,dead
2,PSME,PSME70,4,410,NA,10,alive
2,PSME,PSME70,5,399,NA,10,alive
2,PSME,PSME70,6,388,NA,25,alive
2,PSME,PSME70,7,NA,NA,25,alive
2,PSME,PSME70,8,368,NA,90,dead
2,PSME,PSME70,9,370,NA,90,dead
2,PSME,PSME71,1,421,NA,10,alive
2,PSME,PSME71,10,NA,NA,90,dead
2,PSME,PSME71,11,NA,NA,90,dead
2,PSME,PSME71,12,NA,NA,90,dead
2,PSME,PSME71,13,NA,NA,90,dead
2,PSME,PSME71,14,NA,NA,100,dead
2,PSME,PSME71,15,NA,NA,100,dead
2,PSME,PSME71,16,NA,NA,100,dead
2,PSME,PSME71,17,NA,NA,100,dead
2,PSME,PSME71,18,NA,NA,100,dead
2,PSME,PSME71,19,NA,NA,100,dead
2,PSME,PSME71,2,393,NA,10,alive
2,PSME,PSME71,20,NA,NA,100,dead
2,PSME,PSME71,21,NA,NA,100,dead
2,PSME,PSME71,22,NA,NA,100,dead
2,PSME,PSME71,23,NA,NA,100,dead
2,PSME,PSME71,24,NA,NA,100,dead
2,PSME,PSME71,25,NA,NA,100,dead
2,PSME,PSME71,26,NA,NA,100,dead
2,PSME,PSME71,27,NA,NA,100,dead
2,PSME,PSME71,28,NA,NA,100,dead
2,PSME,PSME71,29,NA,NA,100,dead
2,PSME,PSME71,3,380,NA,10,alive
2,PSME,PSME71,30,NA,NA,100,dead
2,PSME,PSME71,4,374,NA,50,alive
2,PSME,PSME71,5,371,NA,50,alive
2,PSME,PSME71,6,366,NA,75,dead
2,PSME,PSME71,7,NA,NA,75,dead
2,PSME,PSME71,8,354,NA,90,dead
2,PSME,PSME71,9,357,NA,90,dead
2,PSME,PSME72,1,561,NA,10,alive
2,PSME,PSME72,10,NA,NA,90,dead
2,PSME,PSME72,11,NA,NA,90,dead
2,PSME,PSME72,12,NA,NA,90,dead
2,PSME,PSME72,13,NA,NA,90,dead
2,PSME,PSME72,14,NA,NA,100,dead
2,PSME,PSME72,15,NA,NA,100,dead
2,PSME,PSME72,16,NA,NA,100,dead
2,PSME,PSME72,17,NA,NA,100,dead
2,PSME,PSME72,18,NA,NA,100,dead
2,PSME,PSME72,19,NA,NA,100,dead
2,PSME,PSME72,2,464,NA,10,alive
2,PSME,PSME72,20,NA,NA,100,dead
2,PSME,PSME72,21,NA,NA,100,dead
2,PSME,PSME72,22,NA,NA,100,dead
2,PSME,PSME72,23,NA,NA,100,dead
2,PSME,PSME72,24,NA,NA,100,dead
2,PSME,PSME72,25,NA,NA,100,dead
2,PSME,PSME72,26,NA,NA,100,dead
2,PSME,PSME72,27,NA,NA,100,dead
2,PSME,PSME72,28,NA,NA,100,dead
2,PSME,PSME72,29,NA,NA,100,dead
2,PSME,PSME72,3,430,NA,10,alive
2,PSME,PSME72,30,NA,NA,100,dead
2,PSME,PSME72,4,414,NA,25,alive
2,PSME,PSME72,5,401,NA,25,alive
2,PSME,PSME72,6,390,NA,25,alive
2,PSME,PSME72,7,NA,NA,25,alive
2,PSME,PSME72,8,370,NA,75,dead
2,PSME,PSME72,9,375,NA,90,dead
2,PSME,PSME73,1,470,NA,10,alive
2,PSME,PSME73,10,NA,NA,90,dead
2,PSME,PSME73,11,NA,NA,90,dead
2,PSME,PSME73,12,NA,NA,90,dead
2,PSME,PSME73,13,NA,NA,90,dead
2,PSME,PSME73,14,NA,NA,90,dead
2,PSME,PSME73,15,NA,NA,90,dead
2,PSME,PSME73,16,NA,NA,90,dead
2,PSME,PSME73,17,NA,NA,90,dead
2,PSME,PSME73,18,NA,NA,90,dead
2,PSME,PSME73,19,NA,NA,90,dead
2,PSME,PSME73,2,403,NA,10,alive
2,PSME,PSME73,20,NA,NA,90,dead
2,PSME,PSME73,21,NA,NA,90,dead
2,PSME,PSME73,22,NA,NA,90,dead
2,PSME,PSME73,23,NA,NA,90,dead
2,PSME,PSME73,24,NA,NA,90,dead
2,PSME,PSME73,25,NA,NA,90,dead
2,PSME,PSME73,26,NA,NA,90,dead
2,PSME,PSME73,27,NA,NA,90,dead
2,PSME,PSME73,28,NA,NA,90,dead
2,PSME,PSME73,29,NA,NA,90,dead
2,PSME,PSME73,3,365,NA,10,alive
2,PSME,PSME73,30,NA,NA,90,dead
2,PSME,PSME73,4,335,NA,10,alive
2,PSME,PSME73,5,324,NA,10,alive
2,PSME,PSME73,6,315,NA,10,alive
2,PSME,PSME73,7,NA,NA,10,alive
2,PSME,PSME73,8,292,NA,25,alive
2,PSME,PSME73,9,295,NA,75,dead
2,PSME,PSME74,1,633,NA,10,alive
2,PSME,PSME74,10,NA,NA,90,dead
2,PSME,PSME74,11,NA,NA,90,dead
2,PSME,PSME74,12,NA,NA,90,dead
2,PSME,PSME74,13,NA,NA,90,dead
2,PSME,PSME74,14,NA,NA,90,dead
2,PSME,PSME74,15,NA,NA,90,dead
2,PSME,PSME74,16,NA,NA,90,dead
2,PSME,PSME74,17,NA,NA,90,dead
2,PSME,PSME74,18,NA,NA,90,dead
2,PSME,PSME74,19,NA,NA,90,dead
2,PSME,PSME74,2,563,NA,10,alive
2,PSME,PSME74,20,NA,NA,90,dead
2,PSME,PSME74,21,NA,NA,90,dead
2,PSME,PSME74,22,NA,NA,90,dead
2,PSME,PSME74,23,NA,NA,90,dead
2,PSME,PSME74,24,NA,NA,90,dead
2,PSME,PSME74,25,NA,NA,90,dead
2,PSME,PSME74,26,NA,NA,90,dead
2,PSME,PSME74,27,NA,NA,90,dead
2,PSME,PSME74,28,NA,NA,90,dead
2,PSME,PSME74,29,NA,NA,90,dead
2,PSME,PSME74,3,512,NA,10,alive
2,PSME,PSME74,30,NA,NA,90,dead
2,PSME,PSME74,4,472,NA,10,alive
2,PSME,PSME74,5,432,NA,10,alive
2,PSME,PSME74,6,400,NA,10,alive
2,PSME,PSME74,7,NA,NA,10,alive
2,PSME,PSME74,8,357,NA,10,alive
2,PSME,PSME74,9,358,NA,75,dead
2,PSME,PSME76,1,623,NA,10,alive
2,PSME,PSME76,10,621,NA,25,alive
2,PSME,PSME76,11,678,NA,25,alive
2,PSME,PSME76,12,634,NA,25,alive
2,PSME,PSME76,13,701,NA,25,alive
2,PSME,PSME76,14,641,NA,25,alive
2,PSME,PSME76,15,643,NA,25,alive
2,PSME,PSME76,16,579,NA,25,alive
2,PSME,PSME76,17,NA,NA,25,alive
2,PSME,PSME76,18,NA,NA,25,alive
2,PSME,PSME76,19,NA,NA,25,alive
2,PSME,PSME76,2,539,NA,10,alive
2,PSME,PSME76,20,NA,NA,25,alive
2,PSME,PSME76,21,NA,NA,25,alive
2,PSME,PSME76,22,NA,NA,25,alive
2,PSME,PSME76,23,NA,NA,25,alive
2,PSME,PSME76,24,NA,NA,25,alive
2,PSME,PSME76,25,NA,NA,25,alive
2,PSME,PSME76,26,NA,NA,25,alive
2,PSME,PSME76,27,NA,NA,25,alive
2,PSME,PSME76,28,NA,NA,25,alive
2,PSME,PSME76,29,NA,NA,25,alive
2,PSME,PSME76,3,685,NA,10,alive
2,PSME,PSME76,30,NA,NA,25,alive
2,PSME,PSME76,4,707,NA,10,alive
2,PSME,PSME76,5,637,NA,10,alive
2,PSME,PSME76,6,563,NA,25,alive
2,PSME,PSME76,7,612,NA,25,alive
2,PSME,PSME76,8,542,NA,25,alive
2,PSME,PSME76,9,667,NA,25,alive
2,PSME,PSME77,1,601,NA,10,alive
2,PSME,PSME77,10,656,NA,50,alive
2,PSME,PSME77,11,718,NA,50,alive
2,PSME,PSME77,12,670,NA,50,alive
2,PSME,PSME77,13,754,NA,50,alive
2,PSME,PSME77,14,700,NA,50,alive
2,PSME,PSME77,15,707,NA,50,alive
2,PSME,PSME77,16,647,NA,50,alive
2,PSME,PSME77,17,NA,NA,50,alive
2,PSME,PSME77,18,NA,NA,50,alive
2,PSME,PSME77,19,NA,NA,50,alive
2,PSME,PSME77,2,535,NA,10,alive
2,PSME,PSME77,20,NA,NA,50,alive
2,PSME,PSME77,21,NA,NA,50,alive
2,PSME,PSME77,22,NA,NA,50,alive
2,PSME,PSME77,23,NA,NA,50,alive
2,PSME,PSME77,24,NA,NA,50,alive
2,PSME,PSME77,25,NA,NA,50,alive
2,PSME,PSME77,26,NA,NA,50,alive
2,PSME,PSME77,27,NA,NA,50,alive
2,PSME,PSME77,28,NA,NA,50,alive
2,PSME,PSME77,29,NA,NA,50,alive
2,PSME,PSME77,3,679,NA,25,alive
2,PSME,PSME77,30,NA,NA,50,alive
2,PSME,PSME77,4,742,NA,25,alive
2,PSME,PSME77,5,673,NA,25,alive
2,PSME,PSME77,6,598,NA,50,alive
2,PSME,PSME77,7,620,NA,50,alive
2,PSME,PSME77,8,548,NA,50,alive
2,PSME,PSME77,9,697,NA,50,alive
2,PSME,PSME78,1,488,56.9,10,alive
2,PSME,PSME78,10,446,174.3,25,alive
2,PSME,PSME78,11,529,129.5,25,alive
2,PSME,PSME78,12,466,144.2,25,alive
2,PSME,PSME78,13,543,175.5,25,alive
2,PSME,PSME78,14,454,158.2,25,alive
2,PSME,PSME78,15,449,119.3,25,alive
2,PSME,PSME78,16,383,112,25,alive
2,PSME,PSME78,17,NA,NA,25,alive
2,PSME,PSME78,18,NA,NA,25,alive
2,PSME,PSME78,19,NA,NA,25,alive
2,PSME,PSME78,2,408,117.6,10,alive
2,PSME,PSME78,20,NA,NA,25,alive
2,PSME,PSME78,21,NA,NA,25,alive
2,PSME,PSME78,22,NA,NA,25,alive
2,PSME,PSME78,23,NA,NA,25,alive
2,PSME,PSME78,24,NA,NA,25,alive
2,PSME,PSME78,25,NA,NA,25,alive
2,PSME,PSME78,26,NA,NA,25,alive
2,PSME,PSME78,27,NA,NA,25,alive
2,PSME,PSME78,28,NA,NA,25,alive
2,PSME,PSME78,29,NA,NA,25,alive
2,PSME,PSME78,3,492,113.8,10,alive
2,PSME,PSME78,30,NA,NA,25,alive
2,PSME,PSME78,4,526,88.2,25,alive
2,PSME,PSME78,5,443,135,25,alive
2,PSME,PSME78,6,384,68.5,25,alive
2,PSME,PSME78,7,413,100.9,25,alive
2,PSME,PSME78,8,373,46.6,25,alive
2,PSME,PSME78,9,497,209.3,25,alive
2,PSME,PSME79,1,583,85.8,10,alive
2,PSME,PSME79,10,653,62.8,75,alive
2,PSME,PSME79,11,690,115.1,75,alive
2,PSME,PSME79,12,656,210.2,75,alive
2,PSME,PSME79,13,710,156.7,75,alive
2,PSME,PSME79,14,664,93.1,75,alive
2,PSME,PSME79,15,655,67.5,75,alive
2,PSME,PSME79,16,599,131.2,75,alive
2,PSME,PSME79,17,NA,NA,75,alive
2,PSME,PSME79,18,NA,NA,75,alive
2,PSME,PSME79,19,NA,NA,75,alive
2,PSME,PSME79,2,509,195,10,alive
2,PSME,PSME79,20,NA,NA,75,alive
2,PSME,PSME79,21,NA,NA,75,alive
2,PSME,PSME79,22,NA,NA,75,alive
2,PSME,PSME79,23,NA,NA,75,alive
2,PSME,PSME79,24,NA,NA,75,alive
2,PSME,PSME79,25,NA,NA,75,alive
2,PSME,PSME79,26,NA,NA,75,alive
2,PSME,PSME79,27,NA,NA,75,alive
2,PSME,PSME79,28,NA,NA,75,alive
2,PSME,PSME79,29,NA,NA,75,alive
2,PSME,PSME79,3,685,89,25,alive
2,PSME,PSME79,30,NA,NA,75,alive
2,PSME,PSME79,4,712,66,25,alive
2,PSME,PSME79,5,662,81.8,25,alive
2,PSME,PSME79,6,611,59,50,alive
2,PSME,PSME79,7,653,77,50,alive
2,PSME,PSME79,8,597,90.9,75,alive
2,PSME,PSME79,9,683,106.2,75,alive
2,PSME,PSME80,1,598,68.6,10,alive
2,PSME,PSME80,10,650,66.8,50,alive
2,PSME,PSME80,11,684,107.4,50,alive
2,PSME,PSME80,12,643,79.4,50,alive
2,PSME,PSME80,13,697,95.7,50,alive
2,PSME,PSME80,14,639,271.7,50,alive
2,PSME,PSME80,15,614,46.9,50,alive
2,PSME,PSME80,16,NA,115.3,50,alive
2,PSME,PSME80,17,NA,NA,50,alive
2,PSME,PSME80,18,NA,NA,50,alive
2,PSME,PSME80,19,NA,NA,50,alive
2,PSME,PSME80,2,513,133.9,10,alive
2,PSME,PSME80,20,NA,NA,50,alive
2,PSME,PSME80,21,NA,NA,50,alive
2,PSME,PSME80,22,NA,NA,50,alive
2,PSME,PSME80,23,NA,NA,50,alive
2,PSME,PSME80,24,NA,NA,50,alive
2,PSME,PSME80,25,NA,NA,50,alive
2,PSME,PSME80,26,NA,NA,50,alive
2,PSME,PSME80,27,NA,NA,50,alive
2,PSME,PSME80,28,NA,NA,50,alive
2,PSME,PSME80,29,NA,NA,50,alive
2,PSME,PSME80,3,684,47.9,10,alive
2,PSME,PSME80,30,NA,NA,50,alive
2,PSME,PSME80,4,721,77,25,alive
2,PSME,PSME80,5,683,69.2,25,alive
2,PSME,PSME80,6,623,58.3,50,alive
2,PSME,PSME80,7,643,50.9,50,alive
2,PSME,PSME80,8,577,65.5,50,alive
2,PSME,PSME80,9,683,111,50,alive
2,PSME,PSME81,1,560,45.9,10,alive
2,PSME,PSME81,10,NA,NA,90,dead
2,PSME,PSME81,11,NA,NA,90,dead
2,PSME,PSME81,12,NA,NA,90,dead
2,PSME,PSME81,13,NA,NA,90,dead
2,PSME,PSME81,14,NA,NA,90,dead
2,PSME,PSME81,15,NA,NA,90,dead
2,PSME,PSME81,16,NA,NA,90,dead
2,PSME,PSME81,17,NA,NA,90,dead
2,PSME,PSME81,18,NA,NA,90,dead
2,PSME,PSME81,19,NA,NA,90,dead
2,PSME,PSME81,2,479,196,10,alive
2,PSME,PSME81,20,NA,NA,90,dead
2,PSME,PSME81,21,NA,NA,90,dead
2,PSME,PSME81,22,NA,NA,90,dead
2,PSME,PSME81,23,NA,NA,90,dead
2,PSME,PSME81,24,NA,NA,90,dead
2,PSME,PSME81,25,NA,NA,90,dead
2,PSME,PSME81,26,NA,NA,90,dead
2,PSME,PSME81,27,NA,NA,90,dead
2,PSME,PSME81,28,NA,NA,90,dead
2,PSME,PSME81,29,NA,NA,90,dead
2,PSME,PSME81,3,411,148.6,10,alive
2,PSME,PSME81,30,NA,NA,90,dead
2,PSME,PSME81,4,374,38.7,10,alive
2,PSME,PSME81,5,359,48.9,10,alive
2,PSME,PSME81,6,343,36.9,25,alive
2,PSME,PSME81,7,331,36.9,50,alive
2,PSME,PSME81,8,328,37.2,75,alive
2,PSME,PSME81,9,330,NA,75,dead
2,PSME,PSME82,1,671,57.5,10,alive
2,PSME,PSME82,10,NA,NA,90,dead
2,PSME,PSME82,11,NA,NA,90,dead
2,PSME,PSME82,12,NA,NA,90,dead
2,PSME,PSME82,13,NA,NA,90,dead
2,PSME,PSME82,14,NA,NA,90,dead
2,PSME,PSME82,15,NA,NA,90,dead
2,PSME,PSME82,16,NA,NA,90,dead
2,PSME,PSME82,17,NA,NA,90,dead
2,PSME,PSME82,18,NA,NA,90,dead
2,PSME,PSME82,19,NA,NA,90,dead
2,PSME,PSME82,2,598,240.3,10,alive
2,PSME,PSME82,20,NA,NA,90,dead
2,PSME,PSME82,21,NA,NA,90,dead
2,PSME,PSME82,22,NA,NA,90,dead
2,PSME,PSME82,23,NA,NA,90,dead
2,PSME,PSME82,24,NA,NA,90,dead
2,PSME,PSME82,25,NA,NA,90,dead
2,PSME,PSME82,26,NA,NA,90,dead
2,PSME,PSME82,27,NA,NA,90,dead
2,PSME,PSME82,28,NA,NA,90,dead
2,PSME,PSME82,29,NA,NA,90,dead
2,PSME,PSME82,3,534,73.6,10,alive
2,PSME,PSME82,30,NA,NA,90,dead
2,PSME,PSME82,4,474,57.9,50,alive
2,PSME,PSME82,5,449,49,50,alive
2,PSME,PSME82,6,427,38.7,50,alive
2,PSME,PSME82,7,413,38.7,75,alive
2,PSME,PSME82,8,408,34.4,75,alive
2,PSME,PSME82,9,407,NA,90,dead
2,PSME,PSME83,1,604,53,10,alive
2,PSME,PSME83,10,344,45.4,75,alive
2,PSME,PSME83,11,343,52.8,75,alive
2,PSME,PSME83,12,342,63.4,75,dead
2,PSME,PSME83,13,NA,51.3,75,dead
2,PSME,PSME83,14,NA,NA,75,dead
2,PSME,PSME83,15,NA,NA,75,dead
2,PSME,PSME83,16,NA,NA,75,dead
2,PSME,PSME83,17,NA,NA,75,dead
2,PSME,PSME83,18,NA,NA,75,dead
2,PSME,PSME83,19,NA,NA,75,dead
2,PSME,PSME83,2,530,280.6,10,alive
2,PSME,PSME83,20,NA,NA,75,dead
2,PSME,PSME83,21,NA,NA,75,dead
2,PSME,PSME83,22,NA,NA,75,dead
2,PSME,PSME83,23,NA,NA,75,dead
2,PSME,PSME83,24,NA,NA,75,dead
2,PSME,PSME83,25,NA,NA,75,dead
2,PSME,PSME83,26,NA,NA,75,dead
2,PSME,PSME83,27,NA,NA,75,dead
2,PSME,PSME83,28,NA,NA,75,dead
2,PSME,PSME83,29,NA,NA,75,dead
2,PSME,PSME83,3,463,66.1,10,alive
2,PSME,PSME83,30,NA,NA,75,dead
2,PSME,PSME83,4,410,74.2,10,alive
2,PSME,PSME83,5,383,65.6,10,alive
2,PSME,PSME83,6,365,42.5,25,alive
2,PSME,PSME83,7,353,33.5,50,alive
2,PSME,PSME83,8,344,48.5,50,alive
2,PSME,PSME83,9,345,NA,50,alive
2,PSME,PSME84,1,611,77.6,10,alive
2,PSME,PSME84,10,NA,NA,90,dead
2,PSME,PSME84,11,NA,NA,90,dead
2,PSME,PSME84,12,NA,NA,90,dead
2,PSME,PSME84,13,NA,NA,90,dead
2,PSME,PSME84,14,NA,NA,100,dead
2,PSME,PSME84,15,NA,NA,100,dead
2,PSME,PSME84,16,NA,NA,100,dead
2,PSME,PSME84,17,NA,NA,100,dead
2,PSME,PSME84,18,NA,NA,100,dead
2,PSME,PSME84,19,NA,NA,100,dead
2,PSME,PSME84,2,520,221,10,alive
2,PSME,PSME84,20,NA,NA,100,dead
2,PSME,PSME84,21,NA,NA,100,dead
2,PSME,PSME84,22,NA,NA,100,dead
2,PSME,PSME84,23,NA,NA,100,dead
2,PSME,PSME84,24,NA,NA,100,dead
2,PSME,PSME84,25,NA,NA,100,dead
2,PSME,PSME84,26,NA,NA,100,dead
2,PSME,PSME84,27,NA,NA,100,dead
2,PSME,PSME84,28,NA,NA,100,dead
2,PSME,PSME84,29,NA,NA,100,dead
2,PSME,PSME84,3,452,104.1,25,alive
2,PSME,PSME84,30,NA,NA,100,dead
2,PSME,PSME84,4,405,50.2,50,alive
2,PSME,PSME84,5,392,64.1,50,alive
2,PSME,PSME84,6,376,38.7,50,alive
2,PSME,PSME84,7,369,40.8,75,alive
2,PSME,PSME84,8,365,50.3,75,dead
2,PSME,PSME84,9,366,NA,90,dead
2,PSME,PSME85,1,498,106.1,10,alive
2,PSME,PSME85,10,NA,NA,90,dead
2,PSME,PSME85,11,NA,NA,90,dead
2,PSME,PSME85,12,NA,NA,90,dead
2,PSME,PSME85,13,NA,NA,90,dead
2,PSME,PSME85,14,NA,NA,90,dead
2,PSME,PSME85,15,NA,NA,90,dead
2,PSME,PSME85,16,NA,NA,90,dead
2,PSME,PSME85,17,NA,NA,90,dead
2,PSME,PSME85,18,NA,NA,90,dead
2,PSME,PSME85,19,NA,NA,90,dead
2,PSME,PSME85,2,420,254.9,10,alive
2,PSME,PSME85,20,NA,NA,90,dead
2,PSME,PSME85,21,NA,NA,90,dead
2,PSME,PSME85,22,NA,NA,90,dead
2,PSME,PSME85,23,NA,NA,90,dead
2,PSME,PSME85,24,NA,NA,90,dead
2,PSME,PSME85,25,NA,NA,90,dead
2,PSME,PSME85,26,NA,NA,90,dead
2,PSME,PSME85,27,NA,NA,90,dead
2,PSME,PSME85,28,NA,NA,90,dead
2,PSME,PSME85,29,NA,NA,90,dead
2,PSME,PSME85,3,374,60.3,10,alive
2,PSME,PSME85,30,NA,NA,90,dead
2,PSME,PSME85,4,341,58,10,alive
2,PSME,PSME85,5,327,86.3,10,alive
2,PSME,PSME85,6,310,38.6,10,alive
2,PSME,PSME85,7,301,38.9,75,alive
2,PSME,PSME85,8,297,42.5,75,alive
2,PSME,PSME85,9,298,NA,90,dead
2,PSME,PSME86,1,648,47.8,10,alive
2,PSME,PSME86,10,369,47.9,50,alive
2,PSME,PSME86,11,NA,52.8,50,alive
2,PSME,PSME86,12,367,69.2,75,alive
2,PSME,PSME86,13,368,61.1,75,dead
2,PSME,PSME86,14,365,63.6,90,dead
2,PSME,PSME86,15,NA,NA,90,dead
2,PSME,PSME86,16,NA,NA,90,dead
2,PSME,PSME86,17,NA,NA,90,dead
2,PSME,PSME86,18,NA,NA,90,dead
2,PSME,PSME86,19,NA,NA,90,dead
2,PSME,PSME86,2,583,170.4,10,alive
2,PSME,PSME86,20,NA,NA,90,dead
2,PSME,PSME86,21,NA,NA,90,dead
2,PSME,PSME86,22,NA,NA,90,dead
2,PSME,PSME86,23,NA,NA,90,dead
2,PSME,PSME86,24,NA,NA,90,dead
2,PSME,PSME86,25,NA,NA,90,dead
2,PSME,PSME86,26,NA,NA,90,dead
2,PSME,PSME86,27,NA,NA,90,dead
2,PSME,PSME86,28,NA,NA,90,dead
2,PSME,PSME86,29,NA,NA,90,dead
2,PSME,PSME86,3,528,81.4,10,alive
2,PSME,PSME86,30,NA,NA,90,dead
2,PSME,PSME86,4,472,82.9,25,alive
2,PSME,PSME86,5,436,81.1,25,alive
2,PSME,PSME86,6,404,54.5,25,alive
2,PSME,PSME86,7,386,53,25,alive
2,PSME,PSME86,8,374,43.9,25,alive
2,PSME,PSME86,9,371,NA,25,alive
2,PSME,PSME87,1,712,63.8,10,alive
2,PSME,PSME87,10,391,56.1,50,alive
2,PSME,PSME87,11,NA,71.8,50,alive
2,PSME,PSME87,12,388,52.9,50,alive
2,PSME,PSME87,13,388,68.7,50,alive
2,PSME,PSME87,14,385,55.6,50,alive
2,PSME,PSME87,15,382,51.9,90,dead
2,PSME,PSME87,16,NA,NA,90,dead
2,PSME,PSME87,17,NA,NA,90,dead
2,PSME,PSME87,18,NA,NA,90,dead
2,PSME,PSME87,19,NA,NA,90,dead
2,PSME,PSME87,2,656,225.1,10,alive
2,PSME,PSME87,20,NA,NA,90,dead
2,PSME,PSME87,21,NA,NA,90,dead
2,PSME,PSME87,22,NA,NA,90,dead
2,PSME,PSME87,23,NA,NA,90,dead
2,PSME,PSME87,24,NA,NA,90,dead
2,PSME,PSME87,25,NA,NA,90,dead
2,PSME,PSME87,26,NA,NA,90,dead
2,PSME,PSME87,27,NA,NA,90,dead
2,PSME,PSME87,28,NA,NA,90,dead
2,PSME,PSME87,29,NA,NA,90,dead
2,PSME,PSME87,3,598,123.4,10,alive
2,PSME,PSME87,30,NA,NA,90,dead
2,PSME,PSME87,4,534,117.8,10,alive
2,PSME,PSME87,5,467,137.5,10,alive
2,PSME,PSME87,6,427,93.3,25,alive
2,PSME,PSME87,7,409,44,50,alive
2,PSME,PSME87,8,397,55.4,50,alive
2,PSME,PSME87,9,394,61.4,50,alive
2,PSME,PSME88,1,662,63.3,10,alive
2,PSME,PSME88,10,371,46,50,alive
2,PSME,PSME88,11,371,52.6,50,alive
2,PSME,PSME88,12,370,64.7,75,alive
2,PSME,PSME88,13,370,61.3,90,dead
2,PSME,PSME88,14,NA,NA,90,dead
2,PSME,PSME88,15,NA,NA,90,dead
2,PSME,PSME88,16,NA,NA,90,dead
2,PSME,PSME88,17,NA,NA,90,dead
2,PSME,PSME88,18,NA,NA,90,dead
2,PSME,PSME88,19,NA,NA,90,dead
2,PSME,PSME88,2,601,157.2,10,alive
2,PSME,PSME88,20,NA,NA,90,dead
2,PSME,PSME88,21,NA,NA,90,dead
2,PSME,PSME88,22,NA,NA,90,dead
2,PSME,PSME88,23,NA,NA,90,dead
2,PSME,PSME88,24,NA,NA,90,dead
2,PSME,PSME88,25,NA,NA,90,dead
2,PSME,PSME88,26,NA,NA,90,dead
2,PSME,PSME88,27,NA,NA,90,dead
2,PSME,PSME88,28,NA,NA,90,dead
2,PSME,PSME88,29,NA,NA,90,dead
2,PSME,PSME88,3,550,67.5,10,alive
2,PSME,PSME88,30,NA,NA,90,dead
2,PSME,PSME88,4,497,91.3,10,alive
2,PSME,PSME88,5,456,87.4,10,alive
2,PSME,PSME88,6,421,67.2,25,alive
2,PSME,PSME88,7,398,33.1,50,alive
2,PSME,PSME88,8,380,40.2,50,alive
2,PSME,PSME88,9,374,52.5,50,alive
2,PSME,PSME89,1,529,41.8,10,alive
2,PSME,PSME89,10,NA,NA,90,dead
2,PSME,PSME89,11,NA,NA,90,dead
2,PSME,PSME89,12,NA,NA,90,dead
2,PSME,PSME89,13,NA,NA,90,dead
2,PSME,PSME89,14,NA,NA,100,dead
2,PSME,PSME89,15,NA,NA,100,dead
2,PSME,PSME89,16,NA,NA,100,dead
2,PSME,PSME89,17,NA,NA,100,dead
2,PSME,PSME89,18,NA,NA,100,dead
2,PSME,PSME89,19,NA,NA,100,dead
2,PSME,PSME89,2,455,118.4,10,alive
2,PSME,PSME89,20,NA,NA,100,dead
2,PSME,PSME89,21,NA,NA,100,dead
2,PSME,PSME89,22,NA,NA,100,dead
2,PSME,PSME89,23,NA,NA,100,dead
2,PSME,PSME89,24,NA,NA,100,dead
2,PSME,PSME89,25,NA,NA,100,dead
2,PSME,PSME89,26,NA,NA,100,dead
2,PSME,PSME89,27,NA,NA,100,dead
2,PSME,PSME89,28,NA,NA,100,dead
2,PSME,PSME89,29,NA,NA,100,dead
2,PSME,PSME89,3,414,55.4,10,alive
2,PSME,PSME89,30,NA,NA,100,dead
2,PSME,PSME89,4,389,52.1,25,alive
2,PSME,PSME89,5,376,50.9,50,alive
2,PSME,PSME89,6,360,36.7,50,alive
2,PSME,PSME89,7,353,42.9,75,alive
2,PSME,PSME89,8,348,52.5,90,dead
2,PSME,PSME89,9,349,NA,90,dead
2,PSME,PSME90,1,538,97.1,10,alive
2,PSME,PSME90,10,NA,NA,90,dead
2,PSME,PSME90,11,NA,NA,90,dead
2,PSME,PSME90,12,NA,NA,90,dead
2,PSME,PSME90,13,NA,NA,90,dead
2,PSME,PSME90,14,NA,NA,90,dead
2,PSME,PSME90,15,NA,NA,90,dead
2,PSME,PSME90,16,NA,NA,90,dead
2,PSME,PSME90,17,NA,NA,90,dead
2,PSME,PSME90,18,NA,NA,90,dead
2,PSME,PSME90,19,NA,NA,90,dead
2,PSME,PSME90,2,458,213.6,10,alive
2,PSME,PSME90,20,NA,NA,90,dead
2,PSME,PSME90,21,NA,NA,90,dead
2,PSME,PSME90,22,NA,NA,90,dead
2,PSME,PSME90,23,NA,NA,90,dead
2,PSME,PSME90,24,NA,NA,90,dead
2,PSME,PSME90,25,NA,NA,90,dead
2,PSME,PSME90,26,NA,NA,90,dead
2,PSME,PSME90,27,NA,NA,90,dead
2,PSME,PSME90,28,NA,NA,90,dead
2,PSME,PSME90,29,NA,NA,90,dead
2,PSME,PSME90,3,405,114.9,10,alive
2,PSME,PSME90,30,NA,NA,90,dead
2,PSME,PSME90,4,371,51.1,25,alive
2,PSME,PSME90,5,360,51.6,25,alive
2,PSME,PSME90,6,346,33.3,25,alive
2,PSME,PSME90,7,337,44.1,50,alive
2,PSME,PSME90,8,333,37.5,75,alive
2,PSME,PSME90,9,333,NA,90,dead
2,PSME,PSME91,1,434,NA,10,alive
2,PSME,PSME91,10,NA,NA,90,dead
2,PSME,PSME91,11,NA,NA,90,dead
2,PSME,PSME91,12,NA,NA,90,dead
2,PSME,PSME91,13,NA,NA,90,dead
2,PSME,PSME91,14,NA,NA,100,dead
2,PSME,PSME91,15,NA,NA,100,dead
2,PSME,PSME91,16,NA,NA,100,dead
2,PSME,PSME91,17,NA,NA,100,dead
2,PSME,PSME91,18,NA,NA,100,dead
2,PSME,PSME91,19,NA,NA,100,dead
2,PSME,PSME91,2,390,NA,10,alive
2,PSME,PSME91,20,NA,NA,100,dead
2,PSME,PSME91,21,NA,NA,100,dead
2,PSME,PSME91,22,NA,NA,100,dead
2,PSME,PSME91,23,NA,NA,100,dead
2,PSME,PSME91,24,NA,NA,100,dead
2,PSME,PSME91,25,NA,NA,100,dead
2,PSME,PSME91,26,NA,NA,100,dead
2,PSME,PSME91,27,NA,NA,100,dead
2,PSME,PSME91,28,NA,NA,100,dead
2,PSME,PSME91,29,NA,NA,100,dead
2,PSME,PSME91,3,371,NA,10,alive
2,PSME,PSME91,30,NA,NA,100,dead
2,PSME,PSME91,4,360,NA,10,alive
2,PSME,PSME91,5,352,NA,10,alive
2,PSME,PSME91,6,346,NA,10,alive
2,PSME,PSME91,7,344,NA,75,dead
2,PSME,PSME91,8,343,NA,90,dead
2,PSME,PSME91,9,344,NA,90,dead
2,PSME,PSME92,1,540,NA,10,alive
2,PSME,PSME92,10,NA,NA,90,dead
2,PSME,PSME92,11,NA,NA,90,dead
2,PSME,PSME92,12,NA,NA,90,dead
2,PSME,PSME92,13,NA,NA,90,dead
2,PSME,PSME92,14,NA,NA,100,dead
2,PSME,PSME92,15,NA,NA,100,dead
2,PSME,PSME92,16,NA,NA,100,dead
2,PSME,PSME92,17,NA,NA,100,dead
2,PSME,PSME92,18,NA,NA,100,dead
2,PSME,PSME92,19,NA,NA,100,dead
2,PSME,PSME92,2,475,NA,10,alive
2,PSME,PSME92,20,NA,NA,100,dead
2,PSME,PSME92,21,NA,NA,100,dead
2,PSME,PSME92,22,NA,NA,100,dead
2,PSME,PSME92,23,NA,NA,100,dead
2,PSME,PSME92,24,NA,NA,100,dead
2,PSME,PSME92,25,NA,NA,100,dead
2,PSME,PSME92,26,NA,NA,100,dead
2,PSME,PSME92,27,NA,NA,100,dead
2,PSME,PSME92,28,NA,NA,100,dead
2,PSME,PSME92,29,NA,NA,100,dead
2,PSME,PSME92,3,431,NA,10,alive
2,PSME,PSME92,30,NA,NA,100,dead
2,PSME,PSME92,4,408,NA,10,alive
2,PSME,PSME92,5,398,NA,10,alive
2,PSME,PSME92,6,385,NA,25,alive
2,PSME,PSME92,7,380,NA,75,alive
2,PSME,PSME92,8,376,NA,90,dead
2,PSME,PSME92,9,376,NA,90,dead
2,PSME,PSME93,1,594,NA,10,alive
2,PSME,PSME93,10,360,NA,90,dead
2,PSME,PSME93,11,NA,NA,90,dead
2,PSME,PSME93,12,NA,NA,90,dead
2,PSME,PSME93,13,NA,NA,90,dead
2,PSME,PSME93,14,NA,NA,90,dead
2,PSME,PSME93,15,NA,NA,90,dead
2,PSME,PSME93,16,NA,NA,90,dead
2,PSME,PSME93,17,NA,NA,90,dead
2,PSME,PSME93,18,NA,NA,90,dead
2,PSME,PSME93,19,NA,NA,90,dead
2,PSME,PSME93,2,523,NA,10,alive
2,PSME,PSME93,20,NA,NA,90,dead
2,PSME,PSME93,21,NA,NA,90,dead
2,PSME,PSME93,22,NA,NA,90,dead
2,PSME,PSME93,23,NA,NA,90,dead
2,PSME,PSME93,24,NA,NA,90,dead
2,PSME,PSME93,25,NA,NA,90,dead
2,PSME,PSME93,26,NA,NA,90,dead
2,PSME,PSME93,27,NA,NA,90,dead
2,PSME,PSME93,28,NA,NA,90,dead
2,PSME,PSME93,29,NA,NA,90,dead
2,PSME,PSME93,3,474,NA,10,alive
2,PSME,PSME93,30,NA,NA,90,dead
2,PSME,PSME93,4,424,NA,10,alive
2,PSME,PSME93,5,395,NA,10,alive
2,PSME,PSME93,6,377,NA,25,alive
2,PSME,PSME93,7,366,NA,25,alive
2,PSME,PSME93,8,361,NA,50,alive
2,PSME,PSME93,9,361,NA,75,alive
2,PSME,PSME94,1,692,NA,10,alive
2,PSME,PSME94,10,384,NA,10,alive
2,PSME,PSME94,11,379,NA,10,alive
2,PSME,PSME94,12,376,NA,10,alive
2,PSME,PSME94,13,377,NA,10,alive
2,PSME,PSME94,14,373,NA,10,alive
2,PSME,PSME94,15,369,NA,10,alive
2,PSME,PSME94,16,NA,NA,75,dead
2,PSME,PSME94,17,NA,NA,75,dead
2,PSME,PSME94,18,NA,NA,75,dead
2,PSME,PSME94,19,NA,NA,75,dead
2,PSME,PSME94,2,619,NA,10,alive
2,PSME,PSME94,20,NA,NA,75,dead
2,PSME,PSME94,21,NA,NA,75,dead
2,PSME,PSME94,22,NA,NA,75,dead
2,PSME,PSME94,23,NA,NA,75,dead
2,PSME,PSME94,24,NA,NA,75,dead
2,PSME,PSME94,25,NA,NA,75,dead
2,PSME,PSME94,26,NA,NA,75,dead
2,PSME,PSME94,27,NA,NA,75,dead
2,PSME,PSME94,28,NA,NA,75,dead
2,PSME,PSME94,29,NA,NA,75,dead
2,PSME,PSME94,3,577,NA,10,alive
2,PSME,PSME94,30,NA,NA,75,dead
2,PSME,PSME94,4,533,NA,10,alive
2,PSME,PSME94,5,488,NA,10,alive
2,PSME,PSME94,6,448,NA,10,alive
2,PSME,PSME94,7,420,NA,10,alive
2,PSME,PSME94,8,397,NA,10,alive
2,PSME,PSME94,9,390,NA,10,alive
2,PSME,PSME95,1,568,NA,10,alive
2,PSME,PSME95,10,NA,NA,90,dead
2,PSME,PSME95,11,NA,NA,90,dead
2,PSME,PSME95,12,NA,NA,90,dead
2,PSME,PSME95,13,NA,NA,90,dead
2,PSME,PSME95,14,NA,NA,100,dead
2,PSME,PSME95,15,NA,NA,100,dead
2,PSME,PSME95,16,NA,NA,100,dead
2,PSME,PSME95,17,NA,NA,100,dead
2,PSME,PSME95,18,NA,NA,100,dead
2,PSME,PSME95,19,NA,NA,100,dead
2,PSME,PSME95,2,485,NA,10,alive
2,PSME,PSME95,20,NA,NA,100,dead
2,PSME,PSME95,21,NA,NA,100,dead
2,PSME,PSME95,22,NA,NA,100,dead
2,PSME,PSME95,23,NA,NA,100,dead
2,PSME,PSME95,24,NA,NA,100,dead
2,PSME,PSME95,25,NA,NA,100,dead
2,PSME,PSME95,26,NA,NA,100,dead
2,PSME,PSME95,27,NA,NA,100,dead
2,PSME,PSME95,28,NA,NA,100,dead
2,PSME,PSME95,29,NA,NA,100,dead
2,PSME,PSME95,3,432,NA,10,alive
2,PSME,PSME95,30,NA,NA,100,dead
2,PSME,PSME95,4,397,NA,25,alive
2,PSME,PSME95,5,385,NA,50,alive
2,PSME,PSME95,6,370,NA,50,alive
2,PSME,PSME95,7,364,NA,75,alive
2,PSME,PSME95,8,360,NA,90,dead
2,PSME,PSME95,9,360,NA,90,dead
2,PSME,PSME96,1,493,NA,10,alive
2,PSME,PSME96,10,NA,NA,90,dead
2,PSME,PSME96,11,NA,NA,90,dead
2,PSME,PSME96,12,NA,NA,90,dead
2,PSME,PSME96,13,NA,NA,90,dead
2,PSME,PSME96,14,NA,NA,100,dead
2,PSME,PSME96,15,NA,NA,100,dead
2,PSME,PSME96,16,NA,NA,100,dead
2,PSME,PSME96,17,NA,NA,100,dead
2,PSME,PSME96,18,NA,NA,100,dead
2,PSME,PSME96,19,NA,NA,100,dead
2,PSME,PSME96,2,446,NA,10,alive
2,PSME,PSME96,20,NA,NA,100,dead
2,PSME,PSME96,21,NA,NA,100,dead
2,PSME,PSME96,22,NA,NA,100,dead
2,PSME,PSME96,23,NA,NA,100,dead
2,PSME,PSME96,24,NA,NA,100,dead
2,PSME,PSME96,25,NA,NA,100,dead
2,PSME,PSME96,26,NA,NA,100,dead
2,PSME,PSME96,27,NA,NA,100,dead
2,PSME,PSME96,28,NA,NA,100,dead
2,PSME,PSME96,29,NA,NA,100,dead
2,PSME,PSME96,3,423,NA,10,alive
2,PSME,PSME96,30,NA,NA,100,dead
2,PSME,PSME96,4,409,NA,25,alive
2,PSME,PSME96,5,400,NA,50,alive
2,PSME,PSME96,6,391,NA,50,alive
2,PSME,PSME96,7,386,NA,75,dead
2,PSME,PSME96,8,383,NA,90,dead
2,PSME,PSME96,9,384,NA,90,dead
2,PSME,PSME97,1,700,NA,10,alive
2,PSME,PSME97,10,415,NA,75,alive
2,PSME,PSME97,11,421,NA,75,alive
2,PSME,PSME97,12,411,NA,75,dead
2,PSME,PSME97,13,410,NA,90,dead
2,PSME,PSME97,14,NA,NA,90,dead
2,PSME,PSME97,15,NA,NA,90,dead
2,PSME,PSME97,16,NA,NA,90,dead
2,PSME,PSME97,17,NA,NA,90,dead
2,PSME,PSME97,18,NA,NA,90,dead
2,PSME,PSME97,19,NA,NA,90,dead
2,PSME,PSME97,2,647,NA,25,alive
2,PSME,PSME97,20,NA,NA,90,dead
2,PSME,PSME97,21,NA,NA,90,dead
2,PSME,PSME97,22,NA,NA,90,dead
2,PSME,PSME97,23,NA,NA,90,dead
2,PSME,PSME97,24,NA,NA,90,dead
2,PSME,PSME97,25,NA,NA,90,dead
2,PSME,PSME97,26,NA,NA,90,dead
2,PSME,PSME97,27,NA,NA,90,dead
2,PSME,PSME97,28,NA,NA,90,dead
2,PSME,PSME97,29,NA,NA,90,dead
2,PSME,PSME97,3,601,NA,25,alive
2,PSME,PSME97,30,NA,NA,90,dead
2,PSME,PSME97,4,559,NA,50,alive
2,PSME,PSME97,5,520,NA,75,alive
2,PSME,PSME97,6,477,NA,75,alive
2,PSME,PSME97,7,446,NA,75,alive
2,PSME,PSME97,8,425,NA,75,alive
2,PSME,PSME97,9,418,NA,75,alive
2,PSME,PSME98,1,486,NA,10,alive
2,PSME,PSME98,10,NA,NA,90,dead
2,PSME,PSME98,11,NA,NA,90,dead
2,PSME,PSME98,12,NA,NA,90,dead
2,PSME,PSME98,13,NA,NA,90,dead
2,PSME,PSME98,14,NA,NA,100,dead
2,PSME,PSME98,15,NA,NA,100,dead
2,PSME,PSME98,16,NA,NA,100,dead
2,PSME,PSME98,17,NA,NA,100,dead
2,PSME,PSME98,18,NA,NA,100,dead
2,PSME,PSME98,19,NA,NA,100,dead
2,PSME,PSME98,2,420,NA,10,alive
2,PSME,PSME98,20,NA,NA,100,dead
2,PSME,PSME98,21,NA,NA,100,dead
2,PSME,PSME98,22,NA,NA,100,dead
2,PSME,PSME98,23,NA,NA,100,dead
2,PSME,PSME98,24,NA,NA,100,dead
2,PSME,PSME98,25,NA,NA,100,dead
2,PSME,PSME98,26,NA,NA,100,dead
2,PSME,PSME98,27,NA,NA,100,dead
2,PSME,PSME98,28,NA,NA,100,dead
2,PSME,PSME98,29,NA,NA,100,dead
2,PSME,PSME98,3,380,NA,10,alive
2,PSME,PSME98,30,NA,NA,100,dead
2,PSME,PSME98,4,362,NA,25,alive
2,PSME,PSME98,5,352,NA,25,alive
2,PSME,PSME98,6,339,NA,25,alive
2,PSME,PSME98,7,335,NA,75,alive
2,PSME,PSME98,8,331,NA,90,dead
2,PSME,PSME98,9,331,NA,90,dead
2,PSME,PSME99,1,514,NA,10,alive
2,PSME,PSME99,10,NA,NA,75,dead
2,PSME,PSME99,11,NA,NA,75,dead
2,PSME,PSME99,12,NA,NA,75,dead
2,PSME,PSME99,13,NA,NA,75,dead
2,PSME,PSME99,14,NA,NA,75,dead
2,PSME,PSME99,15,NA,NA,75,dead
2,PSME,PSME99,16,NA,NA,75,dead
2,PSME,PSME99,17,NA,NA,75,dead
2,PSME,PSME99,18,NA,NA,75,dead
2,PSME,PSME99,19,NA,NA,75,dead
2,PSME,PSME99,2,433,NA,10,alive
2,PSME,PSME99,20,NA,NA,75,dead
2,PSME,PSME99,21,NA,NA,75,dead
2,PSME,PSME99,22,NA,NA,75,dead
2,PSME,PSME99,23,NA,NA,75,dead
2,PSME,PSME99,24,NA,NA,75,dead
2,PSME,PSME99,25,NA,NA,75,dead
2,PSME,PSME99,26,NA,NA,75,dead
2,PSME,PSME99,27,NA,NA,75,dead
2,PSME,PSME99,28,NA,NA,75,dead
2,PSME,PSME99,29,NA,NA,75,dead
2,PSME,PSME99,3,396,NA,10,alive
2,PSME,PSME99,30,NA,NA,75,dead
2,PSME,PSME99,4,379,NA,25,alive
2,PSME,PSME99,5,370,NA,25,alive
2,PSME,PSME99,6,360,NA,25,alive
2,PSME,PSME99,7,353,NA,25,alive
2,PSME,PSME99,8,350,NA,75,alive
2,PSME,PSME99,9,351,NA,75,dead
